[{"name":"Minimalist","id":"minimalist","bundles":["core","data-access","geometry","portal-access"],"variables":[]},{"name":"Aggregate Field","id":"aggregate-field","bundles":["core","geometry"],"variables":[{"name":"$feature","description":"Kümeleme detayına tek bir detay dahil. Bu, detayın tüm alan özniteliklerine erişim sağlar.","type":"feature"}]},{"name":"Alias","id":"alias","bundles":["core","geometry"],"variables":[{"name":"$value","type":"number","description":"Bir metin takma adı istenen sayısal değer."},{"name":"$feature","type":"feature","description":"Bir metin takma adı istenen detay."}]},{"name":"Attribute rule calculation","id":"attribute-rule-calculation","bundles":["core","data-access","database","geometry","portal-access","ai"],"variables":[{"name":"$feature","type":"feature","description":"Hesaplanan detay."},{"name":"$originalFeature","type":"feature","description":"Hesaplanan detayın önceki durumu."},{"name":"$featureSet","type":"featureSet","description":"İfadeyi değerlendiren $detay ile aynı tablodaki detaylar koleksiyonu."},{"name":"$datastore","type":"featureSetCollection","description":"Komut dosyasını yürüten $detay ile aynı detay servisinde veya veri tabanında bulunan bir katmanlar koleksiyonu."},{"name":"$editcontext","type":"dictionary","properties":[{"name":"editType","type":"text","description":"Düzenleme etkinliğinin EKLE, GÜNCELLE, SİL veya YOK (geçerli değil) olduğunu gösterir."}],"description":""}]},{"name":"Attribute rule constraint","id":"attribute-rule-constraint","bundles":["core","data-access","geometry","portal-access"],"variables":[{"name":"$feature","type":"feature","description":"Hesaplanan detay."},{"name":"$originalFeature","type":"feature","description":"Hesaplanan detayın önceki durumu."},{"name":"$featureSet","type":"featureSet","description":"İfadeyi değerlendiren $detay ile aynı tablodaki detaylar koleksiyonu."},{"name":"$datastore","type":"featureSetCollection","description":"Komut dosyasını yürüten $detay ile aynı detay servisinde veya veri tabanında bulunan bir katmanlar koleksiyonu."},{"name":"$editcontext","type":"dictionary","properties":[{"name":"editType","type":"text","description":"Düzenleme etkinliğinin EKLE, GÜNCELLE, SİL veya YOK (geçerli değil) olduğunu gösterir."}],"description":""}]},{"name":"Attribute rule validation","id":"attribute-rule-validation","bundles":["core","data-access","geometry","portal-access"],"variables":[{"name":"$feature","type":"feature","description":"Hesaplanan detay."},{"name":"$featureSet","type":"featureSet","description":"İfadeyi değerlendiren $detay ile aynı tablodaki detaylar koleksiyonu."},{"name":"$datastore","type":"featureSetCollection","description":"Komut dosyasını yürüten $detay ile aynı detay servisinde veya veri tabanında bulunan bir katmanlar koleksiyonu."}]},{"name":"Dashboard indicator formatting","id":"dashboard-indicator-formatting","bundles":["core"],"variables":[{"name":"$datapoint","type":"feature","description":"Görsel öge için değerlendirilen veri noktası."},{"name":"$reference","type":"dictionary","description":"Görsel öge için değerlendirilen referans değeri.","properties":[]}]},{"name":"Dashboard list formatting","id":"dashboard-list-formatting","bundles":["core"],"variables":[{"name":"$datapoint","type":"feature","description":"Görsel öge için değerlendirilen veri noktası."}]},{"name":"Dashboard table formatting","id":"dashboard-table-formatting","bundles":["core"],"variables":[{"name":"$datapoint","type":"feature","description":"Görsel öge için değerlendirilen veri noktası."},{"name":"$rowindex","type":"number","description":"Tablodaki bir satırın konumu (sıfır tabanlı)."}]},{"name":"Dashboard data","id":"dashboard-data","bundles":["core","geometry","data-access","portal-access","knowledge-graph"],"variables":[]},{"name":"Data Pipelines","id":"data-pipelines","bundles":["core"],"variables":[{"name":"$record","type":"dictionary","description":"Hesaplanmakta olan kaydın nitelik/alan değerlerine erişim sağlar.","properties":[]}]},{"name":"Dictionary renderer","id":"dictionary-renderer","bundles":["core","geometry"],"variables":[{"name":"$feature","type":"feature","description":"Haritada çizilecek detay."},{"name":"$config","type":"dictionary","description":"Yapılandırma değerleri sözlüğü.","properties":[]}]},{"name":"Experience Builder data","id":"experience-builder-data","bundles":["core","data-access","geometry","portal-access"],"variables":[]},{"name":"Experience Builder list item widget formatting","id":"experience-builder-list-item-widget-formatting","bundles":["core"],"variables":[{"name":"$feature","type":"feature","description":"Liste ögesindeki detayı temsil eder."}]},{"name":"Experience Builder widget formatting","id":"experience-builder-widget-formatting","bundles":["core","data-access"],"variables":[{"name":"$dataSources","type":"dictionary","description":"Araç tarafından kullanılan veri kaynakları. Bu, anahtar-değer çiftlerini içeren bir sözlüktür ve her anahtar bir veri kaynağı kimliğidir (örn. `dataSource_1-187acf797e1-layer-5-selection`).","properties":[]}]},{"name":"Feature Display Title","id":"feature-display-title","bundles":["core"],"variables":[{"name":"$feature","type":"feature","description":"Kullanıcı arayüzünde bir başlığın görüntüleneceği detay veya satır."}]},{"name":"Feature Z","id":"feature-z","bundles":["core","geometry"],"variables":[{"name":"$feature","type":"feature","description":"Bir Z değeri gerektiren detay."}]},{"name":"Field calculation","id":"field-calculation","bundles":["core","data-access","geometry","portal-access","knowledge-graph","ai"],"variables":[{"name":"$feature","type":"feature","description":"Hesaplanan detay."},{"name":"$datastore","type":"featureSetCollection","description":"Hesaplamayı yürüten $detay ile aynı detay servisinde veya veri tabanında bulunan bir katmanlar koleksiyonu."}]},{"name":"Field mapping","id":"field-mapping","bundles":["core","data-access","geometry","portal-access"],"variables":[{"name":"$sourceFeature","type":"feature","description":"Alan haritası için kaynak detay."},{"name":"$targetFeature","type":"feature","description":"Alan haritası için hedef detay."},{"name":"$sourceLayer","type":"featureSet","description":"$kaynak detay ile aynı katmandaki detaylar koleksiyonu."},{"name":"$targetLayer","type":"featureSet","description":"$hedef detay ile aynı katmandaki detaylar koleksiyonu."},{"name":"$map","type":"featureSetCollection","description":"Yürütülen arcade ifadesinin haritasındaki katmanların koleksiyonu."},{"name":"$sourceDatastore","type":"featureSetCollection","description":"$kaynak katman ile aynı veri deposundaki katmanlar koleksiyonu."},{"name":"$targetDatastore","type":"featureSetCollection","description":"$hedef katman ile aynı veri deposundaki katmanlar koleksiyonu."}]},{"name":"Form Attachment Filename Calculation","id":"form-attachment-filename-calculation","bundles":["core","data-access","geometry","portal-access"],"variables":[{"name":"$feature","type":"feature","description":"ı_The feature being calculated______________________________İ."},{"name":"$originalFeature","type":"feature","description":"ı_The previous state of the feature being calculated___________________________İ."},{"name":"$layer","type":"featureSet","description":"ı_A collection of features in the same layer as $feature_____________________________İ."},{"name":"$datastore","type":"featureSetCollection","description":"ı_A collection of layers in the same feature service or database as $feature_______________________________________İ."},{"name":"$featureset","type":"featureSet","description":"ı_A collection of features in the same table as $feature_____________________________İ."},{"name":"$map","type":"featureSetCollection","description":"ı_A collection of feature service layers in the same map as $feature___________________________________İ."},{"name":"$formElement","type":"dictionary","description":"ı_Information associated with the form element________________________İ.","properties":[{"name":"attachmentKeyword","type":"text","description":"ı_A text value identifying the content of the attachment. When a file is attached using the form, this property can be used in determining a new filename for the attachment_______________________________________________________________________________________İ."},{"name":"label","type":"text","description":"ı_A text value indicating what the element represents___________________________İ."},{"name":"description","type":"text","description":"ı_A text value that describes the element in detail__________________________İ."}]}]},{"name":"Form calculation","id":"form-calculation","bundles":["core","data-access","geometry","portal-access","ai"],"variables":[{"name":"$feature","type":"feature","description":"Hesaplamada kullanım için detayın özniteliklerini ortaya çıkarır"},{"name":"$originalFeature","type":"feature","description":"Hesaplanan detayın önceki durumu."},{"name":"$layer","type":"featureSet","description":"$detay ile aynı katmandaki detaylar koleksiyonu."},{"name":"$datastore","type":"featureSetCollection","description":"$detay ile aynı detay servisinde veya veri tabanında bulunan bir katmanlar koleksiyonu."},{"name":"$featureset","type":"featureSet","description":"$detay ile aynı tablodaki detaylar koleksiyonu."},{"name":"$map","type":"featureSetCollection","description":"$detay ile aynı haritada bulunan bir detay servisi hizmeti katmanları koleksiyonu."},{"name":"$editcontext","type":"dictionary","properties":[{"name":"editType","type":"text","description":"Düzenleme etkinliğinin EKLE, GÜNCELLE, SİL veya YOK (geçerli değil) olduğunu gösterir."}],"description":""}]},{"name":"Form Constraint","id":"form-constraint","bundles":["core","geometry","data-access","portal-access"],"variables":[{"name":"$feature","type":"feature","description":"Kısıtlama için değerlendirilen detay."},{"name":"$originalFeature","type":"feature","description":"Detayın önceki durumu."},{"name":"$layer","type":"featureSet","description":"$detay ile aynı katmandaki detaylar koleksiyonu."},{"name":"$datastore","type":"featureSetCollection","description":"$detay ile aynı detay servisinde veya veri tabanında bulunan bir katmanlar koleksiyonu."},{"name":"$featureset","type":"featureSet","description":"$detay ile aynı tablodaki detaylar koleksiyonu."},{"name":"$map","type":"featureSetCollection","description":"$detay ile aynı haritada bulunan bir detay servisi hizmeti katmanları koleksiyonu."},{"name":"$editcontext","type":"dictionary","properties":[{"name":"editType","type":"text","description":"Düzenleme etkinliğinin EKLE, GÜNCELLE, SİL veya YOK (geçerli değil) olduğunu gösterir."}],"description":""}]},{"name":"Geoanalytics","id":"geoanalytics","bundles":["core","geometry","track"],"variables":[{"name":"$feature","type":"feature","description":"Hesaplanan detay."}]},{"name":"Geotrigger notification","id":"geotrigger-notification","bundles":["core","geometry","data-access"],"variables":[{"name":"$feedFeature","type":"feature","description":"Coğrafi tetikleyicinin etkinleştirilmesine neden olan girdi detayı (örn. bir cihaz konumu veya bir detay). Bu detay bir geometri (genelde bir nokta) ve aşağıdaki özelliklere sahip sabit bir şema içermelidir: \"course\" (saat yönünde dereceler cinsinden konumun güzergahı; 0 gerçek kuzeyi temsil eder) ve \"horizontalaccuracy\" (konumun metre cinsinden yatay doğruluğu)."},{"name":"$fenceFeature","type":"feature","description":"Girilen veya çıkılan ve Coğrafi Tetikleyici'nin etkinleştirilmesine neden olan sınır detayı (ör. bir ilgi alanı)."},{"name":"$fenceLayer","type":"featureSet","description":"$fenceFeature detay ile aynı katmandaki detaylar koleksiyonu."},{"name":"$fenceNotificationType","type":"text","description":"Meydana gelen (\"girilen\" veya \"çıkılan\") etkinliğin açıklaması."}]},{"name":"Imagery popup","id":"popup-imagery","bundles":["core","geometry"],"variables":[{"name":"$pixel","type":"pixel","description":"ı_The pixel value and other pixel-dependent information (e.g. classification category), including virtual raster fields, for the imagery layer currently displayed in the view________________________________________________________________________________________İ."},{"name":"$imageCollectionItem","type":"feature","description":"ı_The metadata of the selected image collection item containing the pixel represented by `$pixel`. This value will be `null` if there is no associated image collection____________________________________________________________________________________İ."},{"name":"$view","type":"dictionary","description":"ı_Properties available from the view___________________İ.","properties":[{"name":"scale","type":"number","description":"ı_Returns the scale of the map at the time the expression evaluates__________________________________İ."},{"name":"timeProperties","type":"dictionary","properties":[{"name":"currentStart","type":"date","description":"ı_The start time of the map's time extent as indicated by a time slider component at the time the expression evaluates. This value dynamically updates (and may trigger the re-execution of the Arcade expression) when a time slider is used to update time-aware popups based on date field. A `null` value indicates the start time is inclusive since the beginning of time________________________________________________________________________________________________________________________________________________________________________________________İ."},{"name":"currentEnd","type":"date","description":"ı_The end time of the map's time extent as indicated by a time slider component at the time the expression evaluates. This value dynamically updates (and may trigger the re-execution of the Arcade expression) when a time slider is used to update time-aware popups based on date field. A `null` value indicates the end time is indefinite with no end_______________________________________________________________________________________________________________________________________________________________________________İ."},{"name":"startIncluded","type":"boolean","description":"ı_Indicates if the `currentStart` date is included in the map's current time extent__________________________________________İ."},{"name":"endIncluded","type":"boolean","description":"ı_Indicates if the `currentEnd` date is included in the map's current time extent_________________________________________İ."}],"description":""}]},{"name":"$userInput","description":"ı_A geometry representing a user's input for a popup. Typically, this represents a location where the user clicked or tapped in a map to launch a popup. There may be cases where this value is a Point, an Extent, or `null` as popups are not always opened from map interaction. Therefore, it is advised to check the geometry type of this value before it is used____________________________________________________________________________________________________________________________________________________________________________________İ.","type":"geometry"}]},{"name":"Imagery popup element","id":"popup-element-imagery","bundles":["core","geometry"],"variables":[{"name":"$pixel","type":"pixel","description":"ı_The pixel value and other pixel-dependent information (e.g. classification category), including virtual raster fields, for the imagery layer currently displayed in the view________________________________________________________________________________________İ."},{"name":"$imageCollectionItem","type":"feature","description":"ı_The metadata of the selected image collection item containing the pixel represented by `$pixel`. This value will be `null` if there is no associated image collection____________________________________________________________________________________İ."},{"name":"$view","type":"dictionary","description":"ı_Properties available from the view___________________İ.","properties":[{"name":"scale","type":"number","description":"ı_Returns the scale of the map at the time the expression evaluates__________________________________İ."},{"name":"timeProperties","type":"dictionary","properties":[{"name":"currentStart","type":"date","description":"ı_The start time of the map's time extent as indicated by a time slider component at the time the expression evaluates. This value dynamically updates (and may trigger the re-execution of the Arcade expression) when a time slider is used to update time-aware popups based on date field. A `null` value indicates the start time is inclusive since the beginning of time________________________________________________________________________________________________________________________________________________________________________________________İ."},{"name":"currentEnd","type":"date","description":"ı_The end time of the map's time extent as indicated by a time slider component at the time the expression evaluates. This value dynamically updates (and may trigger the re-execution of the Arcade expression) when a time slider is used to update time-aware popups based on date field. A `null` value indicates the end time is indefinite with no end_______________________________________________________________________________________________________________________________________________________________________________İ."},{"name":"startIncluded","type":"boolean","description":"ı_Indicates if the `currentStart` date is included in the map's current time extent__________________________________________İ."},{"name":"endIncluded","type":"boolean","description":"ı_Indicates if the `currentEnd` date is included in the map's current time extent_________________________________________İ."}],"description":""}]},{"name":"$userInput","description":"ı_A geometry representing a user's input for a popup. Typically, this represents a location where the user clicked or tapped in a map to launch a popup. There may be cases where this value is a Point, an Extent, or `null` as popups are not always opened from map interaction. Therefore, it is advised to check the geometry type of this value before it is used____________________________________________________________________________________________________________________________________________________________________________________İ.","type":"geometry"}]},{"name":"Labeling","id":"labeling","bundles":["core","geometry"],"variables":[{"name":"$feature","type":"feature","description":"Etiketi haritada çizilecek detay."},{"name":"$view","type":"dictionary","description":"Görünümden kullanılabilen özellikler.","properties":[{"name":"scale","type":"number","description":"İfadenin değerlendirdiği andaki haritanın ölçeğini döndürür."},{"name":"timeProperties","type":"dictionary","properties":[{"name":"currentStart","type":"date","description":"İfadenin değerlendirme yaptığı zamanda zaman kaydırıcı bileşeni tarafından gösterilen şekilde harita zaman kapsamının başlangıç zamanı. Bu değer tarih alanına göre zamana duyarlı etiketleri güncellemek için zaman kaydırıcı kullanıldığında otomatik olarak güncellenir (ve Arcade ifadesinin tekrar yürütülmesini tetikleyebilir). Sıfır değeri başlangıç zamanının başlangıçtan bu yana dahil olduğunu gösterir."},{"name":"currentEnd","type":"date","description":"İfadenin değerlendirme yaptığı zamanda zaman kaydırıcı bileşeni tarafından gösterilen şekilde harita zaman kapsamının bitiş zamanı. Bu değer tarih alanına göre zamana duyarlı etiketleri güncellemek için zaman kaydırıcı kullanıldığında otomatik olarak güncellenir (ve Arcade ifadesinin tekrar yürütülmesini tetikleyebilir). Sıfır değeri bitiş zamanının sonsuz olduğunu gösterir."},{"name":"startIncluded","type":"boolean","description":"`currentStart` tarihinin harita geçerli zaman kapsamına dahil olup olmadığını gösterir."},{"name":"endIncluded","type":"boolean","description":"`currentEnd` tarihinin harita geçerli zaman kapsamına dahil olup olmadığını gösterir."}],"description":""}]}]},{"name":"Layout","id":"layout","bundles":["core","geometry"],"variables":[{"name":"$feature","type":"feature","description":"Değerleri çıktı düzeninde görüntülenebilecek olan detay."}]},{"name":"Location update constraint","id":"location-update-constraint","bundles":["core","geometry"],"variables":[{"name":"$locationupdate","type":"dictionary","description":"Kısıtlama için değerlendirilmekte olan konum güncelleme (örn. GPS'den) detayı.","properties":[{"name":"course","type":"number","description":"Saat yönünde derece olarak konumun seyri; 0 gerçek Kuzey'dir."},{"name":"horizontalaccuracy","type":"number","description":"Metre cinsinden konumun yatay doğruluğu."},{"name":"verticalaccuracy","type":"number","description":"Metre cinsinden konumun dikey doğruluğu."},{"name":"velocity","type":"number","description":"Saniye başına metre cinsinden konumun hızı."}]}]},{"name":"Model Builder","id":"model-builder","bundles":["core","geometry","data-access","portal-access"],"variables":[{"name":"$variables","type":"dictionary","description":"Değişken adlarını ve değerlerini içeren bir sözlük.","properties":[]}]},{"name":"Measure visualization","id":"measure-visualization","bundles":["core","geometry"],"variables":[{"name":"$measure","type":"number","description":"İşaretçinin konumu için enterpole M değeri."},{"name":"$feature","type":"feature","description":"Haritada çizilecek detay."},{"name":"$view","type":"dictionary","properties":[{"name":"scale","type":"number","description":"İfadenin değerlendirdiği andaki haritanın ölçeğini döndürür."}],"description":""}]},{"name":"Popup","id":"popup","bundles":["core","data-access","geometry","portal-access","knowledge-graph"],"variables":[{"name":"$feature","type":"feature","description":"Açılır penceresi görünümde görüntülenecek detayın özniteliklerine ve geometrisine erişim olanağı sağlar."},{"name":"$layer","description":"Görünümde açılır penceresi görüntülenen $detay ile aynı katmandaki detaylar koleksiyonu.","type":"featureSet"},{"name":"$map","description":"Görünümde açılır penceresi görüntülenen $detay ile aynı haritadaki katmanlar koleksiyonu. Açılır pencerenin bir haritayla ilişkili olmadığı durumlarda bu değer 'null' olabilir.","type":"featureSetCollection"},{"name":"$datastore","description":"Açılır penceresi görünümde görüntülenen $detay ile aynı detay servisindeki veya veri tabanındaki katmanlar koleksiyonu.","type":"featureSetCollection"},{"name":"$userInput","description":"Bir açılır pencere için kullanıcının girdisini temsil eden bir geometri. Tipik olarak bu, kullanıcının bir açılır pencereyi başlatmak için bir haritaya tıkladığı veya dokunduğu bir konumu temsil eder. Açılır pencereler her zaman harita etkileşiminden açılmadığından bu değerin bir Nokta, Yayılım veya 'null' olduğu durumlar olabilir. Bu nedenle kullanılmadan önce bu değerin geometri tipinin kontrol edilmesi tavsiye edilir.","type":"geometry"},{"name":"$graph","description":"Detayla ilişkili bir bilgi grafiği. Bilgi grafiği yoksa değer 'null' olacaktır.","type":"knowledgeGraph"},{"name":"$view","type":"dictionary","description":"Görünümden kullanılabilen özellikler.","properties":[{"name":"scale","type":"number","description":"İfadenin değerlendirdiği andaki haritanın ölçeğini döndürür."},{"name":"timeProperties","type":"dictionary","properties":[{"name":"currentStart","type":"date","description":"İfadenin değerlendirme yaptığı zamanda zaman kaydırıcı bileşeni tarafından gösterilen şekilde harita zaman kapsamının başlangıç zamanı. Bu değer tarih alanına göre zamana duyarlı açılır pencereleri güncellemek için zaman kaydırıcı kullanıldığında otomatik olarak güncellenir (ve Arcade ifadesinin tekrar yürütülmesini tetikleyebilir). Sıfır değeri başlangıç zamanının başlangıçtan bu yana dahil olduğunu gösterir."},{"name":"currentEnd","type":"date","description":"İfadenin değerlendirme yaptığı zamanda zaman kaydırıcı bileşeni tarafından gösterilen şekilde harita zaman kapsamının bitiş zamanı. Bu değer tarih alanına göre zamana duyarlı açılır pencereleri güncellemek için zaman kaydırıcı kullanıldığında otomatik olarak güncellenir (ve Arcade ifadesinin tekrar yürütülmesini tetikleyebilir). Sıfır değeri bitiş zamanının sonsuz olduğunu gösterir."},{"name":"startIncluded","type":"boolean","description":"`currentStart` tarihinin harita geçerli zaman kapsamına dahil olup olmadığını gösterir."},{"name":"endIncluded","type":"boolean","description":"`currentEnd` tarihinin harita geçerli zaman kapsamına dahil olup olmadığını gösterir."}],"description":""}]}]},{"name":"Popup element","id":"popup-element","bundles":["core","data-access","geometry","portal-access","knowledge-graph"],"variables":[{"name":"$feature","type":"feature","description":"Açılır penceresi görünümde görüntülenecek detayın özniteliklerine ve geometrisine erişim olanağı sağlar."},{"name":"$layer","description":"Görünümde açılır penceresi görüntülenen $detay ile aynı katmandaki detaylar koleksiyonu.","type":"featureSet"},{"name":"$map","description":"Görünümde açılır penceresi görüntülenen $detay ile aynı haritadaki katmanlar koleksiyonu. Açılır pencerenin bir haritayla ilişkili olmadığı durumlarda bu değer 'null' olabilir.","type":"featureSetCollection"},{"name":"$datastore","description":"Açılır penceresi görünümde görüntülenen $detay ile aynı detay servisindeki veya veri tabanındaki katmanlar koleksiyonu.","type":"featureSetCollection"},{"name":"$userInput","description":"Bir açılır pencere için kullanıcının girdisini temsil eden bir geometri. Tipik olarak bu, kullanıcının bir açılır pencereyi başlatmak için bir haritaya tıkladığı veya dokunduğu bir konumu temsil eder. Açılır pencereler her zaman harita etkileşiminden açılmadığından bu değerin bir Nokta, Yayılım veya 'null' olduğu durumlar olabilir. Bu nedenle kullanılmadan önce bu değerin geometri tipinin kontrol edilmesi tavsiye edilir.","type":"geometry"},{"name":"$graph","description":"Detayla ilişkili bir bilgi grafiği. Bilgi grafiği yoksa değer 'null' olacaktır.","type":"knowledgeGraph"},{"name":"$view","type":"dictionary","description":"Görünümden kullanılabilen özellikler.","properties":[{"name":"scale","type":"number","description":"İfadenin değerlendirdiği andaki haritanın ölçeğini döndürür."},{"name":"timeProperties","type":"dictionary","properties":[{"name":"currentStart","type":"date","description":"İfadenin değerlendirme yaptığı zamanda zaman kaydırıcı bileşeni tarafından gösterilen şekilde harita zaman kapsamının başlangıç zamanı. Bu değer tarih alanına göre zamana duyarlı açılır pencereleri güncellemek için zaman kaydırıcı kullanıldığında otomatik olarak güncellenir (ve Arcade ifadesinin tekrar yürütülmesini tetikleyebilir). Sıfır değeri başlangıç zamanının başlangıçtan bu yana dahil olduğunu gösterir."},{"name":"currentEnd","type":"date","description":"İfadenin değerlendirme yaptığı zamanda zaman kaydırıcı bileşeni tarafından gösterilen şekilde harita zaman kapsamının bitiş zamanı. Bu değer tarih alanına göre zamana duyarlı açılır pencereleri güncellemek için zaman kaydırıcı kullanıldığında otomatik olarak güncellenir (ve Arcade ifadesinin tekrar yürütülmesini tetikleyebilir). Sıfır değeri bitiş zamanının sonsuz olduğunu gösterir."},{"name":"startIncluded","type":"boolean","description":"`currentStart` tarihinin harita geçerli zaman kapsamına dahil olup olmadığını gösterir."},{"name":"endIncluded","type":"boolean","description":"`currentEnd` tarihinin harita geçerli zaman kapsamına dahil olup olmadığını gösterir."}],"description":""}]}]},{"name":"Popup feature reduction","id":"popup-feature-reduction","bundles":["core","data-access","geometry","portal-access"],"variables":[{"name":"$feature","type":"feature","description":"Kümeleme veya kutulama açılır pencerelerinde tanımlanan kümeleme alanlarına erişim olanağı sağlar."},{"name":"$aggregatedFeatures","description":"Küme veya kutu tarafından temsil edilen tüm detayları içeren bir Detay Kümesi.","type":"featureSet"},{"name":"$view","type":"dictionary","description":"Görünümden kullanılabilen özellikler.","properties":[{"name":"scale","type":"number","description":"İfadenin değerlendirdiği andaki haritanın ölçeğini döndürür."},{"name":"timeProperties","type":"dictionary","properties":[{"name":"currentStart","type":"date","description":"İfadenin değerlendirme yaptığı zamanda zaman kaydırıcı bileşeni tarafından gösterilen şekilde harita zaman kapsamının başlangıç zamanı. Bu değer tarih alanına göre zamana duyarlı açılır pencereleri güncellemek için zaman kaydırıcı kullanıldığında otomatik olarak güncellenir (ve Arcade ifadesinin tekrar yürütülmesini tetikleyebilir). Sıfır değeri başlangıç zamanının başlangıçtan bu yana dahil olduğunu gösterir."},{"name":"currentEnd","type":"date","description":"İfadenin değerlendirme yaptığı zamanda zaman kaydırıcı bileşeni tarafından gösterilen şekilde harita zaman kapsamının bitiş zamanı. Bu değer tarih alanına göre zamana duyarlı açılır pencereleri güncellemek için zaman kaydırıcı kullanıldığında otomatik olarak güncellenir (ve Arcade ifadesinin tekrar yürütülmesini tetikleyebilir). Sıfır değeri bitiş zamanının sonsuz olduğunu gösterir."},{"name":"startIncluded","type":"boolean","description":"`currentStart` tarihinin harita geçerli zaman kapsamına dahil olup olmadığını gösterir."},{"name":"endIncluded","type":"boolean","description":"`currentEnd` tarihinin harita geçerli zaman kapsamına dahil olup olmadığını gösterir."}],"description":""}]}]},{"name":"Popup element feature reduction","id":"popup-element-feature-reduction","bundles":["core","data-access","geometry","portal-access"],"variables":[{"name":"$feature","type":"feature","description":"Kümeleme veya kutulama açılır pencerelerinde tanımlanan kümeleme alanlarına erişim olanağı sağlar."},{"name":"$aggregatedFeatures","description":"Küme veya kutu tarafından temsil edilen tüm detayları içeren bir FeatureSet.","type":"featureSet"},{"name":"$view","type":"dictionary","description":"Görünümden kullanılabilen özellikler.","properties":[{"name":"scale","type":"number","description":"İfadenin değerlendirdiği andaki haritanın ölçeğini döndürür."},{"name":"timeProperties","type":"dictionary","properties":[{"name":"currentStart","type":"date","description":"İfadenin değerlendirme yaptığı zamanda zaman kaydırıcı bileşeni tarafından gösterilen şekilde harita zaman kapsamının başlangıç zamanı. Bu değer tarih alanına göre zamana duyarlı açılır pencereleri güncellemek için zaman kaydırıcı kullanıldığında otomatik olarak güncellenir (ve Arcade ifadesinin tekrar yürütülmesini tetikleyebilir). Sıfır değeri başlangıç zamanının başlangıçtan bu yana dahil olduğunu gösterir."},{"name":"currentEnd","type":"date","description":"İfadenin değerlendirme yaptığı zamanda zaman kaydırıcı bileşeni tarafından gösterilen şekilde harita zaman kapsamının bitiş zamanı. Bu değer tarih alanına göre zamana duyarlı açılır pencereleri güncellemek için zaman kaydırıcı kullanıldığında otomatik olarak güncellenir (ve Arcade ifadesinin tekrar yürütülmesini tetikleyebilir). Sıfır değeri bitiş zamanının sonsuz olduğunu gösterir."},{"name":"startIncluded","type":"boolean","description":"`currentStart` tarihinin harita geçerli zaman kapsamına dahil olup olmadığını gösterir."},{"name":"endIncluded","type":"boolean","description":"`currentEnd` tarihinin harita geçerli zaman kapsamına dahil olup olmadığını gösterir."}],"description":""}]}]},{"name":"Quick Capture","id":"quick-capture","bundles":["core","data-access","geometry","portal-access"],"variables":[{"name":"$feature","type":"feature","description":"Hesaplamada kullanım için detayın özniteliklerini ortaya çıkarır."},{"name":"$layer","type":"featureSet","description":"$detay ile aynı katmandaki detaylar koleksiyonu."},{"name":"$datastore","type":"featureSetCollection","description":"$detay ile aynı detay servisinde veya veri tabanında bulunan bir katmanlar koleksiyonu."},{"name":"$map","type":"featureSetCollection","description":"QuickCapture projesi tarafından kullanılan haritadaki bir detay servisi katmanları koleksiyonu. Bu değişken 'null' olabilir."}]},{"name":"Tasks","id":"tasks","bundles":["core","data-access","geometry","portal-access"],"variables":[{"name":"$feature","description":"Görev tarafından değerlendirilen detay.","type":"feature"},{"name":"$datastore","description":"Görev tarafından değerlendirilen $detay ile aynı detay servisinde veya veri tabanında bulunan bir katmanlar koleksiyonu.","type":"featureSetCollection"}]},{"name":"Velocity","id":"velocity","bundles":["core","geometry","track"],"variables":[{"name":"$feature","type":"feature","description":"Tek girdili analitik araçlarda, hesaplanan, değerlendirilen veya üzerinde işlem yapılan detay."},{"name":"$target","type":"feature","description":"İki girdili analitik araçlarda, filtreleme veya zenginleştirme için değerlendirilen detay."},{"name":"$join","type":"feature","description":"İki girdili analitik araçlarda, hedef detayın değerlendirilmesi veya zenginleştirilmesi için değerler sağlayan detay."},{"name":"$analytic","type":"dictionary","description":"Başlangıç zamanı, son bitiş zamanı vb. gibi analitikle ilişkili zaman değerleri.","properties":[]}]},{"name":"Visualization","id":"visualization","bundles":["core","geometry"],"variables":[{"name":"$feature","description":"Haritada çizilecek detay.","type":"feature"},{"name":"$view","type":"dictionary","description":"Görünümden kullanılabilen özellikler.","properties":[{"name":"scale","type":"number","description":"İfadenin değerlendirdiği andaki haritanın ölçeğini döndürür."},{"name":"timeProperties","type":"dictionary","properties":[{"name":"currentStart","type":"date","description":"İfadenin değerlendirme yaptığı zamanda zaman kaydırıcı bileşeni tarafından gösterilen şekilde harita zaman kapsamının başlangıç zamanı. Bu değer tarih alanına göre zamana duyarlı görselleştirmeleri güncellemek için zaman kaydırıcı kullanıldığında otomatik olarak güncellenir (ve Arcade ifadesinin tekrar yürütülmesini tetikleyebilir). Sıfır değeri başlangıç zamanının başlangıçtan bu yana dahil olduğunu gösterir."},{"name":"currentEnd","type":"date","description":"İfadenin değerlendirme yaptığı zamanda zaman kaydırıcı bileşeni tarafından gösterilen şekilde harita zaman kapsamının bitiş zamanı. Bu değer tarih alanına göre zamana duyarlı görselleştirmeleri güncellemek için zaman kaydırıcı kullanıldığında otomatik olarak güncellenir (ve Arcade ifadesinin tekrar yürütülmesini tetikleyebilir). Sıfır değeri bitiş zamanının sonsuz olduğunu gösterir."},{"name":"startIncluded","type":"boolean","description":"`currentStart` tarihinin harita geçerli zaman kapsamına dahil olup olmadığını gösterir."},{"name":"endIncluded","type":"boolean","description":"`currentEnd` tarihinin harita geçerli zaman kapsamına dahil olup olmadığını gösterir."}],"description":""}]}]},{"name":"Voxel popup","id":"popup-voxel","bundles":["core"],"variables":[{"name":"$voxel","type":"voxel","description":"Sahnede açılır penceresi görüntülenecek olan vokselin niteliklerine erişim sağlar."}]},{"name":"Voxel popup element","id":"popup-element-voxel","bundles":["core"],"variables":[{"name":"$voxel","type":"voxel","description":"Sahnede açılır penceresi görüntülenecek olan vokselin niteliklerine erişim sağlar."}]}]