[{"name":"Minimalist","id":"minimalist","bundles":["core","data-access","geometry","portal-access"],"variables":[]},{"name":"Aggregate Field","id":"aggregate-field","bundles":["core","geometry"],"variables":[{"name":"$feature","description":"Posamezni geoobjekt, vključen v agregacijski geoobjekt. To zagotavlja dostop do vseh atributov polja geoobjekta.","type":"feature"}]},{"name":"Alias","id":"alias","bundles":["core","geometry"],"variables":[{"name":"$value","type":"number","description":"Številska vrednost, za katero je želen besedilni vzdevek."},{"name":"$feature","type":"feature","description":"Geoobjekt, za katerega je želen besedilni vzdevek."}]},{"name":"Attribute rule calculation","id":"attribute-rule-calculation","bundles":["core","data-access","database","geometry","portal-access","ai"],"variables":[{"name":"$feature","type":"feature","description":"Geoobjekt se izračunava."},{"name":"$originalFeature","type":"feature","description":"Prejšnje stanje geoobjekta se izračunava."},{"name":"$featureSet","type":"featureSet","description":"Zbirka geoobjektov v isti tabeli kot $feature, ki ocenjuje izraz."},{"name":"$datastore","type":"featureSetCollection","description":"Zbirka slojev v isti geoobjektni storitvi ali bazi podatkov kot $feature, ki izvaja skript."},{"name":"$editcontext","type":"dictionary","properties":[{"name":"editType","type":"text","description":"Označuje, ali je dogodek urejanja VSTAVI, POSODOBI, IZBRIŠI ali NA (ni na voljo)."}],"description":""}]},{"name":"Attribute rule constraint","id":"attribute-rule-constraint","bundles":["core","data-access","geometry","portal-access"],"variables":[{"name":"$feature","type":"feature","description":"Geoobjekt se izračunava."},{"name":"$originalFeature","type":"feature","description":"Prejšnje stanje geoobjekta se izračunava."},{"name":"$featureSet","type":"featureSet","description":"Zbirka geoobjektov v isti tabeli kot $feature, ki ocenjuje izraz."},{"name":"$datastore","type":"featureSetCollection","description":"Zbirka slojev v isti geoobjektni storitvi ali bazi podatkov kot $feature, ki izvaja skript."},{"name":"$editcontext","type":"dictionary","properties":[{"name":"editType","type":"text","description":"Označuje, ali je dogodek urejanja VSTAVI, POSODOBI, IZBRIŠI ali NA (ni na voljo)."}],"description":""}]},{"name":"Attribute rule validation","id":"attribute-rule-validation","bundles":["core","data-access","geometry","portal-access"],"variables":[{"name":"$feature","type":"feature","description":"Geoobjekt se izračunava."},{"name":"$featureSet","type":"featureSet","description":"Zbirka geoobjektov v isti tabeli kot $feature, ki ocenjuje izraz."},{"name":"$datastore","type":"featureSetCollection","description":"Zbirka slojev v isti geoobjektni storitvi ali bazi podatkov kot $feature, ki izvaja skript."}]},{"name":"Dashboard indicator formatting","id":"dashboard-indicator-formatting","bundles":["core"],"variables":[{"name":"$datapoint","type":"feature","description":"Podatkovna točka se ocenjuje za vizualni element."},{"name":"$reference","type":"dictionary","description":"Referenčna vrednost se ocenjuje za vizualni element.","properties":[]}]},{"name":"Dashboard list formatting","id":"dashboard-list-formatting","bundles":["core"],"variables":[{"name":"$datapoint","type":"feature","description":"Podatkovna točka se ocenjuje za vizualni element."}]},{"name":"Dashboard table formatting","id":"dashboard-table-formatting","bundles":["core"],"variables":[{"name":"$datapoint","type":"feature","description":"Podatkovna točka se ocenjuje za vizualni element."},{"name":"$rowindex","type":"number","description":"Položaj vrstice v tabeli (glede na nulo)."}]},{"name":"Dashboard data","id":"dashboard-data","bundles":["core","geometry","data-access","portal-access","knowledge-graph"],"variables":[]},{"name":"Data Pipelines","id":"data-pipelines","bundles":["core"],"variables":[{"name":"$record","type":"dictionary","description":"Omogoča dostop do vrednosti atributa/polja izračunanega zapisa.","properties":[]}]},{"name":"Dictionary renderer","id":"dictionary-renderer","bundles":["core","geometry"],"variables":[{"name":"$feature","type":"feature","description":"Geoobjekt, ki bo narisan na karti."},{"name":"$config","type":"dictionary","description":"Slovar konfiguracijskih vrednosti.","properties":[]}]},{"name":"Experience Builder data","id":"experience-builder-data","bundles":["core","data-access","geometry","portal-access"],"variables":[]},{"name":"Experience Builder list item widget formatting","id":"experience-builder-list-item-widget-formatting","bundles":["core"],"variables":[{"name":"$feature","type":"feature","description":"Predstavlja geoobjekt v elementu seznama."}]},{"name":"Experience Builder widget formatting","id":"experience-builder-widget-formatting","bundles":["core","data-access"],"variables":[{"name":"$dataSources","type":"dictionary","description":"Viri podatkov, ki jih uporablja pripomoček. To je slovar, ki vsebuje pare ključ-vrednost, kjer je vsak ključ ID vira podatkov (npr. »dataSource_1-187acf797e1-layer-5-selection«).","properties":[]}]},{"name":"Feature Display Title","id":"feature-display-title","bundles":["core"],"variables":[{"name":"$feature","type":"feature","description":"Geoobjekt ali vrstica, za katero želite prikazati naslov v uporabniškem vmesniku."}]},{"name":"Feature Z","id":"feature-z","bundles":["core","geometry"],"variables":[{"name":"$feature","type":"feature","description":"Geoobjekt, ki zahteva vrednost Z."}]},{"name":"Field calculation","id":"field-calculation","bundles":["core","data-access","geometry","portal-access","knowledge-graph","ai"],"variables":[{"name":"$feature","type":"feature","description":"Geoobjekt se izračunava."},{"name":"$datastore","type":"featureSetCollection","description":"Zbirka slojev v isti geoobjektni storitvi ali bazi podatkov kot $feature, ki izvaja izračun."}]},{"name":"Field mapping","id":"field-mapping","bundles":["core","data-access","geometry","portal-access"],"variables":[{"name":"$sourceFeature","type":"feature","description":"Izvorni geoobjekt za kartno polje."},{"name":"$targetFeature","type":"feature","description":"Ciljni geoobjekt za kartno polje."},{"name":"$sourceLayer","type":"featureSet","description":"Zbirka geoobjektov v istem sloju kot $sourcefeature."},{"name":"$targetLayer","type":"featureSet","description":"Zbirka geoobjektov v istem sloju kot $targetfeature."},{"name":"$map","type":"featureSetCollection","description":"Zbirka slojev na karti izvajanja arkadnega izraza."},{"name":"$sourceDatastore","type":"featureSetCollection","description":"Zbirka slojev v isti shrambi podatkov kot $sourcelayer."},{"name":"$targetDatastore","type":"featureSetCollection","description":"Zbirka slojev v isti shrambi podatkov kot $targetlayer."}]},{"name":"Form Attachment Filename Calculation","id":"form-attachment-filename-calculation","bundles":["core","data-access","geometry","portal-access"],"variables":[{"name":"$feature","type":"feature","description":"Š_The feature being calculated______________________________č."},{"name":"$originalFeature","type":"feature","description":"Š_The previous state of the feature being calculated___________________________č."},{"name":"$layer","type":"featureSet","description":"Š_A collection of features in the same layer as $feature_____________________________č."},{"name":"$datastore","type":"featureSetCollection","description":"Š_A collection of layers in the same feature service or database as $feature_______________________________________č."},{"name":"$featureset","type":"featureSet","description":"Š_A collection of features in the same table as $feature_____________________________č."},{"name":"$map","type":"featureSetCollection","description":"Š_A collection of feature service layers in the same map as $feature___________________________________č."},{"name":"$formElement","type":"dictionary","description":"Š_Information associated with the form element________________________č.","properties":[{"name":"attachmentKeyword","type":"text","description":"Š_A text value identifying the content of the attachment. When a file is attached using the form, this property can be used in determining a new filename for the attachment_______________________________________________________________________________________č."},{"name":"label","type":"text","description":"Š_A text value indicating what the element represents___________________________č."},{"name":"description","type":"text","description":"Š_A text value that describes the element in detail__________________________č."}]}]},{"name":"Form calculation","id":"form-calculation","bundles":["core","data-access","geometry","portal-access","ai"],"variables":[{"name":"$feature","type":"feature","description":"Izpostavi atribute geoobjekta za uporabo pri izračunu"},{"name":"$originalFeature","type":"feature","description":"Prejšnje stanje geoobjekta se izračunava."},{"name":"$layer","type":"featureSet","description":"Zbirka geoobjektov v istem sloju kot $feature."},{"name":"$datastore","type":"featureSetCollection","description":"Zbirka slojev v isti geoobjektni storitvi ali bazi podatkov kot $feature."},{"name":"$featureset","type":"featureSet","description":"Zbirka geoobjektov v isti tabeli kot $feature."},{"name":"$map","type":"featureSetCollection","description":"Zbirka slojev geoobjektnih storitev na enaki karti kot $feature."},{"name":"$editcontext","type":"dictionary","properties":[{"name":"editType","type":"text","description":"Označuje, ali je dogodek urejanja VSTAVI, POSODOBI, IZBRIŠI ali NA (ni na voljo)."}],"description":""}]},{"name":"Form Constraint","id":"form-constraint","bundles":["core","geometry","data-access","portal-access"],"variables":[{"name":"$feature","type":"feature","description":"Geoobjekt se ocenjuje za omejitev."},{"name":"$originalFeature","type":"feature","description":"Prejšnje stanje geoobjekta."},{"name":"$layer","type":"featureSet","description":"Zbirka geoobjektov v istem sloju kot $feature."},{"name":"$datastore","type":"featureSetCollection","description":"Zbirka slojev v isti geoobjektni storitvi ali bazi podatkov kot $feature."},{"name":"$featureset","type":"featureSet","description":"Zbirka geoobjektov v isti tabeli kot $feature."},{"name":"$map","type":"featureSetCollection","description":"Zbirka slojev geoobjektnih storitev na enaki karti kot $feature."},{"name":"$editcontext","type":"dictionary","properties":[{"name":"editType","type":"text","description":"Označuje, ali je dogodek urejanja VSTAVI, POSODOBI, IZBRIŠI ali NA (ni na voljo)."}],"description":""}]},{"name":"Geoanalytics","id":"geoanalytics","bundles":["core","geometry","track"],"variables":[{"name":"$feature","type":"feature","description":"Geoobjekt se izračunava."}]},{"name":"Geotrigger notification","id":"geotrigger-notification","bundles":["core","geometry","data-access"],"variables":[{"name":"$feedFeature","type":"feature","description":"Vhodni geoobjekt (npr. lokacija naprave ali geoobjekt), ki je povzročil aktiviranje geoproženja. Geoobjekt mora vključevati geometrijo (običajno točko) in fiksno shemo z naslednjimi lastnostmi: `course` (smer lokacije v stopinjah v smeri urnega kazalca, pri čemer je 0 pravi sever), in `horizontalaccuracy` (horizontalna natančnost lokacije v metrih)."},{"name":"$fenceFeature","type":"feature","description":"Geoobjekt ograje (npr. interesno območje), v katero ste vstopili ali izstopili je povzročilo aktiviranje geoproženja."},{"name":"$fenceLayer","type":"featureSet","description":"Zbirka geoobjektov v istem sloju kot $fenceFeature."},{"name":"$fenceNotificationType","type":"text","description":"Opis dogodka, ki se je zgodil - »vstop« ali »izstop«."}]},{"name":"Imagery popup","id":"popup-imagery","bundles":["core","geometry"],"variables":[{"name":"$pixel","type":"pixel","description":"Š_The pixel value and other pixel-dependent information (e.g. classification category), including virtual raster fields, for the imagery layer currently displayed in the view________________________________________________________________________________________č."},{"name":"$imageCollectionItem","type":"feature","description":"Š_The metadata of the selected image collection item containing the pixel represented by `$pixel`. This value will be `null` if there is no associated image collection____________________________________________________________________________________č."},{"name":"$view","type":"dictionary","description":"Š_Properties available from the view___________________č.","properties":[{"name":"scale","type":"number","description":"Š_Returns the scale of the map at the time the expression evaluates__________________________________č."},{"name":"timeProperties","type":"dictionary","properties":[{"name":"currentStart","type":"date","description":"Š_The start time of the map's time extent as indicated by a time slider component at the time the expression evaluates. This value dynamically updates (and may trigger the re-execution of the Arcade expression) when a time slider is used to update time-aware popups based on date field. A `null` value indicates the start time is inclusive since the beginning of time________________________________________________________________________________________________________________________________________________________________________________________č."},{"name":"currentEnd","type":"date","description":"Š_The end time of the map's time extent as indicated by a time slider component at the time the expression evaluates. This value dynamically updates (and may trigger the re-execution of the Arcade expression) when a time slider is used to update time-aware popups based on date field. A `null` value indicates the end time is indefinite with no end_______________________________________________________________________________________________________________________________________________________________________________č."},{"name":"startIncluded","type":"boolean","description":"Š_Indicates if the `currentStart` date is included in the map's current time extent__________________________________________č."},{"name":"endIncluded","type":"boolean","description":"Š_Indicates if the `currentEnd` date is included in the map's current time extent_________________________________________č."}],"description":""}]},{"name":"$userInput","description":"Š_A geometry representing a user's input for a popup. Typically, this represents a location where the user clicked or tapped in a map to launch a popup. There may be cases where this value is a Point, an Extent, or `null` as popups are not always opened from map interaction. Therefore, it is advised to check the geometry type of this value before it is used____________________________________________________________________________________________________________________________________________________________________________________č.","type":"geometry"}]},{"name":"Imagery popup element","id":"popup-element-imagery","bundles":["core","geometry"],"variables":[{"name":"$pixel","type":"pixel","description":"Š_The pixel value and other pixel-dependent information (e.g. classification category), including virtual raster fields, for the imagery layer currently displayed in the view________________________________________________________________________________________č."},{"name":"$imageCollectionItem","type":"feature","description":"Š_The metadata of the selected image collection item containing the pixel represented by `$pixel`. This value will be `null` if there is no associated image collection____________________________________________________________________________________č."},{"name":"$view","type":"dictionary","description":"Š_Properties available from the view___________________č.","properties":[{"name":"scale","type":"number","description":"Š_Returns the scale of the map at the time the expression evaluates__________________________________č."},{"name":"timeProperties","type":"dictionary","properties":[{"name":"currentStart","type":"date","description":"Š_The start time of the map's time extent as indicated by a time slider component at the time the expression evaluates. This value dynamically updates (and may trigger the re-execution of the Arcade expression) when a time slider is used to update time-aware popups based on date field. A `null` value indicates the start time is inclusive since the beginning of time________________________________________________________________________________________________________________________________________________________________________________________č."},{"name":"currentEnd","type":"date","description":"Š_The end time of the map's time extent as indicated by a time slider component at the time the expression evaluates. This value dynamically updates (and may trigger the re-execution of the Arcade expression) when a time slider is used to update time-aware popups based on date field. A `null` value indicates the end time is indefinite with no end_______________________________________________________________________________________________________________________________________________________________________________č."},{"name":"startIncluded","type":"boolean","description":"Š_Indicates if the `currentStart` date is included in the map's current time extent__________________________________________č."},{"name":"endIncluded","type":"boolean","description":"Š_Indicates if the `currentEnd` date is included in the map's current time extent_________________________________________č."}],"description":""}]},{"name":"$userInput","description":"Š_A geometry representing a user's input for a popup. Typically, this represents a location where the user clicked or tapped in a map to launch a popup. There may be cases where this value is a Point, an Extent, or `null` as popups are not always opened from map interaction. Therefore, it is advised to check the geometry type of this value before it is used____________________________________________________________________________________________________________________________________________________________________________________č.","type":"geometry"}]},{"name":"Labeling","id":"labeling","bundles":["core","geometry"],"variables":[{"name":"$feature","type":"feature","description":"Geoobjekt katerega oznaka bo narisana na karti."},{"name":"$view","type":"dictionary","description":"Lastnosti na voljo iz pogleda.","properties":[{"name":"scale","type":"number","description":"Vrne merilo karte v času, ko je izraz ovrednoten."},{"name":"timeProperties","type":"dictionary","properties":[{"name":"currentStart","type":"date","description":"Začetni čas časovnega obsega karte, kot ga označuje komponenta časovnega drsnika v času, ki ga izraz oceni. Ta vrednost se dinamično posodobi (in lahko sproži ponovno izvedbo izraza Arcade), ko se za posodobitev časovno zaznavnih oznak na podlagi datumskega polja uporabi časovni drsnik. Vrednost `null` pomeni, da je začetni čas vključen od začetka časa."},{"name":"currentEnd","type":"date","description":"Končni čas časovnega obsega karte, kot ga označuje komponenta časovnega drsnika v času, ki ga izraz oceni. Ta vrednost se dinamično posodobi (in lahko sproži ponovno izvedbo izraza Arcade), ko se za posodobitev časovno zaznavnih oznak na podlagi datumskega polja uporabi časovni drsnik. Vrednost `null` pomeni, da je končni čas nedoločen in brez konca."},{"name":"startIncluded","type":"boolean","description":"Označuje, ali je datum `currentStart` vključen v trenutni časovni razpon karte."},{"name":"endIncluded","type":"boolean","description":"Označuje, ali je datum `currentEnd` vključen v trenutni časovni razpon karte."}],"description":""}]}]},{"name":"Layout","id":"layout","bundles":["core","geometry"],"variables":[{"name":"$feature","type":"feature","description":"Geoobjekt katerega vrednosti so lahko prikazane v postavitvi."}]},{"name":"Location update constraint","id":"location-update-constraint","bundles":["core","geometry"],"variables":[{"name":"$locationupdate","type":"dictionary","description":"Geoobjekt posodobitve lokacije (npr. iz GPS) se ocenjuje za omejitev.","properties":[{"name":"course","type":"number","description":"Smer lokacije v stopinjah v smeri urinega kazalca, pri čemer je 0 pravi sever."},{"name":"horizontalaccuracy","type":"number","description":"Vodoravna natančnost lokacije v metrih."},{"name":"verticalaccuracy","type":"number","description":"Navpična natančnost lokacije v metrih."},{"name":"velocity","type":"number","description":"Hitrost lokacije v metrih na sekundo."}]}]},{"name":"Model Builder","id":"model-builder","bundles":["core","geometry","data-access","portal-access"],"variables":[{"name":"$variables","type":"dictionary","description":"Slovar, ki vsebuje vrednosti in imena spremenljivke.","properties":[]}]},{"name":"Measure visualization","id":"measure-visualization","bundles":["core","geometry"],"variables":[{"name":"$measure","type":"number","description":"Interpolirana vrednost M za lokacijo označbe."},{"name":"$feature","type":"feature","description":"Geoobjekt, ki bo narisan na karti."},{"name":"$view","type":"dictionary","properties":[{"name":"scale","type":"number","description":"Vrne merilo karte v času, ko je izraz ovrednoten."}],"description":""}]},{"name":"Popup","id":"popup","bundles":["core","data-access","geometry","portal-access","knowledge-graph"],"variables":[{"name":"$feature","type":"feature","description":"Omogoča dostop do atributov in geometrije geoobjekta, katere pojavno okno bo prikazano v pogledu."},{"name":"$layer","description":"Zbirka geoobjektov v istem sloju kot $feature, katerega pojavno okno je prikazano v pogledu.","type":"featureSet"},{"name":"$map","description":"Zbirka slojev na isti karti kot $feature, katerega pojavno okno je prikazano v pogledu. Ta vrednost bo morda \"nič\" v primerih, ko pojavno okno ni povezano s karto.","type":"featureSetCollection"},{"name":"$datastore","description":"Zbirka slojev v isti geoobjektni storitvi ali bazi podatkov kot $feature, katere pojavno okno je prikazano v pogledu.","type":"featureSetCollection"},{"name":"$userInput","description":"Geometrija, ki predstavlja vnos uporabnika za pojavno okno. Običajno to predstavlja lokacijo, kjer je uporabnik kliknil ali tapnil karto, da je odprl pojavno okno. Obstajajo lahko primeri, ko je ta vrednost točka, obseg ali \"nič\", ker se pojavna okna ne odprejo vedno zaradi interakcije s karto. Zato je priporočeno, da preverite tip geometrije te vrednosti pred uporabo.","type":"geometry"},{"name":"$graph","description":"Graf znanja, povezan z geoobjektom. Če graf znanja ni na voljo, bo vrednosti \"nič\".","type":"knowledgeGraph"},{"name":"$view","type":"dictionary","description":"Lastnosti na voljo iz pogleda.","properties":[{"name":"scale","type":"number","description":"Vrne merilo karte v času, ko je izraz ovrednoten."},{"name":"timeProperties","type":"dictionary","properties":[{"name":"currentStart","type":"date","description":"Začetni čas časovnega obsega karte, kot ga označuje komponenta časovnega drsnika v času, ki ga izraz oceni. Ta vrednost se dinamično posodobi (in lahko sproži ponovno izvedbo izraza Arcade), ko se za posodobitev časovno zaznavnih pojavnih oken na podlagi datumskega polja uporabi časovni drsnik. Vrednost `null` pomeni, da je začetni čas vključen od začetka časa."},{"name":"currentEnd","type":"date","description":"Končni čas časovnega obsega karte, kot ga označuje komponenta časovnega drsnika v času, ki ga izraz oceni. Ta vrednost se dinamično posodobi (in lahko sproži ponovno izvedbo izraza Arcade), ko se za posodobitev časovno zaznavnih pojavnih oken na podlagi datumskega polja uporabi časovni drsnik. Vrednost `null` pomeni, da je končni čas nedoločen in brez konca."},{"name":"startIncluded","type":"boolean","description":"Označuje, ali je datum `currentStart` vključen v trenutni časovni razpon karte."},{"name":"endIncluded","type":"boolean","description":"Označuje, ali je datum `currentEnd` vključen v trenutni časovni razpon karte."}],"description":""}]}]},{"name":"Popup element","id":"popup-element","bundles":["core","data-access","geometry","portal-access","knowledge-graph"],"variables":[{"name":"$feature","type":"feature","description":"Omogoča dostop do atributov in geometrije geoobjekta, katere pojavno okno bo prikazano v pogledu."},{"name":"$layer","description":"Zbirka geoobjektov v istem sloju kot $feature, katerega pojavno okno je prikazano v pogledu.","type":"featureSet"},{"name":"$map","description":"Zbirka slojev na isti karti kot $feature, katerega pojavno okno je prikazano v pogledu. Ta vrednost bo morda \"nič\" v primerih, ko pojavno okno ni povezano s karto.","type":"featureSetCollection"},{"name":"$datastore","description":"Zbirka slojev v isti geoobjektni storitvi ali bazi podatkov kot $feature, katere pojavno okno je prikazano v pogledu.","type":"featureSetCollection"},{"name":"$userInput","description":"Geometrija, ki predstavlja vnos uporabnika za pojavno okno. Običajno to predstavlja lokacijo, kjer je uporabnik kliknil ali tapnil karto, da je odprl pojavno okno. Obstajajo lahko primeri, ko je ta vrednost točka, obseg ali \"nič\", ker se pojavna okna ne odprejo vedno zaradi interakcije s karto. Zato je priporočeno, da preverite tip geometrije te vrednosti pred uporabo.","type":"geometry"},{"name":"$graph","description":"Graf znanja, povezan z geoobjektom. Če graf znanja ni na voljo, bo vrednosti \"nič\".","type":"knowledgeGraph"},{"name":"$view","type":"dictionary","description":"Lastnosti na voljo iz pogleda.","properties":[{"name":"scale","type":"number","description":"Vrne merilo karte v času, ko je izraz ovrednoten."},{"name":"timeProperties","type":"dictionary","properties":[{"name":"currentStart","type":"date","description":"Začetni čas časovnega obsega karte, kot ga označuje komponenta časovnega drsnika v času, ki ga izraz oceni. Ta vrednost se dinamično posodobi (in lahko sproži ponovno izvedbo izraza Arcade), ko se za posodobitev časovno zaznavnih pojavnih oken na podlagi datumskega polja uporabi časovni drsnik. Vrednost `null` pomeni, da je začetni čas vključen od začetka časa."},{"name":"currentEnd","type":"date","description":"Končni čas časovnega obsega karte, kot ga označuje komponenta časovnega drsnika v času, ki ga izraz oceni. Ta vrednost se dinamično posodobi (in lahko sproži ponovno izvedbo izraza Arcade), ko se za posodobitev časovno zaznavnih pojavnih oken na podlagi datumskega polja uporabi časovni drsnik. Vrednost `null` pomeni, da je končni čas nedoločen in brez konca."},{"name":"startIncluded","type":"boolean","description":"Označuje, ali je datum `currentStart` vključen v trenutni časovni razpon karte."},{"name":"endIncluded","type":"boolean","description":"Označuje, ali je datum `currentEnd` vključen v trenutni časovni razpon karte."}],"description":""}]}]},{"name":"Popup feature reduction","id":"popup-feature-reduction","bundles":["core","data-access","geometry","portal-access"],"variables":[{"name":"$feature","type":"feature","description":"Omogoča dostop do agregatnih polja, definiranih v pojavnih oknih za združevanje v gruče ali celice."},{"name":"$aggregatedFeatures","description":"Sklop geoobjektov, ki vsebuje vse geoobjekte, ki jih predstavlja gruča ali celica.","type":"featureSet"},{"name":"$view","type":"dictionary","description":"Lastnosti na voljo iz pogleda.","properties":[{"name":"scale","type":"number","description":"Vrne merilo karte v času, ko je izraz ovrednoten."},{"name":"timeProperties","type":"dictionary","properties":[{"name":"currentStart","type":"date","description":"Začetni čas časovnega obsega karte, kot ga označuje komponenta časovnega drsnika v času, ki ga izraz oceni. Ta vrednost se dinamično posodobi (in lahko sproži ponovno izvedbo izraza Arcade), ko se za posodobitev časovno zaznavnih pojavnih oken na podlagi datumskega polja uporabi časovni drsnik. Vrednost `null` pomeni, da je začetni čas vključen od začetka časa."},{"name":"currentEnd","type":"date","description":"Končni čas časovnega obsega karte, kot ga označuje komponenta časovnega drsnika v času, ki ga izraz oceni. Ta vrednost se dinamično posodobi (in lahko sproži ponovno izvedbo izraza Arcade), ko se za posodobitev časovno zaznavnih pojavnih oken na podlagi datumskega polja uporabi časovni drsnik. Vrednost `null` pomeni, da je končni čas nedoločen in brez konca."},{"name":"startIncluded","type":"boolean","description":"Označuje, ali je datum `currentStart` vključen v trenutni časovni razpon karte."},{"name":"endIncluded","type":"boolean","description":"Označuje, ali je datum `currentEnd` vključen v trenutni časovni razpon karte."}],"description":""}]}]},{"name":"Popup element feature reduction","id":"popup-element-feature-reduction","bundles":["core","data-access","geometry","portal-access"],"variables":[{"name":"$feature","type":"feature","description":"Omogoča dostop do agregatnih polja, definiranih v pojavnih oknih za združevanje v gruče ali celice."},{"name":"$aggregatedFeatures","description":"Sklop geoobjektov, ki vsebuje vse geoobjekte, ki jih predstavlja gruča ali celica.","type":"featureSet"},{"name":"$view","type":"dictionary","description":"Lastnosti na voljo iz pogleda.","properties":[{"name":"scale","type":"number","description":"Vrne merilo karte v času, ko je izraz ovrednoten."},{"name":"timeProperties","type":"dictionary","properties":[{"name":"currentStart","type":"date","description":"Začetni čas časovnega obsega karte, kot ga označuje komponenta časovnega drsnika v času, ki ga izraz oceni. Ta vrednost se dinamično posodobi (in lahko sproži ponovno izvedbo izraza Arcade), ko se za posodobitev časovno zaznavnih pojavnih oken na podlagi datumskega polja uporabi časovni drsnik. Vrednost `null` pomeni, da je začetni čas vključen od začetka časa."},{"name":"currentEnd","type":"date","description":"Končni čas časovnega obsega karte, kot ga označuje komponenta časovnega drsnika v času, ki ga izraz oceni. Ta vrednost se dinamično posodobi (in lahko sproži ponovno izvedbo izraza Arcade), ko se za posodobitev časovno zaznavnih pojavnih oken na podlagi datumskega polja uporabi časovni drsnik. Vrednost `null` pomeni, da je končni čas nedoločen in brez konca."},{"name":"startIncluded","type":"boolean","description":"Označuje, ali je datum `currentStart` vključen v trenutni časovni razpon karte."},{"name":"endIncluded","type":"boolean","description":"Označuje, ali je datum `currentEnd` vključen v trenutni časovni razpon karte."}],"description":""}]}]},{"name":"Quick Capture","id":"quick-capture","bundles":["core","data-access","geometry","portal-access"],"variables":[{"name":"$feature","type":"feature","description":"Izpostavi atribute geoobjekta za uporabo pri izračunu."},{"name":"$layer","type":"featureSet","description":"Zbirka geoobjektov v istem sloju kot $feature."},{"name":"$datastore","type":"featureSetCollection","description":"Zbirka slojev v isti geoobjektni storitvi ali bazi podatkov kot $feature."},{"name":"$map","type":"featureSetCollection","description":"Zbirka slojev geoobjektnih storitev na enaki karti kot ga uporablja projekt QuickCapture. Ta spremenljivka je lahko \"nič\"."}]},{"name":"Tasks","id":"tasks","bundles":["core","data-access","geometry","portal-access"],"variables":[{"name":"$feature","description":"Geoobjekt se ocenjuje po nalogi.","type":"feature"},{"name":"$datastore","description":"Zbirka slojev v isti geoobjektni storitvi ali bazi podatkov kot $feature, ki jo vrednoti naloga.","type":"featureSetCollection"}]},{"name":"Velocity","id":"velocity","bundles":["core","geometry","track"],"variables":[{"name":"$feature","type":"feature","description":"V analitičnih orodjih z enim samim vnosom je geoobjekt izračunan, ovrednoten ali z upravljan."},{"name":"$target","type":"feature","description":"V analitičnih orodjih z dvema vhodoma je geoobjekt, ki se ocenjuje za filtriranje ali obogatitev."},{"name":"$join","type":"feature","description":"V analitičnih orodjih z dvema vhodoma geoobjekt zagotavlja vrednosti za vrednotenje ali obogatitev ciljnega geoobjekta."},{"name":"$analytic","type":"dictionary","description":"Časovne vrednosti, povezane z analitiko, kot so začetni čas, zadnji končni čas itd.","properties":[]}]},{"name":"Visualization","id":"visualization","bundles":["core","geometry"],"variables":[{"name":"$feature","description":"Geoobjekt, ki bo narisan na karti.","type":"feature"},{"name":"$view","type":"dictionary","description":"Lastnosti na voljo iz pogleda.","properties":[{"name":"scale","type":"number","description":"Vrne merilo karte v času, ko je izraz ovrednoten."},{"name":"timeProperties","type":"dictionary","properties":[{"name":"currentStart","type":"date","description":"Začetni čas časovnega obsega karte, kot ga označuje komponenta časovnega drsnika v času, ki ga izraz oceni. Ta vrednost se dinamično posodobi (in lahko sproži ponovno izvedbo izraza Arcade), ko se za posodobitev časovno zaznavnih vizualizacij na podlagi datumskega polja uporabi časovni drsnik. Vrednost `null` pomeni, da je začetni čas vključen od začetka časa."},{"name":"currentEnd","type":"date","description":"Končni čas časovnega obsega karte, kot ga označuje komponenta časovnega drsnika v času, ki ga izraz oceni. Ta vrednost se dinamično posodobi (in lahko sproži ponovno izvedbo izraza Arcade), ko se za posodobitev časovno zaznavnih vizualizacij na podlagi datumskega polja uporabi časovni drsnik. Vrednost `null` pomeni, da je končni čas nedoločen in brez konca."},{"name":"startIncluded","type":"boolean","description":"Označuje, ali je datum `currentStart` vključen v trenutni časovni razpon karte."},{"name":"endIncluded","type":"boolean","description":"Označuje, ali je datum `currentEnd` vključen v trenutni časovni razpon karte."}],"description":""}]}]},{"name":"Voxel popup","id":"popup-voxel","bundles":["core"],"variables":[{"name":"$voxel","type":"voxel","description":"Omogoča dostop do atributov voxela, katerega pojavno okno bo prikazano v prizoru."}]},{"name":"Voxel popup element","id":"popup-element-voxel","bundles":["core"],"variables":[{"name":"$voxel","type":"voxel","description":"Omogoča dostop do atributov voxela, katerega pojavno okno bo prikazano v prizoru."}]}]