[{"name":"Minimalist","id":"minimalist","bundles":["core","data-access","geometry","portal-access"],"variables":[]},{"name":"Aggregate Field","id":"aggregate-field","bundles":["core","geometry"],"variables":[{"name":"$feature","description":"Fitur individual sudah termasuk dalam kumpulan feature. Fitur ini dapat memberikan akses ke semua atribut kolom dari fitur.","type":"feature"}]},{"name":"Alias","id":"alias","bundles":["core","geometry"],"variables":[{"name":"$value","type":"number","description":"Nilai numerik yang diinginkan alias teks."},{"name":"$feature","type":"feature","description":"Fitur yang menginginkan alias teks."}]},{"name":"Attribute rule calculation","id":"attribute-rule-calculation","bundles":["core","data-access","database","geometry","portal-access","ai"],"variables":[{"name":"$feature","type":"feature","description":"Fitur sedang dihitung."},{"name":"$originalFeature","type":"feature","description":"Kondisi fitur sebelumnya sedang dihitung."},{"name":"$featureSet","type":"featureSet","description":"Kumpulan fitur dalam tabel yang sama dengan $feature yang mengevaluasi ekspresi."},{"name":"$datastore","type":"featureSetCollection","description":"Kumpulan layer dalam feature service atau database yang sama dengan $feature yang menjalankan skrip."},{"name":"$editcontext","type":"dictionary","properties":[{"name":"editType","type":"text","description":"Mengindikasikan apakah peristiwa edit adalah INSERT, UPDATE, DELETE, atau NA (tidak berlaku)."}],"description":""}]},{"name":"Attribute rule constraint","id":"attribute-rule-constraint","bundles":["core","data-access","geometry","portal-access"],"variables":[{"name":"$feature","type":"feature","description":"Fitur sedang dihitung."},{"name":"$originalFeature","type":"feature","description":"Kondisi fitur sebelumnya sedang dihitung."},{"name":"$featureSet","type":"featureSet","description":"Kumpulan fitur dalam tabel yang sama dengan $feature yang mengevaluasi ekspresi."},{"name":"$datastore","type":"featureSetCollection","description":"Kumpulan layer dalam feature service atau database yang sama dengan $feature yang menjalankan skrip."},{"name":"$editcontext","type":"dictionary","properties":[{"name":"editType","type":"text","description":"Mengindikasikan apakah peristiwa edit adalah INSERT, UPDATE, DELETE, atau NA (tidak berlaku)."}],"description":""}]},{"name":"Attribute rule validation","id":"attribute-rule-validation","bundles":["core","data-access","geometry","portal-access"],"variables":[{"name":"$feature","type":"feature","description":"Fitur sedang dihitung."},{"name":"$featureSet","type":"featureSet","description":"Kumpulan fitur dalam tabel yang sama dengan $feature yang mengevaluasi ekspresi."},{"name":"$datastore","type":"featureSetCollection","description":"Kumpulan layer dalam feature service atau database yang sama dengan $feature yang menjalankan skrip."}]},{"name":"Dashboard indicator formatting","id":"dashboard-indicator-formatting","bundles":["core"],"variables":[{"name":"$datapoint","type":"feature","description":"Titik data sedang dievaluasi untuk elemen visual."},{"name":"$reference","type":"dictionary","description":"Nilai referensi sedang dievaluasi untuk elemen visual.","properties":[]}]},{"name":"Dashboard list formatting","id":"dashboard-list-formatting","bundles":["core"],"variables":[{"name":"$datapoint","type":"feature","description":"Titik data sedang dievaluasi untuk elemen visual."}]},{"name":"Dashboard table formatting","id":"dashboard-table-formatting","bundles":["core"],"variables":[{"name":"$datapoint","type":"feature","description":"Titik data sedang dievaluasi untuk elemen visual."},{"name":"$rowindex","type":"number","description":"Posisi baris di tabel (berbasis nol)."}]},{"name":"Dashboard data","id":"dashboard-data","bundles":["core","geometry","data-access","portal-access","knowledge-graph"],"variables":[]},{"name":"Data Pipelines","id":"data-pipelines","bundles":["core"],"variables":[{"name":"$record","type":"dictionary","description":"Memberikan akses ke nilai atribut/kolom catatan yang sedang dihitung.","properties":[]}]},{"name":"Dictionary renderer","id":"dictionary-renderer","bundles":["core","geometry"],"variables":[{"name":"$feature","type":"feature","description":"Fitur yang akan digambarkan pada peta."},{"name":"$config","type":"dictionary","description":"Kamus nilai konfigurasi.","properties":[]}]},{"name":"Experience Builder data","id":"experience-builder-data","bundles":["core","data-access","geometry","portal-access"],"variables":[]},{"name":"Experience Builder list item widget formatting","id":"experience-builder-list-item-widget-formatting","bundles":["core"],"variables":[{"name":"$feature","type":"feature","description":"Mewakili fitur dalam item daftar."}]},{"name":"Experience Builder widget formatting","id":"experience-builder-widget-formatting","bundles":["core","data-access"],"variables":[{"name":"$dataSources","type":"dictionary","description":"Sumber data yang digunakan oleh widget. Ini adalah kamus yang berisi pasangan kunci-nilai, tempat setiap kunci adalah ID sumber data (misalnya `dataSource_1-187acf797e1-layer-5-selection`).","properties":[]}]},{"name":"Feature Display Title","id":"feature-display-title","bundles":["core"],"variables":[{"name":"$feature","type":"feature","description":"Fitur, atau baris, yang akan menampilkan judul di UI."}]},{"name":"Feature Z","id":"feature-z","bundles":["core","geometry"],"variables":[{"name":"$feature","type":"feature","description":"Fitur yang memerlukan nilai Z."}]},{"name":"Field calculation","id":"field-calculation","bundles":["core","data-access","geometry","portal-access","knowledge-graph","ai"],"variables":[{"name":"$feature","type":"feature","description":"Fitur sedang dihitung."},{"name":"$datastore","type":"featureSetCollection","description":"Kumpulan layer dalam feature service atau database yang sama dengan $feature yang menjalankan kalkulasi."}]},{"name":"Field mapping","id":"field-mapping","bundles":["core","data-access","geometry","portal-access"],"variables":[{"name":"$sourceFeature","type":"feature","description":"Fitur sumber untuk peta bidang."},{"name":"$targetFeature","type":"feature","description":"Fitur target untuk peta bidang."},{"name":"$sourceLayer","type":"featureSet","description":"Kumpulan fitur dalam layer yang sama dengan $sourcefeature."},{"name":"$targetLayer","type":"featureSet","description":"Kumpulan fitur dalam layer yang sama dengan $targetfeature."},{"name":"$map","type":"featureSetCollection","description":"Kumpulan layer dalam peta ekspresi arcade yang dijalankan."},{"name":"$sourceDatastore","type":"featureSetCollection","description":"Kumpulan layer dalam datastore yang sama dengan $sourcelayer."},{"name":"$targetDatastore","type":"featureSetCollection","description":"Kumpulan layer dalam datastore yang sama dengan $targetlayer."}]},{"name":"Form Attachment Filename Calculation","id":"form-attachment-filename-calculation","bundles":["core","data-access","geometry","portal-access"],"variables":[{"name":"$feature","type":"feature","description":"ng_The feature being calculated______________________________ny."},{"name":"$originalFeature","type":"feature","description":"ng_The previous state of the feature being calculated___________________________ny."},{"name":"$layer","type":"featureSet","description":"ng_A collection of features in the same layer as $feature_____________________________ny."},{"name":"$datastore","type":"featureSetCollection","description":"ng_A collection of layers in the same feature service or database as $feature_______________________________________ny."},{"name":"$featureset","type":"featureSet","description":"ng_A collection of features in the same table as $feature_____________________________ny."},{"name":"$map","type":"featureSetCollection","description":"ng_A collection of feature service layers in the same map as $feature___________________________________ny."},{"name":"$formElement","type":"dictionary","description":"ng_Information associated with the form element________________________ny.","properties":[{"name":"attachmentKeyword","type":"text","description":"ng_A text value identifying the content of the attachment. When a file is attached using the form, this property can be used in determining a new filename for the attachment_______________________________________________________________________________________ny."},{"name":"label","type":"text","description":"ng_A text value indicating what the element represents___________________________ny."},{"name":"description","type":"text","description":"ng_A text value that describes the element in detail__________________________ny."}]}]},{"name":"Form calculation","id":"form-calculation","bundles":["core","data-access","geometry","portal-access","ai"],"variables":[{"name":"$feature","type":"feature","description":"Mengekspos atribut fitur untuk digunakan dalam kalkulasi"},{"name":"$originalFeature","type":"feature","description":"Kondisi fitur sebelumnya sedang dihitung."},{"name":"$layer","type":"featureSet","description":"Kumpulan fitur dalam layer yang sama dengan $feature."},{"name":"$datastore","type":"featureSetCollection","description":"Kumpulan layer dalam feature service atau database yang sama dengan $feature."},{"name":"$featureset","type":"featureSet","description":"Kumpulan fitur dalam tabel yang sama dengan $feature."},{"name":"$map","type":"featureSetCollection","description":"Kumpulan layer feature service dalam peta yang sama dengan $feature."},{"name":"$editcontext","type":"dictionary","properties":[{"name":"editType","type":"text","description":"Mengindikasikan apakah peristiwa edit adalah INSERT, UPDATE, DELETE, atau NA (tidak berlaku)."}],"description":""}]},{"name":"Form Constraint","id":"form-constraint","bundles":["core","geometry","data-access","portal-access"],"variables":[{"name":"$feature","type":"feature","description":"Fitur sedang dievaluasi untuk batasan."},{"name":"$originalFeature","type":"feature","description":"Status fitur sebelumnya."},{"name":"$layer","type":"featureSet","description":"Kumpulan fitur dalam layer yang sama dengan $feature."},{"name":"$datastore","type":"featureSetCollection","description":"Kumpulan layer dalam feature service atau database yang sama dengan $feature."},{"name":"$featureset","type":"featureSet","description":"Kumpulan fitur dalam tabel yang sama dengan $feature."},{"name":"$map","type":"featureSetCollection","description":"Kumpulan layer feature service dalam peta yang sama dengan $feature."},{"name":"$editcontext","type":"dictionary","properties":[{"name":"editType","type":"text","description":"Mengindikasikan apakah peristiwa edit adalah INSERT, UPDATE, DELETE, atau NA (tidak berlaku)."}],"description":""}]},{"name":"Geoanalytics","id":"geoanalytics","bundles":["core","geometry","track"],"variables":[{"name":"$feature","type":"feature","description":"Fitur sedang dihitung."}]},{"name":"Geotrigger notification","id":"geotrigger-notification","bundles":["core","geometry","data-access"],"variables":[{"name":"$feedFeature","type":"feature","description":"Fitur input (mis. lokasi perangkat atau fitur) yang menyebabkan geotrigger dapat diaktifkan. Fitur ini harus menyertakan geometri (biasanya titik) dan skema tetap dengan properti berikut: `jalur` (jalur lokasi dalam derajat searah jarum jam, 0 menandakan arah utara sebenarnya), dan `horizontalaccuracy` (akurasi horizontal lokasi dalam satuan meter)."},{"name":"$fenceFeature","type":"feature","description":"Fitur pagar (mis. area yang diinginkan) yang dimasukkan atau dikeluarkan dan menyebabkan Geotrigger diaktifkan."},{"name":"$fenceLayer","type":"featureSet","description":"Kumpulan fitur di layer yang sama dengan $fenceFeature."},{"name":"$fenceNotificationType","type":"text","description":"Deskripsi peristiwa yang terjadi - baik \"masuk\" atau \"keluar\"."}]},{"name":"Imagery popup","id":"popup-imagery","bundles":["core","geometry"],"variables":[{"name":"$pixel","type":"pixel","description":"ng_The pixel value and other pixel-dependent information (e.g. classification category), including virtual raster fields, for the imagery layer currently displayed in the view________________________________________________________________________________________ny."},{"name":"$imageCollectionItem","type":"feature","description":"ng_The metadata of the selected image collection item containing the pixel represented by `$pixel`. This value will be `null` if there is no associated image collection____________________________________________________________________________________ny."},{"name":"$view","type":"dictionary","description":"ng_Properties available from the view___________________ny.","properties":[{"name":"scale","type":"number","description":"ng_Returns the scale of the map at the time the expression evaluates__________________________________ny."},{"name":"timeProperties","type":"dictionary","properties":[{"name":"currentStart","type":"date","description":"ng_The start time of the map's time extent as indicated by a time slider component at the time the expression evaluates. This value dynamically updates (and may trigger the re-execution of the Arcade expression) when a time slider is used to update time-aware popups based on date field. A `null` value indicates the start time is inclusive since the beginning of time________________________________________________________________________________________________________________________________________________________________________________________ny."},{"name":"currentEnd","type":"date","description":"ng_The end time of the map's time extent as indicated by a time slider component at the time the expression evaluates. This value dynamically updates (and may trigger the re-execution of the Arcade expression) when a time slider is used to update time-aware popups based on date field. A `null` value indicates the end time is indefinite with no end_______________________________________________________________________________________________________________________________________________________________________________ny."},{"name":"startIncluded","type":"boolean","description":"ng_Indicates if the `currentStart` date is included in the map's current time extent__________________________________________ny."},{"name":"endIncluded","type":"boolean","description":"ng_Indicates if the `currentEnd` date is included in the map's current time extent_________________________________________ny."}],"description":""}]},{"name":"$userInput","description":"ng_A geometry representing a user's input for a popup. Typically, this represents a location where the user clicked or tapped in a map to launch a popup. There may be cases where this value is a Point, an Extent, or `null` as popups are not always opened from map interaction. Therefore, it is advised to check the geometry type of this value before it is used____________________________________________________________________________________________________________________________________________________________________________________ny.","type":"geometry"}]},{"name":"Imagery popup element","id":"popup-element-imagery","bundles":["core","geometry"],"variables":[{"name":"$pixel","type":"pixel","description":"ng_The pixel value and other pixel-dependent information (e.g. classification category), including virtual raster fields, for the imagery layer currently displayed in the view________________________________________________________________________________________ny."},{"name":"$imageCollectionItem","type":"feature","description":"ng_The metadata of the selected image collection item containing the pixel represented by `$pixel`. This value will be `null` if there is no associated image collection____________________________________________________________________________________ny."},{"name":"$view","type":"dictionary","description":"ng_Properties available from the view___________________ny.","properties":[{"name":"scale","type":"number","description":"ng_Returns the scale of the map at the time the expression evaluates__________________________________ny."},{"name":"timeProperties","type":"dictionary","properties":[{"name":"currentStart","type":"date","description":"ng_The start time of the map's time extent as indicated by a time slider component at the time the expression evaluates. This value dynamically updates (and may trigger the re-execution of the Arcade expression) when a time slider is used to update time-aware popups based on date field. A `null` value indicates the start time is inclusive since the beginning of time________________________________________________________________________________________________________________________________________________________________________________________ny."},{"name":"currentEnd","type":"date","description":"ng_The end time of the map's time extent as indicated by a time slider component at the time the expression evaluates. This value dynamically updates (and may trigger the re-execution of the Arcade expression) when a time slider is used to update time-aware popups based on date field. A `null` value indicates the end time is indefinite with no end_______________________________________________________________________________________________________________________________________________________________________________ny."},{"name":"startIncluded","type":"boolean","description":"ng_Indicates if the `currentStart` date is included in the map's current time extent__________________________________________ny."},{"name":"endIncluded","type":"boolean","description":"ng_Indicates if the `currentEnd` date is included in the map's current time extent_________________________________________ny."}],"description":""}]},{"name":"$userInput","description":"ng_A geometry representing a user's input for a popup. Typically, this represents a location where the user clicked or tapped in a map to launch a popup. There may be cases where this value is a Point, an Extent, or `null` as popups are not always opened from map interaction. Therefore, it is advised to check the geometry type of this value before it is used____________________________________________________________________________________________________________________________________________________________________________________ny.","type":"geometry"}]},{"name":"Labeling","id":"labeling","bundles":["core","geometry"],"variables":[{"name":"$feature","type":"feature","description":"Fitur yang labelnya akan digambarkan pada peta."},{"name":"$view","type":"dictionary","description":"Properti yang tersedia dari tampilan.","properties":[{"name":"scale","type":"number","description":"Menghasilkan skala peta pada saat ekspresi mengevaluasi."},{"name":"timeProperties","type":"dictionary","properties":[{"name":"currentStart","type":"date","description":"Waktu mulai rentang waktu peta sebagaimana ditunjukkan oleh komponen panel geser waktu pada saat ekspresi dievaluasi. Nilai ini diperbarui secara dinamis (dan dapat memicu eksekusi ulang ekspresi Arcade) saat panel geser waktu digunakan untuk memperbarui label berbasis waktu berdasarkan kolom tanggal. Nilai `null` menunjukkan waktu mulai inklusif sejak awal waktu."},{"name":"currentEnd","type":"date","description":"Waktu berakhirnya rentang waktu peta sebagaimana ditunjukkan oleh komponen panel geser waktu pada saat ekspresi dievaluasi. Nilai ini diperbarui secara dinamis (dan dapat memicu eksekusi ulang ekspresi Arcade) saat panel geser waktu digunakan untuk memperbarui label berbasis waktu berdasarkan kolom tanggal. Nilai `null` menunjukkan waktu berakhirnya tidak terbatas tanpa akhir."},{"name":"startIncluded","type":"boolean","description":"Menunjukkan apakah tanggal `currentStart` disertakan dalam rentang waktu peta saat ini."},{"name":"endIncluded","type":"boolean","description":"Menunjukkan apakah tanggal `currentEnd` disertakan dalam rentang waktu peta saat ini."}],"description":""}]}]},{"name":"Layout","id":"layout","bundles":["core","geometry"],"variables":[{"name":"$feature","type":"feature","description":"Fitur yang nilainya dapat ditampilkan di tata letak."}]},{"name":"Location update constraint","id":"location-update-constraint","bundles":["core","geometry"],"variables":[{"name":"$locationupdate","type":"dictionary","description":"Fitur pembaruan lokasi (mis. dari GPS) sedang dievaluasi untuk batasan.","properties":[{"name":"course","type":"number","description":"Jalur lokasi dalam derajat searah jarum jam, 0 menandakan arah Utara sejati."},{"name":"horizontalaccuracy","type":"number","description":"Akurasi horizontal lokasi dalam satuan meter."},{"name":"verticalaccuracy","type":"number","description":"Akurasi vertikal lokasi dalam satuan meter."},{"name":"velocity","type":"number","description":"Kecepatan lokasi dalam satuan meter per detik."}]}]},{"name":"Model Builder","id":"model-builder","bundles":["core","geometry","data-access","portal-access"],"variables":[{"name":"$variables","type":"dictionary","description":"Kamus berisi nilai dan nama variabel.","properties":[]}]},{"name":"Measure visualization","id":"measure-visualization","bundles":["core","geometry"],"variables":[{"name":"$measure","type":"number","description":"Interpolasi M-value untuk lokasi penanda."},{"name":"$feature","type":"feature","description":"Fitur yang akan digambarkan pada peta."},{"name":"$view","type":"dictionary","properties":[{"name":"scale","type":"number","description":"Menghasilkan skala peta pada saat ekspresi mengevaluasi."}],"description":""}]},{"name":"Popup","id":"popup","bundles":["core","data-access","geometry","portal-access","knowledge-graph"],"variables":[{"name":"$feature","type":"feature","description":"Memberikan akses ke atribut dan geometri fitur yang popup-nya akan ditampilkan."},{"name":"$layer","description":"Kumpulan fitur dalam layer yang sama dengan $feature yang popup-nya ditampilkan.","type":"featureSet"},{"name":"$map","description":"Kumpulan layer dalam peta yang sama dengan $feature yang popup-nya ditampilkan. Nilai ini mungkin `null` jika popup tidak dikaitkan dengan peta.","type":"featureSetCollection"},{"name":"$datastore","description":"Kumpulan layer dalam feature service atau database yang sama dengan $feature yang popup-nya ditampilkan.","type":"featureSetCollection"},{"name":"$userInput","description":"Geometri menggambarkan input pengguna untuk pop-up. Biasanya, geometri menggambarkan lokasi tempat pengguna mengklik atau mengetuk di peta untuk meluncurkan pop-up. Ada kalanya terjadi kasus nilai ini berupa Point, Extent, atau `null` sebagai pop-up yang terkadang tidak terbuka dari interaksi peta. Oleh karena itu, disarankan untuk memeriksa jenis geometri nilai ini sebelum digunakan.","type":"geometry"},{"name":"$graph","description":"Grafik pengetahuan dikaitkan dengan fitur ini. Jika tidak ada grafik pengetahuan yang tersedia, nilainya akan menjadi `null`.","type":"knowledgeGraph"},{"name":"$view","type":"dictionary","description":"Properti yang tersedia dari tampilan.","properties":[{"name":"scale","type":"number","description":"Menghasilkan skala peta pada saat ekspresi mengevaluasi."},{"name":"timeProperties","type":"dictionary","properties":[{"name":"currentStart","type":"date","description":"Waktu mulai rentang waktu peta sebagaimana ditunjukkan oleh komponen panel geser waktu pada saat ekspresi dievaluasi. Nilai ini diperbarui secara dinamis (dan dapat memicu eksekusi ulang ekspresi Arcade) saat panel geser waktu digunakan untuk memperbarui pop-up berbasis waktu berdasarkan kolom tanggal. Nilai `null` menunjukkan waktu mulai inklusif sejak awal waktu."},{"name":"currentEnd","type":"date","description":"Waktu berakhirnya rentang waktu peta sebagaimana ditunjukkan oleh komponen panel geser waktu pada saat ekspresi dievaluasi. Nilai ini diperbarui secara dinamis (dan dapat memicu eksekusi ulang ekspresi Arcade) saat panel geser waktu digunakan untuk memperbarui pop-up berbasis waktu berdasarkan kolom tanggal. Nilai `null` menunjukkan waktu berakhirnya tidak terbatas tanpa akhir."},{"name":"startIncluded","type":"boolean","description":"Menunjukkan apakah tanggal `currentStart` disertakan dalam rentang waktu peta saat ini."},{"name":"endIncluded","type":"boolean","description":"Menunjukkan apakah tanggal `currentEnd` disertakan dalam rentang waktu peta saat ini."}],"description":""}]}]},{"name":"Popup element","id":"popup-element","bundles":["core","data-access","geometry","portal-access","knowledge-graph"],"variables":[{"name":"$feature","type":"feature","description":"Memberikan akses ke atribut dan geometri fitur yang popup-nya akan ditampilkan."},{"name":"$layer","description":"Kumpulan fitur dalam layer yang sama dengan $feature yang popup-nya ditampilkan.","type":"featureSet"},{"name":"$map","description":"Kumpulan layer dalam peta yang sama dengan $feature yang popup-nya ditampilkan. Nilai ini mungkin `null` jika popup tidak dikaitkan dengan peta.","type":"featureSetCollection"},{"name":"$datastore","description":"Kumpulan layer dalam feature service atau database yang sama dengan $feature yang popup-nya ditampilkan.","type":"featureSetCollection"},{"name":"$userInput","description":"Geometri menggambarkan input pengguna untuk pop-up. Biasanya, geometri menggambarkan lokasi tempat pengguna mengklik atau mengetuk di peta untuk meluncurkan pop-up. Ada kalanya terjadi kasus nilai ini berupa Point, Extent, atau `null` sebagai pop-up yang terkadang tidak terbuka dari interaksi peta. Oleh karena itu, disarankan untuk memeriksa jenis geometri nilai ini sebelum digunakan.","type":"geometry"},{"name":"$graph","description":"Grafik pengetahuan dikaitkan dengan fitur ini. Jika tidak ada grafik pengetahuan yang tersedia, nilainya akan menjadi `null`.","type":"knowledgeGraph"},{"name":"$view","type":"dictionary","description":"Properti yang tersedia dari tampilan.","properties":[{"name":"scale","type":"number","description":"Menghasilkan skala peta pada saat ekspresi mengevaluasi."},{"name":"timeProperties","type":"dictionary","properties":[{"name":"currentStart","type":"date","description":"Waktu mulai rentang waktu peta sebagaimana ditunjukkan oleh komponen panel geser waktu pada saat ekspresi dievaluasi. Nilai ini diperbarui secara dinamis (dan dapat memicu eksekusi ulang ekspresi Arcade) saat panel geser waktu digunakan untuk memperbarui pop-up berbasis waktu berdasarkan kolom tanggal. Nilai `null` menunjukkan waktu mulai inklusif sejak awal waktu."},{"name":"currentEnd","type":"date","description":"Waktu berakhirnya rentang waktu peta sebagaimana ditunjukkan oleh komponen panel geser waktu pada saat ekspresi dievaluasi. Nilai ini diperbarui secara dinamis (dan dapat memicu eksekusi ulang ekspresi Arcade) saat panel geser waktu digunakan untuk memperbarui pop-up berbasis waktu berdasarkan kolom tanggal. Nilai `null` menunjukkan waktu berakhirnya tidak terbatas tanpa akhir."},{"name":"startIncluded","type":"boolean","description":"Menunjukkan apakah tanggal `currentStart` disertakan dalam rentang waktu peta saat ini."},{"name":"endIncluded","type":"boolean","description":"Menunjukkan apakah tanggal `currentEnd` disertakan dalam rentang waktu peta saat ini."}],"description":""}]}]},{"name":"Popup feature reduction","id":"popup-feature-reduction","bundles":["core","data-access","geometry","portal-access"],"variables":[{"name":"$feature","type":"feature","description":"Memberikan akses ke kolom agregat yang ditentukan dalam popup pengklusteran atau binning."},{"name":"$aggregatedFeatures","description":"FeatureSet yang berisi semua fitur yang diwakili oleh kluster atau bin.","type":"featureSet"},{"name":"$view","type":"dictionary","description":"Properti yang tersedia dari tampilan.","properties":[{"name":"scale","type":"number","description":"Menghasilkan skala peta pada saat ekspresi mengevaluasi."},{"name":"timeProperties","type":"dictionary","properties":[{"name":"currentStart","type":"date","description":"Waktu mulai rentang waktu peta sebagaimana ditunjukkan oleh komponen panel geser waktu pada saat ekspresi dievaluasi. Nilai ini diperbarui secara dinamis (dan dapat memicu eksekusi ulang ekspresi Arcade) saat panel geser waktu digunakan untuk memperbarui pop-up berbasis waktu berdasarkan kolom tanggal. Nilai `null` menunjukkan waktu mulai inklusif sejak awal waktu."},{"name":"currentEnd","type":"date","description":"Waktu berakhirnya rentang waktu peta sebagaimana ditunjukkan oleh komponen panel geser waktu pada saat ekspresi dievaluasi. Nilai ini diperbarui secara dinamis (dan dapat memicu eksekusi ulang ekspresi Arcade) saat panel geser waktu digunakan untuk memperbarui pop-up berbasis waktu berdasarkan kolom tanggal. Nilai `null` menunjukkan waktu berakhirnya tidak terbatas tanpa akhir."},{"name":"startIncluded","type":"boolean","description":"Menunjukkan apakah tanggal `currentStart` disertakan dalam rentang waktu peta saat ini."},{"name":"endIncluded","type":"boolean","description":"Menunjukkan apakah tanggal `currentEnd` disertakan dalam rentang waktu peta saat ini."}],"description":""}]}]},{"name":"Popup element feature reduction","id":"popup-element-feature-reduction","bundles":["core","data-access","geometry","portal-access"],"variables":[{"name":"$feature","type":"feature","description":"Memberikan akses ke kolom agregat yang ditentukan dalam popup pengklusteran atau binning."},{"name":"$aggregatedFeatures","description":"FeatureSet yang berisi semua fitur yang diwakili oleh kluster atau bin.","type":"featureSet"},{"name":"$view","type":"dictionary","description":"Properti yang tersedia dari tampilan.","properties":[{"name":"scale","type":"number","description":"Menghasilkan skala peta pada saat ekspresi mengevaluasi."},{"name":"timeProperties","type":"dictionary","properties":[{"name":"currentStart","type":"date","description":"Waktu mulai rentang waktu peta sebagaimana ditunjukkan oleh komponen panel geser waktu pada saat ekspresi dievaluasi. Nilai ini diperbarui secara dinamis (dan dapat memicu eksekusi ulang ekspresi Arcade) saat panel geser waktu digunakan untuk memperbarui pop-up berbasis waktu berdasarkan kolom tanggal. Nilai `null` menunjukkan waktu mulai inklusif sejak awal waktu."},{"name":"currentEnd","type":"date","description":"Waktu berakhirnya rentang waktu peta sebagaimana ditunjukkan oleh komponen panel geser waktu pada saat ekspresi dievaluasi. Nilai ini diperbarui secara dinamis (dan dapat memicu eksekusi ulang ekspresi Arcade) saat panel geser waktu digunakan untuk memperbarui pop-up berbasis waktu berdasarkan kolom tanggal. Nilai `null` menunjukkan waktu berakhirnya tidak terbatas tanpa akhir."},{"name":"startIncluded","type":"boolean","description":"Menunjukkan apakah tanggal `currentStart` disertakan dalam rentang waktu peta saat ini."},{"name":"endIncluded","type":"boolean","description":"Menunjukkan apakah tanggal `currentEnd` disertakan dalam rentang waktu peta saat ini."}],"description":""}]}]},{"name":"Quick Capture","id":"quick-capture","bundles":["core","data-access","geometry","portal-access"],"variables":[{"name":"$feature","type":"feature","description":"Mengekspos atribut fitur untuk digunakan dalam kalkulasi."},{"name":"$layer","type":"featureSet","description":"Kumpulan fitur dalam layer yang sama dengan $feature."},{"name":"$datastore","type":"featureSetCollection","description":"Kumpulan layer dalam feature service atau database yang sama dengan $feature."},{"name":"$map","type":"featureSetCollection","description":"Kumpulan layer feature service dalam peta digunakan oleh proyek QuickCapture. Variabel ini bisa `null`."}]},{"name":"Tasks","id":"tasks","bundles":["core","data-access","geometry","portal-access"],"variables":[{"name":"$feature","description":"Fitur sedang dievaluasi oleh tugas.","type":"feature"},{"name":"$datastore","description":"Kumpulan layer dalam feature service atau database yang sama dengan $feature yang dievaluasi oleh tugas.","type":"featureSetCollection"}]},{"name":"Velocity","id":"velocity","bundles":["core","geometry","track"],"variables":[{"name":"$feature","type":"feature","description":"Dalam alat analitik dengan input tunggal, fitur akan dikalkulasi, dievaluasi, atau dioperasikan."},{"name":"$target","type":"feature","description":"Dalam alat analitik dengan dua input, fitur dievaluasi untuk pemfilteran atau pengayaan."},{"name":"$join","type":"feature","description":"Dalam alat analitik dengan dua input, fitur memberikan nilai untuk evaluasi atau pengayaan fitur target."},{"name":"$analytic","type":"dictionary","description":"Nilai waktu yang berhubungan dengan analitik seperti waktu mulai, waktu berakhir terakhir, dll.","properties":[]}]},{"name":"Visualization","id":"visualization","bundles":["core","geometry"],"variables":[{"name":"$feature","description":"Fitur yang akan digambarkan pada peta.","type":"feature"},{"name":"$view","type":"dictionary","description":"Properti yang tersedia dari tampilan.","properties":[{"name":"scale","type":"number","description":"Menghasilkan skala peta pada saat ekspresi mengevaluasi."},{"name":"timeProperties","type":"dictionary","properties":[{"name":"currentStart","type":"date","description":"Waktu mulai rentang waktu peta sebagaimana ditunjukkan oleh komponen panel geser waktu pada saat ekspresi dievaluasi. Nilai ini diperbarui secara dinamis (dan dapat memicu eksekusi ulang ekspresi Arcade) saat panel geser waktu digunakan untuk memperbarui visualisasi berbasis waktu berdasarkan kolom tanggal. Nilai `null` menunjukkan waktu mulai inklusif sejak awal waktu."},{"name":"currentEnd","type":"date","description":"Waktu berakhirnya rentang waktu peta sebagaimana ditunjukkan oleh komponen panel geser waktu pada saat ekspresi dievaluasi. Nilai ini diperbarui secara dinamis (dan dapat memicu eksekusi ulang ekspresi Arcade) saat panel geser waktu digunakan untuk memperbarui visualisasi berbasis waktu berdasarkan kolom tanggal. Nilai `null` menunjukkan waktu berakhirnya tidak terbatas tanpa akhir."},{"name":"startIncluded","type":"boolean","description":"Menunjukkan apakah tanggal `currentStart` disertakan dalam rentang waktu peta saat ini."},{"name":"endIncluded","type":"boolean","description":"Menunjukkan apakah tanggal `currentEnd` disertakan dalam rentang waktu peta saat ini."}],"description":""}]}]},{"name":"Voxel popup","id":"popup-voxel","bundles":["core"],"variables":[{"name":"$voxel","type":"voxel","description":"Memberikan akses ke atribut voxel yang popupnya akan ditampilkan dalam scene."}]},{"name":"Voxel popup element","id":"popup-element-voxel","bundles":["core"],"variables":[{"name":"$voxel","type":"voxel","description":"Memberikan akses ke atribut voxel yang popupnya akan ditampilkan dalam scene."}]}]