[{"name":"Minimalist","id":"minimalist","bundles":["core","data-access","geometry","portal-access"],"variables":[]},{"name":"Aggregate Field","id":"aggregate-field","bundles":["core","geometry"],"variables":[{"name":"$feature","description":"Un obiect spațial individual inclus într-un obiect spațial agregat. Acesta oferă acces la toate atributele de câmp ale obiectului spațial.","type":"feature"}]},{"name":"Alias","id":"alias","bundles":["core","geometry"],"variables":[{"name":"$value","type":"number","description":"Valoarea numerică pentru care se doresc pseudonimele de câmp."},{"name":"$feature","type":"feature","description":"Caracteristica pentru care se dorește un alias text."}]},{"name":"Attribute rule calculation","id":"attribute-rule-calculation","bundles":["core","data-access","database","geometry","portal-access","ai"],"variables":[{"name":"$feature","type":"feature","description":"Obiectul spațial care este calculat."},{"name":"$originalFeature","type":"feature","description":"Starea anterioară a obiectului spațial care este calculat."},{"name":"$featureSet","type":"featureSet","description":"O colecție de obiecte spațiale din același tabel ca și $obiectul spațial care evaluează expresia."},{"name":"$datastore","type":"featureSetCollection","description":"O colecție de straturi tematice în același serviciu de obiect spațial sau bază de date ca și $obiectul spațial care execută scriptul."},{"name":"$editcontext","type":"dictionary","properties":[{"name":"editType","type":"text","description":"Indică dacă evenimentul de editare este INSERT, UPDATE, DELETE sau NA (neaplicabil)."}],"description":""}]},{"name":"Attribute rule constraint","id":"attribute-rule-constraint","bundles":["core","data-access","geometry","portal-access"],"variables":[{"name":"$feature","type":"feature","description":"Obiectul spațial care este calculat."},{"name":"$originalFeature","type":"feature","description":"Starea anterioară a obiectului spațial care este calculat."},{"name":"$featureSet","type":"featureSet","description":"O colecție de obiecte spațiale din același tabel ca și $obiectul spațial care evaluează expresia."},{"name":"$datastore","type":"featureSetCollection","description":"O colecție de straturi tematice în același serviciu de obiect spațial sau bază de date ca și $obiectul spațial care execută scriptul."},{"name":"$editcontext","type":"dictionary","properties":[{"name":"editType","type":"text","description":"Indică dacă evenimentul de editare este INSERT, UPDATE, DELETE sau NA (neaplicabil)."}],"description":""}]},{"name":"Attribute rule validation","id":"attribute-rule-validation","bundles":["core","data-access","geometry","portal-access"],"variables":[{"name":"$feature","type":"feature","description":"Obiectul spațial care este calculat."},{"name":"$featureSet","type":"featureSet","description":"O colecție de obiecte spațiale din același tabel ca și $obiectul spațial care evaluează expresia."},{"name":"$datastore","type":"featureSetCollection","description":"O colecție de straturi tematice în același serviciu de obiect spațial sau bază de date ca și $obiectul spațial care execută scriptul."}]},{"name":"Dashboard indicator formatting","id":"dashboard-indicator-formatting","bundles":["core"],"variables":[{"name":"$datapoint","type":"feature","description":"Punctul de date este evaluat pentru elementul vizual."},{"name":"$reference","type":"dictionary","description":"Valoarea de referință este evaluată pentru elementul vizual.","properties":[]}]},{"name":"Dashboard list formatting","id":"dashboard-list-formatting","bundles":["core"],"variables":[{"name":"$datapoint","type":"feature","description":"Punctul de date este evaluat pentru elementul vizual."}]},{"name":"Dashboard table formatting","id":"dashboard-table-formatting","bundles":["core"],"variables":[{"name":"$datapoint","type":"feature","description":"Punctul de date este evaluat pentru elementul vizual."},{"name":"$rowindex","type":"number","description":"Poziția unui rând în tabel (bazat pe zero)."}]},{"name":"Dashboard data","id":"dashboard-data","bundles":["core","geometry","data-access","portal-access","knowledge-graph"],"variables":[]},{"name":"Data Pipelines","id":"data-pipelines","bundles":["core"],"variables":[{"name":"$record","type":"dictionary","description":"Furnizați acces la valorile atributelor/câmpurilor din înregistrarea care este calculată.","properties":[]}]},{"name":"Dictionary renderer","id":"dictionary-renderer","bundles":["core","geometry"],"variables":[{"name":"$feature","type":"feature","description":"Obiectul spațial care urmează să fie trasat pe hartă."},{"name":"$config","type":"dictionary","description":"Un dicționar al valorilor de configurare.","properties":[]}]},{"name":"Experience Builder data","id":"experience-builder-data","bundles":["core","data-access","geometry","portal-access"],"variables":[]},{"name":"Experience Builder list item widget formatting","id":"experience-builder-list-item-widget-formatting","bundles":["core"],"variables":[{"name":"$feature","type":"feature","description":"Reprezintă obiectul spațial în elementul de listă."}]},{"name":"Experience Builder widget formatting","id":"experience-builder-widget-formatting","bundles":["core","data-access"],"variables":[{"name":"$dataSources","type":"dictionary","description":"Sursele de date utilizate de widget. Acesta este un dicționar care conține perechi cheie-valoare, unde fiecare cheie este un ID de sursă de date (de ex., „dataSource_1-187acf797e1-layer-5-selection”).","properties":[]}]},{"name":"Feature Display Title","id":"feature-display-title","bundles":["core"],"variables":[{"name":"$feature","type":"feature","description":"Obiectul spațial sau rândul pentru care se afișează un titlu în UI."}]},{"name":"Feature Z","id":"feature-z","bundles":["core","geometry"],"variables":[{"name":"$feature","type":"feature","description":"Obiectul spațial care necesită o valoare Z."}]},{"name":"Field calculation","id":"field-calculation","bundles":["core","data-access","geometry","portal-access","knowledge-graph","ai"],"variables":[{"name":"$feature","type":"feature","description":"Obiectul spațial care este calculat."},{"name":"$datastore","type":"featureSetCollection","description":"O colecție de straturi tematice în același serviciu de obiect spațial sau bază de date ca și $obiectul spațial care execută calculul."}]},{"name":"Field mapping","id":"field-mapping","bundles":["core","data-access","geometry","portal-access"],"variables":[{"name":"$sourceFeature","type":"feature","description":"Obiectul spațial sursă pentru această hartă de teren."},{"name":"$targetFeature","type":"feature","description":"Obiectul spațial țintă pentru această hartă de teren."},{"name":"$sourceLayer","type":"featureSet","description":"O colecție de obiecte spațiale din același strat tematic ca și $sourcefeature."},{"name":"$targetLayer","type":"featureSet","description":"O colecție de obiecte spațiale din același strat tematic ca și $targetfeature."},{"name":"$map","type":"featureSetCollection","description":"O colecție de straturi tematice ale expresiei arcade în execuție."},{"name":"$sourceDatastore","type":"featureSetCollection","description":"O colecție de straturi tematice din același depozit de date ca și $sourcelayer."},{"name":"$targetDatastore","type":"featureSetCollection","description":"O colecție de straturi tematice din același depozit de date ca și $targetlayer."}]},{"name":"Form Attachment Filename Calculation","id":"form-attachment-filename-calculation","bundles":["core","data-access","geometry","portal-access"],"variables":[{"name":"$feature","type":"feature","description":"Ă_The feature being calculated______________________________ș."},{"name":"$originalFeature","type":"feature","description":"Ă_The previous state of the feature being calculated___________________________ș."},{"name":"$layer","type":"featureSet","description":"Ă_A collection of features in the same layer as $feature_____________________________ș."},{"name":"$datastore","type":"featureSetCollection","description":"Ă_A collection of layers in the same feature service or database as $feature_______________________________________ș."},{"name":"$featureset","type":"featureSet","description":"Ă_A collection of features in the same table as $feature_____________________________ș."},{"name":"$map","type":"featureSetCollection","description":"Ă_A collection of feature service layers in the same map as $feature___________________________________ș."},{"name":"$formElement","type":"dictionary","description":"Ă_Information associated with the form element________________________ș.","properties":[{"name":"attachmentKeyword","type":"text","description":"Ă_A text value identifying the content of the attachment. When a file is attached using the form, this property can be used in determining a new filename for the attachment_______________________________________________________________________________________ș."},{"name":"label","type":"text","description":"Ă_A text value indicating what the element represents___________________________ș."},{"name":"description","type":"text","description":"Ă_A text value that describes the element in detail__________________________ș."}]}]},{"name":"Form calculation","id":"form-calculation","bundles":["core","data-access","geometry","portal-access","ai"],"variables":[{"name":"$feature","type":"feature","description":"Expune atributele obiectului spațial pentru utilizare în calcul"},{"name":"$originalFeature","type":"feature","description":"Starea anterioară a obiectului spațial care este calculat."},{"name":"$layer","type":"featureSet","description":"O colecție de obiecte spațiale din același strat tematic ca și $obiectul spațial."},{"name":"$datastore","type":"featureSetCollection","description":"O colecție de straturi tematice în același serviciu de obiect spațial sau bază de date ca și $obiectul spațial."},{"name":"$featureset","type":"featureSet","description":"O colecție de obiecte spațiale din același tabel ca și $obiectul spațial."},{"name":"$map","type":"featureSetCollection","description":"O colecție de straturi tematice de serviciu de obiect spațial din aceeași hartă ca și $feature."},{"name":"$editcontext","type":"dictionary","properties":[{"name":"editType","type":"text","description":"Indică dacă evenimentul de editare este INSERT, UPDATE, DELETE sau NA (neaplicabil)."}],"description":""}]},{"name":"Form Constraint","id":"form-constraint","bundles":["core","geometry","data-access","portal-access"],"variables":[{"name":"$feature","type":"feature","description":"Obiectul spațial este evaluat pentru constrângere."},{"name":"$originalFeature","type":"feature","description":"Starea anterioară a obiectului spațial."},{"name":"$layer","type":"featureSet","description":"O colecție de obiecte spațiale din același strat tematic ca și $obiectul spațial."},{"name":"$datastore","type":"featureSetCollection","description":"O colecție de straturi tematice în același serviciu de obiect spațial sau bază de date ca și $obiectul spațial."},{"name":"$featureset","type":"featureSet","description":"O colecție de obiecte spațiale din același tabel ca și $obiectul spațial."},{"name":"$map","type":"featureSetCollection","description":"O colecție de straturi tematice de serviciu de obiect spațial din aceeași hartă ca și $feature."},{"name":"$editcontext","type":"dictionary","properties":[{"name":"editType","type":"text","description":"Indică dacă evenimentul de editare este INSERT, UPDATE, DELETE sau NA (neaplicabil)."}],"description":""}]},{"name":"Geoanalytics","id":"geoanalytics","bundles":["core","geometry","track"],"variables":[{"name":"$feature","type":"feature","description":"Obiectul spațial care este calculat."}]},{"name":"Geotrigger notification","id":"geotrigger-notification","bundles":["core","geometry","data-access"],"variables":[{"name":"$feedFeature","type":"feature","description":"Obiectul spațial de intrare (de ex. o locație de dispozitiv sau un obiect spațial) care a determinat activarea geotrigger. Acest obiect spațial trebuie să includă o geometrie (de obicei un punct) și o schemă fixă cu următoarele proprietăți: „curs” (cursul locației în grade în sens antiorar, 0 fiind nordul real) și „precizie orizontală” (precizia orizontală a locației în metri)."},{"name":"$fenceFeature","type":"feature","description":"Obiectul spațial gard (de ex. o arie de interes) în care s-a intrat sau din care s-a ieșit și a cauzat activarea Geotrigger."},{"name":"$fenceLayer","type":"featureSet","description":"O colecție de obiecte spațiale din același strat tematic ca și $fenceFeature."},{"name":"$fenceNotificationType","type":"text","description":"O descriere a evenimentului care a avut loc - fie „intrat”, fie „ieșit”."}]},{"name":"Imagery popup","id":"popup-imagery","bundles":["core","geometry"],"variables":[{"name":"$pixel","type":"pixel","description":"Ă_The pixel value and other pixel-dependent information (e.g. classification category), including virtual raster fields, for the imagery layer currently displayed in the view________________________________________________________________________________________ș."},{"name":"$imageCollectionItem","type":"feature","description":"Ă_The metadata of the selected image collection item containing the pixel represented by `$pixel`. This value will be `null` if there is no associated image collection____________________________________________________________________________________ș."},{"name":"$view","type":"dictionary","description":"Ă_Properties available from the view___________________ș.","properties":[{"name":"scale","type":"number","description":"Ă_Returns the scale of the map at the time the expression evaluates__________________________________ș."},{"name":"timeProperties","type":"dictionary","properties":[{"name":"currentStart","type":"date","description":"Ă_The start time of the map's time extent as indicated by a time slider component at the time the expression evaluates. This value dynamically updates (and may trigger the re-execution of the Arcade expression) when a time slider is used to update time-aware popups based on date field. A `null` value indicates the start time is inclusive since the beginning of time________________________________________________________________________________________________________________________________________________________________________________________ș."},{"name":"currentEnd","type":"date","description":"Ă_The end time of the map's time extent as indicated by a time slider component at the time the expression evaluates. This value dynamically updates (and may trigger the re-execution of the Arcade expression) when a time slider is used to update time-aware popups based on date field. A `null` value indicates the end time is indefinite with no end_______________________________________________________________________________________________________________________________________________________________________________ș."},{"name":"startIncluded","type":"boolean","description":"Ă_Indicates if the `currentStart` date is included in the map's current time extent__________________________________________ș."},{"name":"endIncluded","type":"boolean","description":"Ă_Indicates if the `currentEnd` date is included in the map's current time extent_________________________________________ș."}],"description":""}]},{"name":"$userInput","description":"Ă_A geometry representing a user's input for a popup. Typically, this represents a location where the user clicked or tapped in a map to launch a popup. There may be cases where this value is a Point, an Extent, or `null` as popups are not always opened from map interaction. Therefore, it is advised to check the geometry type of this value before it is used____________________________________________________________________________________________________________________________________________________________________________________ș.","type":"geometry"}]},{"name":"Imagery popup element","id":"popup-element-imagery","bundles":["core","geometry"],"variables":[{"name":"$pixel","type":"pixel","description":"Ă_The pixel value and other pixel-dependent information (e.g. classification category), including virtual raster fields, for the imagery layer currently displayed in the view________________________________________________________________________________________ș."},{"name":"$imageCollectionItem","type":"feature","description":"Ă_The metadata of the selected image collection item containing the pixel represented by `$pixel`. This value will be `null` if there is no associated image collection____________________________________________________________________________________ș."},{"name":"$view","type":"dictionary","description":"Ă_Properties available from the view___________________ș.","properties":[{"name":"scale","type":"number","description":"Ă_Returns the scale of the map at the time the expression evaluates__________________________________ș."},{"name":"timeProperties","type":"dictionary","properties":[{"name":"currentStart","type":"date","description":"Ă_The start time of the map's time extent as indicated by a time slider component at the time the expression evaluates. This value dynamically updates (and may trigger the re-execution of the Arcade expression) when a time slider is used to update time-aware popups based on date field. A `null` value indicates the start time is inclusive since the beginning of time________________________________________________________________________________________________________________________________________________________________________________________ș."},{"name":"currentEnd","type":"date","description":"Ă_The end time of the map's time extent as indicated by a time slider component at the time the expression evaluates. This value dynamically updates (and may trigger the re-execution of the Arcade expression) when a time slider is used to update time-aware popups based on date field. A `null` value indicates the end time is indefinite with no end_______________________________________________________________________________________________________________________________________________________________________________ș."},{"name":"startIncluded","type":"boolean","description":"Ă_Indicates if the `currentStart` date is included in the map's current time extent__________________________________________ș."},{"name":"endIncluded","type":"boolean","description":"Ă_Indicates if the `currentEnd` date is included in the map's current time extent_________________________________________ș."}],"description":""}]},{"name":"$userInput","description":"Ă_A geometry representing a user's input for a popup. Typically, this represents a location where the user clicked or tapped in a map to launch a popup. There may be cases where this value is a Point, an Extent, or `null` as popups are not always opened from map interaction. Therefore, it is advised to check the geometry type of this value before it is used____________________________________________________________________________________________________________________________________________________________________________________ș.","type":"geometry"}]},{"name":"Labeling","id":"labeling","bundles":["core","geometry"],"variables":[{"name":"$feature","type":"feature","description":"Obiectul spațial a cărui etichetă urmează să fie trasată pe hartă."},{"name":"$view","type":"dictionary","description":"Proprietăți disponibile din vizualizare.","properties":[{"name":"scale","type":"number","description":"Returnează scara hărții la momentul la care expresia evaluează."},{"name":"timeProperties","type":"dictionary","properties":[{"name":"currentStart","type":"date","description":"Ora de începere a perioadei de timp a hărții conform indicației din componenta cursor de oră la momentul la care expresia evaluează. Această valoare se actualizează în mod dinamic (și poate declanșa re-executarea expresiei Arcade) când este utilizat un cursor de timp pentru a actualiza etichetele care țin seama de timp pe baza câmpului de dată. O valoare „null” indică faptul că ora de început include momentul de început."},{"name":"currentEnd","type":"date","description":"Ora de încheiere a perioadei de timp a hărții conform indicației din componenta cursor de oră la momentul la care expresia evaluează. Această valoare se actualizează în mod dinamic (și poate declanșa re-executarea expresiei Arcade) când este utilizat un cursor de timp pentru a actualiza etichetele care țin seama de timp pe baza câmpului de dată. O valoare „null” indică dacă ora de sfârșit este nedefinită fără sfârșit."},{"name":"startIncluded","type":"boolean","description":"Indică dacă data „currentStart” este inclusă în extinderea orei curente a hărții."},{"name":"endIncluded","type":"boolean","description":"Indică dacă data „currentEnd” este inclusă în extinderea orei curente a hărții."}],"description":""}]}]},{"name":"Layout","id":"layout","bundles":["core","geometry"],"variables":[{"name":"$feature","type":"feature","description":"Obiectul spațial ale cărui valori pot fi afișate în stratul tematic."}]},{"name":"Location update constraint","id":"location-update-constraint","bundles":["core","geometry"],"variables":[{"name":"$locationupdate","type":"dictionary","description":"Obiectul spațial cu locație actualizată (de ex. din GPS) este evaluat pentru constrângere.","properties":[{"name":"course","type":"number","description":"Cursul locației în grade în sens orar, 0 fiind nordul real."},{"name":"horizontalaccuracy","type":"number","description":"Precizia orizontală a locației în metri."},{"name":"verticalaccuracy","type":"number","description":"Precizia verticală a locației în metri."},{"name":"velocity","type":"number","description":"Viteza locației în metri pe secundă."}]}]},{"name":"Model Builder","id":"model-builder","bundles":["core","geometry","data-access","portal-access"],"variables":[{"name":"$variables","type":"dictionary","description":"Un dicționar care conține nume și valori de variabile.","properties":[]}]},{"name":"Measure visualization","id":"measure-visualization","bundles":["core","geometry"],"variables":[{"name":"$measure","type":"number","description":"Valoarea M interpolată pentru locația markerului."},{"name":"$feature","type":"feature","description":"Obiectul spațial care urmează să fie trasat pe hartă."},{"name":"$view","type":"dictionary","properties":[{"name":"scale","type":"number","description":"Returnează scara hărții la momentul la care expresia evaluează."}],"description":""}]},{"name":"Popup","id":"popup","bundles":["core","data-access","geometry","portal-access","knowledge-graph"],"variables":[{"name":"$feature","type":"feature","description":"Furnizați acces la atributele și geometria obiectului spațial al cărui popup urmează să fie afișat în vizualizare."},{"name":"$layer","description":"O colecție de obiecte spațiale din același strat tematic ca și $obiectul spațial al cărui popup este afișat în vizualizare.","type":"featureSet"},{"name":"$map","description":"O colecție de straturi tematice din aceeași hartă ca și $obiectul spațial al cărui popup este afișat în vizualizare. Această valoare poate fi „nulă” în cazurile în care un mesaj popup nu este asociat cu o hartă.","type":"featureSetCollection"},{"name":"$datastore","description":"O colecție de straturi tematice din același serviciu de obiect spațial sau bază de date ca $obiectul spațial al cărui popup este afișat în vizualizare.","type":"featureSetCollection"},{"name":"$userInput","description":"O geometrie reprezentând introducerea utilizatorului pentru un popup. De obicei, aceasta reprezintă o locație în care utilizatorul a făcut clic sau a atins un punct într-o hartă pentru a lansa un popup. Există numeroase cazuri în care această valoare este un punct, o extindere sau „nulă” deoarece popupurile nu sunt întotdeauna deschise din interacțiunea în hartă. Prin urmare, se recomandă să se verifice tipul geometriei acestei valori înainte de a o utiliza.","type":"geometry"},{"name":"$graph","description":"O diagramă de cunoștințe asociate cu obiectul spațial. Dacă nu este disponibilă nicio diagramă de cunoștințe, valoarea va fi „nulă”.","type":"knowledgeGraph"},{"name":"$view","type":"dictionary","description":"Proprietăți disponibile din vizualizare.","properties":[{"name":"scale","type":"number","description":"Returnează scara hărții la momentul la care expresia evaluează."},{"name":"timeProperties","type":"dictionary","properties":[{"name":"currentStart","type":"date","description":"Ora de începere a perioadei de timp a hărții conform indicației din componenta cursor de oră la momentul la care expresia evaluează. Această valoare se actualizează în mod dinamic (și poate declanșa re-executarea expresiei Arcade) când este utilizat un cursor de timp pentru a actualiza pop-upurile care țin seama de timp pe baza câmpului de dată. O valoare „null” indică faptul că ora de început include momentul de început."},{"name":"currentEnd","type":"date","description":"Ora de încheiere a perioadei de timp a hărții conform indicației din componenta cursor de oră la momentul la care expresia evaluează. Această valoare se actualizează în mod dinamic (și poate declanșa re-executarea expresiei Arcade) când este utilizat un cursor de timp pentru a actualiza pop-upurile care țin seama de timp pe baza câmpului de dată. O valoare „null” indică dacă ora de sfârșit este nedefinită fără sfârșit."},{"name":"startIncluded","type":"boolean","description":"Indică dacă data „currentStart” este inclusă în extinderea orei curente a hărții."},{"name":"endIncluded","type":"boolean","description":"Indică dacă data „currentEnd” este inclusă în extinderea orei curente a hărții."}],"description":""}]}]},{"name":"Popup element","id":"popup-element","bundles":["core","data-access","geometry","portal-access","knowledge-graph"],"variables":[{"name":"$feature","type":"feature","description":"Furnizați acces la atributele și geometria obiectului spațial al cărui popup urmează să fie afișat în vizualizare."},{"name":"$layer","description":"O colecție de obiecte spațiale din același strat tematic ca și $obiectul spațial al cărui popup este afișat în vizualizare.","type":"featureSet"},{"name":"$map","description":"O colecție de straturi tematice din aceeași hartă ca și $obiectul spațial al cărui popup este afișat în vizualizare. Această valoare poate fi „nulă” în cazurile în care un mesaj popup nu este asociat cu o hartă.","type":"featureSetCollection"},{"name":"$datastore","description":"O colecție de straturi tematice din același serviciu de obiect spațial sau bază de date ca $obiectul spațial al cărui popup este afișat în vizualizare.","type":"featureSetCollection"},{"name":"$userInput","description":"O geometrie reprezentând introducerea utilizatorului pentru un popup. De obicei, aceasta reprezintă o locație în care utilizatorul a făcut clic sau a atins un punct într-o hartă pentru a lansa un popup. Există numeroase cazuri în care această valoare este un punct, o extindere sau „nulă” deoarece popupurile nu sunt întotdeauna deschise din interacțiunea în hartă. Prin urmare, se recomandă să se verifice tipul geometriei acestei valori înainte de a o utiliza.","type":"geometry"},{"name":"$graph","description":"O diagramă de cunoștințe asociate cu obiectul spațial. Dacă nu este disponibilă nicio diagramă de cunoștințe, valoarea va fi „nulă”.","type":"knowledgeGraph"},{"name":"$view","type":"dictionary","description":"Proprietăți disponibile din vizualizare.","properties":[{"name":"scale","type":"number","description":"Returnează scara hărții la momentul la care expresia evaluează."},{"name":"timeProperties","type":"dictionary","properties":[{"name":"currentStart","type":"date","description":"Ora de începere a perioadei de timp a hărții conform indicației din componenta cursor de oră la momentul la care expresia evaluează. Această valoare se actualizează în mod dinamic (și poate declanșa re-executarea expresiei Arcade) când este utilizat un cursor de timp pentru a actualiza pop-upurile care țin seama de timp pe baza câmpului de dată. O valoare „null” indică faptul că ora de început include momentul de început."},{"name":"currentEnd","type":"date","description":"Ora de încheiere a perioadei de timp a hărții conform indicației din componenta cursor de oră la momentul la care expresia evaluează. Această valoare se actualizează în mod dinamic (și poate declanșa re-executarea expresiei Arcade) când este utilizat un cursor de timp pentru a actualiza pop-upurile care țin seama de timp pe baza câmpului de dată. O valoare „null” indică dacă ora de sfârșit este nedefinită fără sfârșit."},{"name":"startIncluded","type":"boolean","description":"Indică dacă data „currentStart” este inclusă în extinderea orei curente a hărții."},{"name":"endIncluded","type":"boolean","description":"Indică dacă data „currentEnd” este inclusă în extinderea orei curente a hărții."}],"description":""}]}]},{"name":"Popup feature reduction","id":"popup-feature-reduction","bundles":["core","data-access","geometry","portal-access"],"variables":[{"name":"$feature","type":"feature","description":"Oferă acces la câmpurile agregate definite în popupurile de grupare sau coș."},{"name":"$aggregatedFeatures","description":"Un FeatureSet care conține toate obiectele spațiale reprezentate de grupare sau coș.","type":"featureSet"},{"name":"$view","type":"dictionary","description":"Proprietăți disponibile din vizualizare.","properties":[{"name":"scale","type":"number","description":"Returnează scara hărții la momentul la care expresia evaluează."},{"name":"timeProperties","type":"dictionary","properties":[{"name":"currentStart","type":"date","description":"Ora de începere a perioadei de timp a hărții conform indicației din componenta cursor de oră la momentul la care expresia evaluează. Această valoare se actualizează în mod dinamic (și poate declanșa re-executarea expresiei Arcade) când este utilizat un cursor de timp pentru a actualiza pop-upurile care țin seama de timp pe baza câmpului de dată. O valoare „null” indică faptul că ora de început include momentul de început."},{"name":"currentEnd","type":"date","description":"Ora de încheiere a perioadei de timp a hărții conform indicației din componenta cursor de oră la momentul la care expresia evaluează. Această valoare se actualizează în mod dinamic (și poate declanșa re-executarea expresiei Arcade) când este utilizat un cursor de timp pentru a actualiza pop-upurile care țin seama de timp pe baza câmpului de dată. O valoare „null” indică dacă ora de sfârșit este nedefinită fără sfârșit."},{"name":"startIncluded","type":"boolean","description":"Indică dacă data „currentStart” este inclusă în extinderea orei curente a hărții."},{"name":"endIncluded","type":"boolean","description":"Indică dacă data „currentEnd” este inclusă în extinderea orei curente a hărții."}],"description":""}]}]},{"name":"Popup element feature reduction","id":"popup-element-feature-reduction","bundles":["core","data-access","geometry","portal-access"],"variables":[{"name":"$feature","type":"feature","description":"Oferă acces la câmpurile agregate definite în popupurile de grupare sau coș."},{"name":"$aggregatedFeatures","description":"Un FeatureSet care conține toate obiectele spațiale reprezentate de grupare sau coș.","type":"featureSet"},{"name":"$view","type":"dictionary","description":"Proprietăți disponibile din vizualizare.","properties":[{"name":"scale","type":"number","description":"Returnează scara hărții la momentul la care expresia evaluează."},{"name":"timeProperties","type":"dictionary","properties":[{"name":"currentStart","type":"date","description":"Ora de începere a perioadei de timp a hărții conform indicației din componenta cursor de oră la momentul la care expresia evaluează. Această valoare se actualizează în mod dinamic (și poate declanșa re-executarea expresiei Arcade) când este utilizat un cursor de timp pentru a actualiza pop-upurile care țin seama de timp pe baza câmpului de dată. O valoare „null” indică faptul că ora de început include momentul de început."},{"name":"currentEnd","type":"date","description":"Ora de încheiere a perioadei de timp a hărții conform indicației din componenta cursor de oră la momentul la care expresia evaluează. Această valoare se actualizează în mod dinamic (și poate declanșa re-executarea expresiei Arcade) când este utilizat un cursor de timp pentru a actualiza pop-upurile care țin seama de timp pe baza câmpului de dată. O valoare „null” indică dacă ora de sfârșit este nedefinită fără sfârșit."},{"name":"startIncluded","type":"boolean","description":"Indică dacă data „currentStart” este inclusă în extinderea orei curente a hărții."},{"name":"endIncluded","type":"boolean","description":"Indică dacă data „currentEnd” este inclusă în extinderea orei curente a hărții."}],"description":""}]}]},{"name":"Quick Capture","id":"quick-capture","bundles":["core","data-access","geometry","portal-access"],"variables":[{"name":"$feature","type":"feature","description":"Expune atributele obiectului spațial pentru utilizare în calcul."},{"name":"$layer","type":"featureSet","description":"O colecție de obiecte spațiale din același strat tematic ca și $obiectul spațial."},{"name":"$datastore","type":"featureSetCollection","description":"O colecție de straturi tematice în același serviciu de obiect spațial sau bază de date ca și $obiectul spațial."},{"name":"$map","type":"featureSetCollection","description":"O colecție de straturi tematice de serviciu de obiect spațial din harta utilizată de proiectul QuickCapture. Această variabilă poate fi „nulă”."}]},{"name":"Tasks","id":"tasks","bundles":["core","data-access","geometry","portal-access"],"variables":[{"name":"$feature","description":"Obiectul spațial care este evaluat de sarcină.","type":"feature"},{"name":"$datastore","description":"O colecție de straturi tematice în același serviciu de obiect spațial sau bază de date ca și $obiectul spațial care este evaluat de sarcină.","type":"featureSetCollection"}]},{"name":"Velocity","id":"velocity","bundles":["core","geometry","track"],"variables":[{"name":"$feature","type":"feature","description":"În instrumente analitice cu intrări unice, obiectul spațial care este calculat, evaluat sau operat."},{"name":"$target","type":"feature","description":"În instrumentele analitice cu două intrări, obiectul spațial care este evaluat pentru filtrare sau îmbogățire."},{"name":"$join","type":"feature","description":"În instrumente analitice cu două intrări, obiectul spațial care furnizează valorile pentru evaluarea sau îmbogățirea obiectului spațial țintă."},{"name":"$analytic","type":"dictionary","description":"Valorile de timp asociate cu analiza, cum ar fi timpul de început, timpul ultimei încheieri etc.","properties":[]}]},{"name":"Visualization","id":"visualization","bundles":["core","geometry"],"variables":[{"name":"$feature","description":"Obiectul spațial care urmează să fie trasat pe hartă.","type":"feature"},{"name":"$view","type":"dictionary","description":"Proprietăți disponibile din vizualizare.","properties":[{"name":"scale","type":"number","description":"Returnează scara hărții la momentul la care expresia evaluează."},{"name":"timeProperties","type":"dictionary","properties":[{"name":"currentStart","type":"date","description":"Ora de începere a perioadei de timp a hărții conform indicației din componenta cursor de oră la momentul la care expresia evaluează. Această valoare se actualizează în mod dinamic (și poate declanșa re-executarea expresiei Arcade) când este utilizat un cursor de timp pentru a actualiza vizualizările care țin seama de timp pe baza câmpului de dată. O valoare „null” indică faptul că ora de început include momentul de început."},{"name":"currentEnd","type":"date","description":"Ora de încheiere a perioadei de timp a hărții conform indicației din componenta cursor de oră la momentul la care expresia evaluează. Această valoare se actualizează în mod dinamic (și poate declanșa re-executarea expresiei Arcade) când este utilizat un cursor de timp pentru a actualiza vizualizările care țin seama de timp pe baza câmpului de dată. O valoare „null” indică dacă ora de sfârșit este nedefinită fără sfârșit."},{"name":"startIncluded","type":"boolean","description":"Indică dacă data „currentStart” este inclusă în extinderea orei curente a hărții."},{"name":"endIncluded","type":"boolean","description":"Indică dacă data „currentEnd” este inclusă în extinderea orei curente a hărții."}],"description":""}]}]},{"name":"Voxel popup","id":"popup-voxel","bundles":["core"],"variables":[{"name":"$voxel","type":"voxel","description":"Oferă acces la atributele voxel al căror mesaj popup urmează să fie afișat în scenă."}]},{"name":"Voxel popup element","id":"popup-element-voxel","bundles":["core"],"variables":[{"name":"$voxel","type":"voxel","description":"Oferă acces la atributele voxel al căror mesaj popup urmează să fie afișat în scenă."}]}]