[{"name":"Minimalist","id":"minimalist","bundles":["core","data-access","geometry","portal-access"],"variables":[]},{"name":"Aggregate Field","id":"aggregate-field","bundles":["core","geometry"],"variables":[{"name":"$feature","description":"ישות בודדת כלולה ביישות צבירה. אפשרות זו מעניקה גישה לכל מאפיני השדה של היישות.","type":"feature"}]},{"name":"Alias","id":"alias","bundles":["core","geometry"],"variables":[{"name":"$value","type":"number","description":"הערך המספרי עבורו יש לקבל כינוי טקסט."},{"name":"$feature","type":"feature","description":"היישות עבורה יש לקבל כינוי טקסט."}]},{"name":"Attribute rule calculation","id":"attribute-rule-calculation","bundles":["core","data-access","database","geometry","portal-access","ai"],"variables":[{"name":"$feature","type":"feature","description":"הישות המחושבת."},{"name":"$originalFeature","type":"feature","description":"המצב הקודם של הישות המחושבת."},{"name":"$featureSet","type":"featureSet","description":"אוסף ישויות באותה טבלה כמו ה-$feature שמעריכה את הביטוי."},{"name":"$datastore","type":"featureSetCollection","description":"אוסף ישויות באותו שירות ישויות או מסד נתוםי כמו ה-$feature שמבצעת את הסקריפט."},{"name":"$editcontext","type":"dictionary","properties":[{"name":"editType","type":"text","description":"מציין האם אירוע העריכה הוא הוספה, עדכון, מחיקה או NA (לא ישים)."}],"description":""}]},{"name":"Attribute rule constraint","id":"attribute-rule-constraint","bundles":["core","data-access","geometry","portal-access"],"variables":[{"name":"$feature","type":"feature","description":"הישות המחושבת."},{"name":"$originalFeature","type":"feature","description":"המצב הקודם של הישות המחושבת."},{"name":"$featureSet","type":"featureSet","description":"אוסף ישויות באותה טבלה כמו ה-$feature שמעריכה את הביטוי."},{"name":"$datastore","type":"featureSetCollection","description":"אוסף ישויות באותו שירות ישויות או מסד נתוםי כמו ה-$feature שמבצעת את הסקריפט."},{"name":"$editcontext","type":"dictionary","properties":[{"name":"editType","type":"text","description":"מציין האם אירוע העריכה הוא הוספה, עדכון, מחיקה או NA (לא ישים)."}],"description":""}]},{"name":"Attribute rule validation","id":"attribute-rule-validation","bundles":["core","data-access","geometry","portal-access"],"variables":[{"name":"$feature","type":"feature","description":"הישות המחושבת."},{"name":"$featureSet","type":"featureSet","description":"אוסף ישויות באותה טבלה כמו ה-$feature שמעריכה את הביטוי."},{"name":"$datastore","type":"featureSetCollection","description":"אוסף ישויות באותו שירות ישויות או מסד נתוםי כמו ה-$feature שמבצעת את הסקריפט."}]},{"name":"Dashboard indicator formatting","id":"dashboard-indicator-formatting","bundles":["core"],"variables":[{"name":"$datapoint","type":"feature","description":"הנתונים שעוברים הערכה עבור הרכיב החזותי."},{"name":"$reference","type":"dictionary","description":"ערך הייחוס שעובר הערכה עבור הרכיב החזותי.","properties":[]}]},{"name":"Dashboard list formatting","id":"dashboard-list-formatting","bundles":["core"],"variables":[{"name":"$datapoint","type":"feature","description":"הנתונים שעוברים הערכה עבור הרכיב החזותי."}]},{"name":"Dashboard table formatting","id":"dashboard-table-formatting","bundles":["core"],"variables":[{"name":"$datapoint","type":"feature","description":"הנתונים שעוברים הערכה עבור הרכיב החזותי."},{"name":"$rowindex","type":"number","description":"המיקום של שורה בטבלה (בסיס אפס)."}]},{"name":"Dashboard data","id":"dashboard-data","bundles":["core","geometry","data-access","portal-access","knowledge-graph"],"variables":[]},{"name":"Data Pipelines","id":"data-pipelines","bundles":["core"],"variables":[{"name":"$record","type":"dictionary","description":"מתן גישה לערכי המאפיינים/שדות של הרשומה המחושבת.","properties":[]}]},{"name":"Dictionary renderer","id":"dictionary-renderer","bundles":["core","geometry"],"variables":[{"name":"$feature","type":"feature","description":"היישות שיש לשרטט במפה."},{"name":"$config","type":"dictionary","description":"מילון של ערכי תצורה.","properties":[]}]},{"name":"Experience Builder data","id":"experience-builder-data","bundles":["core","data-access","geometry","portal-access"],"variables":[]},{"name":"Experience Builder list item widget formatting","id":"experience-builder-list-item-widget-formatting","bundles":["core"],"variables":[{"name":"$feature","type":"feature","description":"מייצג את הישות בפריט הרשימה."}]},{"name":"Experience Builder widget formatting","id":"experience-builder-widget-formatting","bundles":["core","data-access"],"variables":[{"name":"$dataSources","type":"dictionary","description":"מקורות הנתונים בהם משתמש הווידג'ט. זהו מילון שמכיל זוגות מפתח-ערך, כאשר כל מפתח הוא מזהה של מקור נתונים (לדוגמה: `dataSource_1-187acf797e1-layer-5-selection`).","properties":[]}]},{"name":"Feature Display Title","id":"feature-display-title","bundles":["core"],"variables":[{"name":"$feature","type":"feature","description":"היישות, או השורה, שעבורה יש להציג כותרת בממשק המשתמש."}]},{"name":"Feature Z","id":"feature-z","bundles":["core","geometry"],"variables":[{"name":"$feature","type":"feature","description":"היישות שעבורה נדרש ערך Z."}]},{"name":"Field calculation","id":"field-calculation","bundles":["core","data-access","geometry","portal-access","knowledge-graph","ai"],"variables":[{"name":"$feature","type":"feature","description":"הישות המחושבת."},{"name":"$datastore","type":"featureSetCollection","description":"אוסף ישויות באותו שירות ישויות או מסד נתונים כמו ה-$feature שמבצעת את החישוב."}]},{"name":"Field mapping","id":"field-mapping","bundles":["core","data-access","geometry","portal-access"],"variables":[{"name":"$sourceFeature","type":"feature","description":"ישות המקור עבור מפת השדה."},{"name":"$targetFeature","type":"feature","description":"ישות היעד עבור מפת השדה."},{"name":"$sourceLayer","type":"featureSet","description":"אוסף ישויות באותה שכבה כמו $sourcelayer."},{"name":"$targetLayer","type":"featureSet","description":"אוסף ישויות באותה שכבה כמו $targetlayer."},{"name":"$map","type":"featureSetCollection","description":"אוסף שכבות במפה של ביטוי Arcade המתבצע."},{"name":"$sourceDatastore","type":"featureSetCollection","description":"אוסף שכבות באותו מאגר נתונים כמו ה-$sourcelayer."},{"name":"$targetDatastore","type":"featureSetCollection","description":"אוסף שכבות באותו מאגר נתונים כמו ה-$targetlayer."}]},{"name":"Form Attachment Filename Calculation","id":"form-attachment-filename-calculation","bundles":["core","data-access","geometry","portal-access"],"variables":[{"name":"$feature","type":"feature","description":"כן_The feature being calculated______________________________ש."},{"name":"$originalFeature","type":"feature","description":"כן_The previous state of the feature being calculated___________________________ש."},{"name":"$layer","type":"featureSet","description":"כן_A collection of features in the same layer as $feature_____________________________ש."},{"name":"$datastore","type":"featureSetCollection","description":"כן_A collection of layers in the same feature service or database as $feature_______________________________________ש."},{"name":"$featureset","type":"featureSet","description":"כן_A collection of features in the same table as $feature_____________________________ש."},{"name":"$map","type":"featureSetCollection","description":"כן_A collection of feature service layers in the same map as $feature___________________________________ש."},{"name":"$formElement","type":"dictionary","description":"כן_Information associated with the form element________________________ש.","properties":[{"name":"attachmentKeyword","type":"text","description":"כן_A text value identifying the content of the attachment. When a file is attached using the form, this property can be used in determining a new filename for the attachment_______________________________________________________________________________________ש."},{"name":"label","type":"text","description":"כן_A text value indicating what the element represents___________________________ש."},{"name":"description","type":"text","description":"כן_A text value that describes the element in detail__________________________ש."}]}]},{"name":"Form calculation","id":"form-calculation","bundles":["core","data-access","geometry","portal-access","ai"],"variables":[{"name":"$feature","type":"feature","description":"חושף את מאפייני היישות לשימוש בחישוב."},{"name":"$originalFeature","type":"feature","description":"המצב הקודם של הישות המחושבת."},{"name":"$layer","type":"featureSet","description":"אוסף ישויות באותה שכבה כמו $feature."},{"name":"$datastore","type":"featureSetCollection","description":"אוסף ישויות באותו שירות ישויות או מסד נתונים כמו $feature."},{"name":"$featureset","type":"featureSet","description":"אוסף ישויות באותה טבלה כמו $feature."},{"name":"$map","type":"featureSetCollection","description":"אוסף שכבות שירות ישויות באותה מפה כמו $feature."},{"name":"$editcontext","type":"dictionary","properties":[{"name":"editType","type":"text","description":"מציין האם אירוע העריכה הוא הוספה, עדכון, מחיקה או NA (לא ישים)."}],"description":""}]},{"name":"Form Constraint","id":"form-constraint","bundles":["core","geometry","data-access","portal-access"],"variables":[{"name":"$feature","type":"feature","description":"הישות שעוברת הערכה עבור ההגבלה."},{"name":"$originalFeature","type":"feature","description":"המצב הקודם של הישות."},{"name":"$layer","type":"featureSet","description":"אוסף ישויות באותה שכבה כמו $feature."},{"name":"$datastore","type":"featureSetCollection","description":"אוסף ישויות באותו שירות ישויות או מסד נתונים כמו $feature."},{"name":"$featureset","type":"featureSet","description":"אוסף ישויות באותה טבלה כמו $feature."},{"name":"$map","type":"featureSetCollection","description":"אוסף שכבות שירות ישויות באותה מפה כמו $feature."},{"name":"$editcontext","type":"dictionary","properties":[{"name":"editType","type":"text","description":"מציין האם אירוע העריכה הוא הוספה, עדכון, מחיקה או NA (לא ישים)."}],"description":""}]},{"name":"Geoanalytics","id":"geoanalytics","bundles":["core","geometry","track"],"variables":[{"name":"$feature","type":"feature","description":"הישות המחושבת."}]},{"name":"Geotrigger notification","id":"geotrigger-notification","bundles":["core","geometry","data-access"],"variables":[{"name":"$feedFeature","type":"feature","description":"ישות הקלט (כגון מיקום מכשיר או ישות) שגרמה להפעלת ה-Geotrigger. ישות זו חייבת לכלול גיאומטריה (בדרך כלל נקודה) וסכמה קבועה עם המאפיינים הבאים: 'מסלול' (מסלול המיקום במעלות בכיוון השעון, כאשר 0 הוא הצפון האמיתי), ו'דיוק אופקי' (הדיוק האופקי של המיקום במטרים)."},{"name":"$fenceFeature","type":"feature","description":"ישות הגדר (כגון אזור עניין) שאליה בוצעו כניסה או יציאה ושגרמה להפעלת ה-Geotrigger."},{"name":"$fenceLayer","type":"featureSet","description":"אוסף ישויות באותה שכבה כמו $fenceFeature."},{"name":"$fenceNotificationType","type":"text","description":"תיאור של האירוע שהתרחש - \"נכנס\" או \"יצא\"."}]},{"name":"Imagery popup","id":"popup-imagery","bundles":["core","geometry"],"variables":[{"name":"$pixel","type":"pixel","description":"כן_The pixel value and other pixel-dependent information (e.g. classification category), including virtual raster fields, for the imagery layer currently displayed in the view________________________________________________________________________________________ש."},{"name":"$imageCollectionItem","type":"feature","description":"כן_The metadata of the selected image collection item containing the pixel represented by `$pixel`. This value will be `null` if there is no associated image collection____________________________________________________________________________________ש."},{"name":"$view","type":"dictionary","description":"כן_Properties available from the view___________________ש.","properties":[{"name":"scale","type":"number","description":"כן_Returns the scale of the map at the time the expression evaluates__________________________________ש."},{"name":"timeProperties","type":"dictionary","properties":[{"name":"currentStart","type":"date","description":"כן_The start time of the map's time extent as indicated by a time slider component at the time the expression evaluates. This value dynamically updates (and may trigger the re-execution of the Arcade expression) when a time slider is used to update time-aware popups based on date field. A `null` value indicates the start time is inclusive since the beginning of time________________________________________________________________________________________________________________________________________________________________________________________ש."},{"name":"currentEnd","type":"date","description":"כן_The end time of the map's time extent as indicated by a time slider component at the time the expression evaluates. This value dynamically updates (and may trigger the re-execution of the Arcade expression) when a time slider is used to update time-aware popups based on date field. A `null` value indicates the end time is indefinite with no end_______________________________________________________________________________________________________________________________________________________________________________ש."},{"name":"startIncluded","type":"boolean","description":"כן_Indicates if the `currentStart` date is included in the map's current time extent__________________________________________ש."},{"name":"endIncluded","type":"boolean","description":"כן_Indicates if the `currentEnd` date is included in the map's current time extent_________________________________________ש."}],"description":""}]},{"name":"$userInput","description":"כן_A geometry representing a user's input for a popup. Typically, this represents a location where the user clicked or tapped in a map to launch a popup. There may be cases where this value is a Point, an Extent, or `null` as popups are not always opened from map interaction. Therefore, it is advised to check the geometry type of this value before it is used____________________________________________________________________________________________________________________________________________________________________________________ש.","type":"geometry"}]},{"name":"Imagery popup element","id":"popup-element-imagery","bundles":["core","geometry"],"variables":[{"name":"$pixel","type":"pixel","description":"כן_The pixel value and other pixel-dependent information (e.g. classification category), including virtual raster fields, for the imagery layer currently displayed in the view________________________________________________________________________________________ש."},{"name":"$imageCollectionItem","type":"feature","description":"כן_The metadata of the selected image collection item containing the pixel represented by `$pixel`. This value will be `null` if there is no associated image collection____________________________________________________________________________________ש."},{"name":"$view","type":"dictionary","description":"כן_Properties available from the view___________________ש.","properties":[{"name":"scale","type":"number","description":"כן_Returns the scale of the map at the time the expression evaluates__________________________________ש."},{"name":"timeProperties","type":"dictionary","properties":[{"name":"currentStart","type":"date","description":"כן_The start time of the map's time extent as indicated by a time slider component at the time the expression evaluates. This value dynamically updates (and may trigger the re-execution of the Arcade expression) when a time slider is used to update time-aware popups based on date field. A `null` value indicates the start time is inclusive since the beginning of time________________________________________________________________________________________________________________________________________________________________________________________ש."},{"name":"currentEnd","type":"date","description":"כן_The end time of the map's time extent as indicated by a time slider component at the time the expression evaluates. This value dynamically updates (and may trigger the re-execution of the Arcade expression) when a time slider is used to update time-aware popups based on date field. A `null` value indicates the end time is indefinite with no end_______________________________________________________________________________________________________________________________________________________________________________ש."},{"name":"startIncluded","type":"boolean","description":"כן_Indicates if the `currentStart` date is included in the map's current time extent__________________________________________ש."},{"name":"endIncluded","type":"boolean","description":"כן_Indicates if the `currentEnd` date is included in the map's current time extent_________________________________________ש."}],"description":""}]},{"name":"$userInput","description":"כן_A geometry representing a user's input for a popup. Typically, this represents a location where the user clicked or tapped in a map to launch a popup. There may be cases where this value is a Point, an Extent, or `null` as popups are not always opened from map interaction. Therefore, it is advised to check the geometry type of this value before it is used____________________________________________________________________________________________________________________________________________________________________________________ש.","type":"geometry"}]},{"name":"Labeling","id":"labeling","bundles":["core","geometry"],"variables":[{"name":"$feature","type":"feature","description":"היישות שאת התווית שלה יש לשרטט במפה."},{"name":"$view","type":"dictionary","description":"מאפיינים אשר זמינים מהתצוגה.","properties":[{"name":"scale","type":"number","description":"מחזיר את קנה המידה של המפה במועד הערכת הביטוי."},{"name":"timeProperties","type":"dictionary","properties":[{"name":"currentStart","type":"date","description":"זמן ההתחלה של תיחום זמן המפה כפי שמצוין על ידי רכיב מחוון זמן ובשעה שבה הביטוי מעריך. ערך זה מתעדכן דינמית (ועשוי ליזום את הביצוע מחדש של ביטוי ה-Arcade) כאשר מחון זמן משמש לעדכון תוויות מודעות-לזמן שמתבססות על שדה תאריך. ערך NULL מציין את שעת ההתחלה שהיא אינקלוסיבית מאז ראשית הימים."},{"name":"currentEnd","type":"date","description":"זמן הסיום של תיחום זמן המפה כפי שמצוין על ידי רכיב מחוון זמן ובשעה שבה הביטוי מעריך. ערך זה מתעדכן דינמית (ועשוי ליזום את הביצוע מחדש של ביטוי ה-Arcade) כאשר מחון זמן משמש לעדכון הצגות תוויות מודעות-לזמן שמתבססות על שדה תאריך. ערך NULL מציין את שעת הסיום שהיא ללא סוף ללא סיום."},{"name":"startIncluded","type":"boolean","description":"מציין אם התאריך 'currentStart' נכלל בתיחום הזמן הנוכחי של המפה."},{"name":"endIncluded","type":"boolean","description":"מציין אם התאריך 'currentEnd' נכלל בתיחום הזמן הנוכחי של המפה."}],"description":""}]}]},{"name":"Layout","id":"layout","bundles":["core","geometry"],"variables":[{"name":"$feature","type":"feature","description":"הישות שהערכים שלה יכולים להיות מוצגים בפריסה."}]},{"name":"Location update constraint","id":"location-update-constraint","bundles":["core","geometry"],"variables":[{"name":"$locationupdate","type":"dictionary","description":"ישות עדכון המיקום (כגון מ-GPS) שעוברת הערכה עבור ההגבלה.","properties":[{"name":"course","type":"number","description":"מסלול המיקום במעלות בכיוון השעון, כאשר 0 הוא צפון אמיתי."},{"name":"horizontalaccuracy","type":"number","description":"הדיוק האופקי של המיקום במטרים."},{"name":"verticalaccuracy","type":"number","description":"הדיוק האנכי של המיקום במטרים."},{"name":"velocity","type":"number","description":"מהירות המיקום במטר לשנייה."}]}]},{"name":"Model Builder","id":"model-builder","bundles":["core","geometry","data-access","portal-access"],"variables":[{"name":"$variables","type":"dictionary","description":"מילון שמכיל שמות וערכים של משתנים.","properties":[]}]},{"name":"Measure visualization","id":"measure-visualization","bundles":["core","geometry"],"variables":[{"name":"$measure","type":"number","description":"ערך M שעבר אינטרפולציה עבור מיקום הסמן."},{"name":"$feature","type":"feature","description":"היישות שיש לשרטט במפה."},{"name":"$view","type":"dictionary","properties":[{"name":"scale","type":"number","description":"מחזיר את קנה המידה של המפה במועד הערכת הביטוי."}],"description":""}]},{"name":"Popup","id":"popup","bundles":["core","data-access","geometry","portal-access","knowledge-graph"],"variables":[{"name":"$feature","type":"feature","description":"מספק גישה למאפיינים ולגיאומטריה של היישות שאת החלון הקופץ שלה יש להציג בתצוגה."},{"name":"$layer","description":"אוסף ישויות באותה שכבה כמו ה-$feature שהחלון הקופץ שלה מוצג בתצוגה.","type":"featureSet"},{"name":"$map","description":"אוסף שכבות באותה מפה כמו ה-$feature שהחלון הקופץ שלה מוצג בתצוגה. ערך זה עשוי להיות `null` במקרים שבהם חלון קופץ לא משויך עם המפה.","type":"featureSetCollection"},{"name":"$datastore","description":"אוסף שכבות באותו שירות ישויות או מסד נתונים כמו ה-$feature שהחלון הקופץ שלה מוצג בתצוגה.","type":"featureSetCollection"},{"name":"$userInput","description":"גיאומטריה שמייצגת קלט משתמש עבור חלון קופץ. בדרך כלל, הדבר מייצג מיקום שעליו המשתמש לחץ או הקיש במפה כדי לפתוח חלון קופץ. ייתכנו מקרים שבהם ערך זה הוא נקודה, תיחום או `null` מכיוון שחלונות קופצים לא תמיד נפתחים מאינטראקציה עם המפה. לפיכך, מומלץ לבדוק את סוג הגיאומטריה של ערך זה לפני השימוש בו.","type":"geometry"},{"name":"$graph","description":"גרף ידע המשויך עם היישות. אם אין גרף ידע זמין, הערך יהיה 'null'.","type":"knowledgeGraph"},{"name":"$view","type":"dictionary","description":"מאפיינים אשר זמינים מהתצוגה.","properties":[{"name":"scale","type":"number","description":"מחזיר את קנה המידה של המפה במועד הערכת הביטוי."},{"name":"timeProperties","type":"dictionary","properties":[{"name":"currentStart","type":"date","description":"זמן ההתחלה של תיחום זמן המפה כפי שמצוין על ידי רכיב מחוון זמן ובשעה שבה הביטוי מעריך. ערך זה מתעדכן דינמית (ועשוי ליזום את הביצוע מחדש של ביטוי ה-Arcade) כאשר מחון זמן משמש לעדכון חלונות קופצים מודעים-לזמן שמתבססים על שדה תאריך. ערך NULL מציין את שעת ההתחלה שהיא אינקלוסיבית מאז ראשית הימים."},{"name":"currentEnd","type":"date","description":"זמן הסיום של תיחום זמן המפה כפי שמצוין על ידי רכיב מחוון זמן ובשעה שבה הביטוי מעריך. ערך זה מתעדכן דינמית (ועשוי ליזום את הביצוע מחדש של ביטוי ה-Arcade) כאשר מחון זמן משמש לעדכון חלונות קופצים מודעים-לזמן שמתבססים על שדה תאריך. ערך NULL מציין את שעת הסיום שהיא ללא סוף ללא סיום."},{"name":"startIncluded","type":"boolean","description":"מציין אם התאריך 'currentStart' נכלל בתיחום הזמן הנוכחי של המפה."},{"name":"endIncluded","type":"boolean","description":"מציין אם התאריך 'currentEnd' נכלל בתיחום הזמן הנוכחי של המפה."}],"description":""}]}]},{"name":"Popup element","id":"popup-element","bundles":["core","data-access","geometry","portal-access","knowledge-graph"],"variables":[{"name":"$feature","type":"feature","description":"מספק גישה למאפיינים ולגיאומטריה של היישות שאת החלון הקופץ שלה יש להציג בתצוגה."},{"name":"$layer","description":"אוסף ישויות באותה שכבה כמו ה-$feature שהחלון הקופץ שלה מוצג בתצוגה.","type":"featureSet"},{"name":"$map","description":"אוסף שכבות באותה מפה כמו ה-$feature שהחלון הקופץ שלה מוצג בתצוגה. ערך זה עשוי להיות `null` במקרים שבהם חלון קופץ לא משויך עם המפה.","type":"featureSetCollection"},{"name":"$datastore","description":"אוסף שכבות באותו שירות ישויות או מסד נתונים כמו ה-$feature שהחלון הקופץ שלה מוצג בתצוגה.","type":"featureSetCollection"},{"name":"$userInput","description":"גיאומטריה שמייצגת קלט משתמש עבור חלון קופץ. בדרך כלל, הדבר מייצג מיקום שעליו המשתמש לחץ או הקיש במפה כדי לפתוח חלון קופץ. ייתכנו מקרים שבהם ערך זה הוא נקודה, תיחום או `null` מכיוון שחלונות קופצים לא תמיד נפתחים מאינטראקציה עם המפה. לפיכך, מומלץ לבדוק את סוג הגיאומטריה של ערך זה לפני השימוש בו.","type":"geometry"},{"name":"$graph","description":"גרף ידע המשויך עם היישות. אם אין גרף ידע זמין, הערך יהיה 'null'.","type":"knowledgeGraph"},{"name":"$view","type":"dictionary","description":"מאפיינים אשר זמינים מהתצוגה.","properties":[{"name":"scale","type":"number","description":"מחזיר את קנה המידה של המפה במועד הערכת הביטוי."},{"name":"timeProperties","type":"dictionary","properties":[{"name":"currentStart","type":"date","description":"זמן ההתחלה של תיחום זמן המפה כפי שמצוין על ידי רכיב מחוון זמן ובשעה שבה הביטוי מעריך. ערך זה מתעדכן דינמית (ועשוי ליזום את הביצוע מחדש של ביטוי ה-Arcade) כאשר מחון זמן משמש לעדכון חלונות קופצים מודעים-לזמן שמתבססים על שדה תאריך. ערך NULL מציין את שעת ההתחלה שהיא אינקלוסיבית מאז ראשית הימים."},{"name":"currentEnd","type":"date","description":"זמן הסיום של תיחום זמן המפה כפי שמצוין על ידי רכיב מחוון זמן ובשעה שבה הביטוי מעריך. ערך זה מתעדכן דינמית (ועשוי ליזום את הביצוע מחדש של ביטוי ה-Arcade) כאשר מחון זמן משמש לעדכון חלונות קופצים מודעים-לזמן שמתבססים על שדה תאריך. ערך NULL מציין את שעת הסיום שהיא ללא סוף ללא סיום."},{"name":"startIncluded","type":"boolean","description":"מציין אם התאריך 'currentStart' נכלל בתיחום הזמן הנוכחי של המפה."},{"name":"endIncluded","type":"boolean","description":"מציין אם התאריך 'currentEnd' נכלל בתיחום הזמן הנוכחי של המפה."}],"description":""}]}]},{"name":"Popup feature reduction","id":"popup-feature-reduction","bundles":["core","data-access","geometry","portal-access"],"variables":[{"name":"$feature","type":"feature","description":"מספק גישה לשדות הצבירה שהוגדרו בחלונות הקופצים של יצירת אשכולות או binning."},{"name":"$aggregatedFeatures","description":"FeatureSet שמכיל את כל הישויות שמיוצגות על ידי האשכול או ה-bin.","type":"featureSet"},{"name":"$view","type":"dictionary","description":"מאפיינים אשר זמינים מהתצוגה.","properties":[{"name":"scale","type":"number","description":"מחזיר את קנה המידה של המפה במועד הערכת הביטוי."},{"name":"timeProperties","type":"dictionary","properties":[{"name":"currentStart","type":"date","description":"זמן ההתחלה של תיחום זמן המפה כפי שמצוין על ידי רכיב מחוון זמן ובשעה שבה הביטוי מעריך. ערך זה מתעדכן דינמית (ועשוי ליזום את הביצוע מחדש של ביטוי ה-Arcade) כאשר מחון זמן משמש לעדכון חלונות קופצים מודעים-לזמן שמתבססים על שדה תאריך. ערך NULL מציין את שעת ההתחלה שהיא אינקלוסיבית מאז ראשית הימים."},{"name":"currentEnd","type":"date","description":"זמן הסיום של תיחום זמן המפה כפי שמצוין על ידי רכיב מחוון זמן ובשעה שבה הביטוי מעריך. ערך זה מתעדכן דינמית (ועשוי ליזום את הביצוע מחדש של ביטוי ה-Arcade) כאשר מחון זמן משמש לעדכון חלונות קופצים מודעים-לזמן שמתבססים על שדה תאריך. ערך NULL מציין את שעת הסיום שהיא ללא סוף ללא סיום."},{"name":"startIncluded","type":"boolean","description":"מציין אם התאריך 'currentStart' נכלל בתיחום הזמן הנוכחי של המפה."},{"name":"endIncluded","type":"boolean","description":"מציין אם התאריך 'currentEnd' נכלל בתיחום הזמן הנוכחי של המפה."}],"description":""}]}]},{"name":"Popup element feature reduction","id":"popup-element-feature-reduction","bundles":["core","data-access","geometry","portal-access"],"variables":[{"name":"$feature","type":"feature","description":"מספק גישה לשדות הצבירה שהוגדרו בחלונות הקופצים של יצירת אשכולות או binning."},{"name":"$aggregatedFeatures","description":"FeatureSet שמכיל את כל הישויות שמיוצגות על ידי האשכול או ה-bin.","type":"featureSet"},{"name":"$view","type":"dictionary","description":"מאפיינים אשר זמינים מהתצוגה.","properties":[{"name":"scale","type":"number","description":"מחזיר את קנה המידה של המפה במועד הערכת הביטוי."},{"name":"timeProperties","type":"dictionary","properties":[{"name":"currentStart","type":"date","description":"זמן ההתחלה של תיחום זמן המפה כפי שמצוין על ידי רכיב מחוון זמן ובשעה שבה הביטוי מעריך. ערך זה מתעדכן דינמית (ועשוי ליזום את הביצוע מחדש של ביטוי ה-Arcade) כאשר מחון זמן משמש לעדכון חלונות קופצים מודעים-לזמן שמתבססים על שדה תאריך. ערך NULL מציין את שעת ההתחלה שהיא אינקלוסיבית מאז ראשית הימים."},{"name":"currentEnd","type":"date","description":"זמן הסיום של תיחום זמן המפה כפי שמצוין על ידי רכיב מחוון זמן ובשעה שבה הביטוי מעריך. ערך זה מתעדכן דינמית (ועשוי ליזום את הביצוע מחדש של ביטוי ה-Arcade) כאשר מחון זמן משמש לעדכון חלונות קופצים מודעים-לזמן שמתבססים על שדה תאריך. ערך NULL מציין את שעת הסיום שהיא ללא סוף ללא סיום."},{"name":"startIncluded","type":"boolean","description":"מציין אם התאריך 'currentStart' נכלל בתיחום הזמן הנוכחי של המפה."},{"name":"endIncluded","type":"boolean","description":"מציין אם התאריך 'currentEnd' נכלל בתיחום הזמן הנוכחי של המפה."}],"description":""}]}]},{"name":"Quick Capture","id":"quick-capture","bundles":["core","data-access","geometry","portal-access"],"variables":[{"name":"$feature","type":"feature","description":"חושף את מאפייני היישות לשימוש בחישוב."},{"name":"$layer","type":"featureSet","description":"אוסף ישויות באותה שכבה כמו $feature."},{"name":"$datastore","type":"featureSetCollection","description":"אוסף ישויות באותו שירות ישויות או מסד נתונים כמו $feature."},{"name":"$map","type":"featureSetCollection","description":"אוסף של שכבות שירות ישויות במפה ששימשה בפרויקט QuickCapture. משתנה זה יכול להיות 'null'."}]},{"name":"Tasks","id":"tasks","bundles":["core","data-access","geometry","portal-access"],"variables":[{"name":"$feature","description":"הישות שעוברת הערכה על ידי המשימה.","type":"feature"},{"name":"$datastore","description":"אוסף ישויות באותו שירות ישויות או מסד נתונים כמו ה-$feature שעוברת הערכה על ידי המשימה.","type":"featureSetCollection"}]},{"name":"Velocity","id":"velocity","bundles":["core","geometry","track"],"variables":[{"name":"$feature","type":"feature","description":"בכלי ניתוח עם קלטים יחידים, הישות המחושבת, עוברת הערכה או שעליה מתבצעת פעולה."},{"name":"$target","type":"feature","description":"בכלי ניתוח עם שני קלטים, הישות שעוברת הערכה עבור סינון או העשרה."},{"name":"$join","type":"feature","description":"בכלי ניתוח עם שני קלטים, הישות שמספקת ערכים עבור הערכה או העשרה של ישות יעד."},{"name":"$analytic","type":"dictionary","description":"ערכי זמן הקשורים עם הניתוח, כגון זמן התחלה, זמן סיום אחרון וכו'.","properties":[]}]},{"name":"Visualization","id":"visualization","bundles":["core","geometry"],"variables":[{"name":"$feature","description":"היישות שיש לשרטט במפה.","type":"feature"},{"name":"$view","type":"dictionary","description":"מאפיינים אשר זמינים מהתצוגה.","properties":[{"name":"scale","type":"number","description":"מחזיר את קנה המידה של המפה במועד הערכת הביטוי."},{"name":"timeProperties","type":"dictionary","properties":[{"name":"currentStart","type":"date","description":"זמן ההתחלה של תיחום זמן המפה כפי שמצוין על ידי רכיב מחוון זמן ובשעה שבה הביטוי מעריך. ערך זה מתעדכן דינמית (ועשוי ליזום את הביצוע מחדש של ביטוי ה-Arcade) כאשר מחון זמן משמש לעדכון הצגות חזותיות מודעות-לזמן שמתבססות על שדה תאריך. ערך NULL מציין את שעת ההתחלה שהיא אינקלוסיבית מאז ראשית הימים."},{"name":"currentEnd","type":"date","description":"זמן הסיום של תיחום זמן המפה כפי שמצוין על ידי רכיב מחוון זמן ובשעה שבה הביטוי מעריך. ערך זה מתעדכן דינמית (ועשוי ליזום את הביצוע מחדש של ביטוי ה-Arcade) כאשר מחון זמן משמש לעדכון הצגות חזותיות מודעות-לזמן שמתבססות על שדה תאריך. ערך NULL מציין את שעת הסיום שהיא ללא סוף ללא סיום."},{"name":"startIncluded","type":"boolean","description":"מציין אם התאריך 'currentStart' נכלל בתיחום הזמן הנוכחי של המפה."},{"name":"endIncluded","type":"boolean","description":"מציין אם התאריך 'currentEnd' נכלל בתיחום הזמן הנוכחי של המפה."}],"description":""}]}]},{"name":"Voxel popup","id":"popup-voxel","bundles":["core"],"variables":[{"name":"$voxel","type":"voxel","description":"מספק גישה למאפיינים של ה-voxel שאת החלון הקופץ שלו יש להציג בסצנה."}]},{"name":"Voxel popup element","id":"popup-element-voxel","bundles":["core"],"variables":[{"name":"$voxel","type":"voxel","description":"מספק גישה למאפיינים של ה-voxel שאת החלון הקופץ שלו יש להציג בסצנה."}]}]