[{"name":"Minimalist","id":"minimalist","bundles":["core","data-access","geometry","portal-access"],"variables":[]},{"name":"Aggregate Field","id":"aggregate-field","bundles":["core","geometry"],"variables":[{"name":"$feature","description":"Indywidualny obiekt zawarty w zagregowanym obiekcie. Zapewnia to dostęp do wszystkich atrybutów pola obiektu.","type":"feature"}]},{"name":"Alias","id":"alias","bundles":["core","geometry"],"variables":[{"name":"$value","type":"number","description":"Wartość liczbowa, dla której jest potrzebny alias tekstowy."},{"name":"$feature","type":"feature","description":"Obiekt, dla którego potrzebny jest alias tekstowy."}]},{"name":"Attribute rule calculation","id":"attribute-rule-calculation","bundles":["core","data-access","database","geometry","portal-access","ai"],"variables":[{"name":"$feature","type":"feature","description":"Obliczany obiekt."},{"name":"$originalFeature","type":"feature","description":"Poprzedni stan obliczanego obiektu."},{"name":"$featureSet","type":"featureSet","description":"Zbiór obiektów w tej samej tabeli co obiekt $feature szacujący wyrażenie."},{"name":"$datastore","type":"featureSetCollection","description":"Zbiór warstw w tej samej usłudze obiektowej lub bazie danych co obiekt $feature wykonujący skrypt."},{"name":"$editcontext","type":"dictionary","properties":[{"name":"editType","type":"text","description":"Wskazuje, czy zdarzeniem edycji jest INSERT, UPDATE, DELETE lub NA (nie dotyczy)."}],"description":""}]},{"name":"Attribute rule constraint","id":"attribute-rule-constraint","bundles":["core","data-access","geometry","portal-access"],"variables":[{"name":"$feature","type":"feature","description":"Obliczany obiekt."},{"name":"$originalFeature","type":"feature","description":"Poprzedni stan obliczanego obiektu."},{"name":"$featureSet","type":"featureSet","description":"Zbiór obiektów w tej samej tabeli co obiekt $feature szacujący wyrażenie."},{"name":"$datastore","type":"featureSetCollection","description":"Zbiór warstw w tej samej usłudze obiektowej lub bazie danych co obiekt $feature wykonujący skrypt."},{"name":"$editcontext","type":"dictionary","properties":[{"name":"editType","type":"text","description":"Wskazuje, czy zdarzeniem edycji jest INSERT, UPDATE, DELETE lub NA (nie dotyczy)."}],"description":""}]},{"name":"Attribute rule validation","id":"attribute-rule-validation","bundles":["core","data-access","geometry","portal-access"],"variables":[{"name":"$feature","type":"feature","description":"Obliczany obiekt."},{"name":"$featureSet","type":"featureSet","description":"Zbiór obiektów w tej samej tabeli co obiekt $feature szacujący wyrażenie."},{"name":"$datastore","type":"featureSetCollection","description":"Zbiór warstw w tej samej usłudze obiektowej lub bazie danych co obiekt $feature wykonujący skrypt."}]},{"name":"Dashboard indicator formatting","id":"dashboard-indicator-formatting","bundles":["core"],"variables":[{"name":"$datapoint","type":"feature","description":"Punkt danych szacowany pod kątem elementu wizualnego."},{"name":"$reference","type":"dictionary","description":"Wartość odniesienia szacowana pod kątem elementu wizualnego.","properties":[]}]},{"name":"Dashboard list formatting","id":"dashboard-list-formatting","bundles":["core"],"variables":[{"name":"$datapoint","type":"feature","description":"Punkt danych szacowany pod kątem elementu wizualnego."}]},{"name":"Dashboard table formatting","id":"dashboard-table-formatting","bundles":["core"],"variables":[{"name":"$datapoint","type":"feature","description":"Punkt danych szacowany pod kątem elementu wizualnego."},{"name":"$rowindex","type":"number","description":"Pozycja w wierszu w tabeli (licząc od zera)."}]},{"name":"Dashboard data","id":"dashboard-data","bundles":["core","geometry","data-access","portal-access","knowledge-graph"],"variables":[]},{"name":"Data Pipelines","id":"data-pipelines","bundles":["core"],"variables":[{"name":"$record","type":"dictionary","description":"Zapewnia dostęp do wartości atrybutów/pól obliczanego rekordu.","properties":[]}]},{"name":"Dictionary renderer","id":"dictionary-renderer","bundles":["core","geometry"],"variables":[{"name":"$feature","type":"feature","description":"Obiekt, który ma zostać narysowany na mapie."},{"name":"$config","type":"dictionary","description":"Słownik wartości konfiguracyjnych.","properties":[]}]},{"name":"Experience Builder data","id":"experience-builder-data","bundles":["core","data-access","geometry","portal-access"],"variables":[]},{"name":"Experience Builder list item widget formatting","id":"experience-builder-list-item-widget-formatting","bundles":["core"],"variables":[{"name":"$feature","type":"feature","description":"Reprezentuje obiekt w elemencie listy."}]},{"name":"Experience Builder widget formatting","id":"experience-builder-widget-formatting","bundles":["core","data-access"],"variables":[{"name":"$dataSources","type":"dictionary","description":"Źródła danych używane przez widżet. To jest słownik zawierający pary klucz-wartość, w których każdy klucz jest identyfikatorem źródła danych (np. `dataSource_1-187acf797e1-layer-5-selection`).","properties":[]}]},{"name":"Feature Display Title","id":"feature-display-title","bundles":["core"],"variables":[{"name":"$feature","type":"feature","description":"Obiekt lub wiersz, dla którego ma być wyświetlany tytuł w interfejsie użytkownika."}]},{"name":"Feature Z","id":"feature-z","bundles":["core","geometry"],"variables":[{"name":"$feature","type":"feature","description":"Obiekt wymagający wartości Z."}]},{"name":"Field calculation","id":"field-calculation","bundles":["core","data-access","geometry","portal-access","knowledge-graph","ai"],"variables":[{"name":"$feature","type":"feature","description":"Obliczany obiekt."},{"name":"$datastore","type":"featureSetCollection","description":"Zbiór warstw w tej samej usłudze obiektowej lub bazie danych co obiekt $feature wykonujący obliczenie."}]},{"name":"Field mapping","id":"field-mapping","bundles":["core","data-access","geometry","portal-access"],"variables":[{"name":"$sourceFeature","type":"feature","description":"Obiekt źródłowy dla przyporządkowania pól."},{"name":"$targetFeature","type":"feature","description":"Obiekt docelowy dla przyporządkowania pól."},{"name":"$sourceLayer","type":"featureSet","description":"Zbiór obiektów w tej samej warstwie co obiekt $sourcefeature."},{"name":"$targetLayer","type":"featureSet","description":"Zbiór obiektów w tej samej warstwie co obiekt $targetfeature."},{"name":"$map","type":"featureSetCollection","description":"Zbiór warstw na mapie wykonywanego wyrażenia w języku Arcade."},{"name":"$sourceDatastore","type":"featureSetCollection","description":"Zbiór warstw w tym samym magazynie danych co warstwa $sourcelayer."},{"name":"$targetDatastore","type":"featureSetCollection","description":"Zbiór warstw w tym samym magazynie danych co warstwa $targetlayer."}]},{"name":"Form Attachment Filename Calculation","id":"form-attachment-filename-calculation","bundles":["core","data-access","geometry","portal-access"],"variables":[{"name":"$feature","type":"feature","description":"ł_The feature being calculated______________________________ą."},{"name":"$originalFeature","type":"feature","description":"ł_The previous state of the feature being calculated___________________________ą."},{"name":"$layer","type":"featureSet","description":"ł_A collection of features in the same layer as $feature_____________________________ą."},{"name":"$datastore","type":"featureSetCollection","description":"ł_A collection of layers in the same feature service or database as $feature_______________________________________ą."},{"name":"$featureset","type":"featureSet","description":"ł_A collection of features in the same table as $feature_____________________________ą."},{"name":"$map","type":"featureSetCollection","description":"ł_A collection of feature service layers in the same map as $feature___________________________________ą."},{"name":"$formElement","type":"dictionary","description":"ł_Information associated with the form element________________________ą.","properties":[{"name":"attachmentKeyword","type":"text","description":"ł_A text value identifying the content of the attachment. When a file is attached using the form, this property can be used in determining a new filename for the attachment_______________________________________________________________________________________ą."},{"name":"label","type":"text","description":"ł_A text value indicating what the element represents___________________________ą."},{"name":"description","type":"text","description":"ł_A text value that describes the element in detail__________________________ą."}]}]},{"name":"Form calculation","id":"form-calculation","bundles":["core","data-access","geometry","portal-access","ai"],"variables":[{"name":"$feature","type":"feature","description":"Ujawnia atrybuty obiektu do użycia w obliczeniu"},{"name":"$originalFeature","type":"feature","description":"Poprzedni stan obliczanego obiektu."},{"name":"$layer","type":"featureSet","description":"Zbiór obiektów w tej samej warstwie co obiekt $feature."},{"name":"$datastore","type":"featureSetCollection","description":"Zbiór warstw w tej samej usłudze obiektowej lub bazie danych co obiekt $feature."},{"name":"$featureset","type":"featureSet","description":"Zbiór obiektów w tej samej tabeli co obiekt $feature."},{"name":"$map","type":"featureSetCollection","description":"Zbiór warstw usługi obiektowej na tej samej mapie co obiekt $feature."},{"name":"$editcontext","type":"dictionary","properties":[{"name":"editType","type":"text","description":"Wskazuje, czy zdarzeniem edycji jest INSERT, UPDATE, DELETE lub NA (nie dotyczy)."}],"description":""}]},{"name":"Form Constraint","id":"form-constraint","bundles":["core","geometry","data-access","portal-access"],"variables":[{"name":"$feature","type":"feature","description":"Obiekt szacowany pod kątem ograniczenia."},{"name":"$originalFeature","type":"feature","description":"Poprzedni stan obiektu."},{"name":"$layer","type":"featureSet","description":"Zbiór obiektów w tej samej warstwie co obiekt $feature."},{"name":"$datastore","type":"featureSetCollection","description":"Zbiór warstw w tej samej usłudze obiektowej lub bazie danych co obiekt $feature."},{"name":"$featureset","type":"featureSet","description":"Zbiór obiektów w tej samej tabeli co obiekt $feature."},{"name":"$map","type":"featureSetCollection","description":"Zbiór warstw usługi obiektowej na tej samej mapie co obiekt $feature."},{"name":"$editcontext","type":"dictionary","properties":[{"name":"editType","type":"text","description":"Wskazuje, czy zdarzeniem edycji jest INSERT, UPDATE, DELETE lub NA (nie dotyczy)."}],"description":""}]},{"name":"Geoanalytics","id":"geoanalytics","bundles":["core","geometry","track"],"variables":[{"name":"$feature","type":"feature","description":"Obliczany obiekt."}]},{"name":"Geotrigger notification","id":"geotrigger-notification","bundles":["core","geometry","data-access"],"variables":[{"name":"$feedFeature","type":"feature","description":"Obiekt wejściowy (na przykład lokalizacja urządzenia lub obiekt), który spowodował aktywację usługi Geotrigger. Ten obiekt musi zawierać geometrię (zazwyczaj punktową) oraz stały schemat o następujących właściwościach: `course` (kierunek lokalizacji w stopniach zgodnie z ruchem wskazówek zegara, 0 oznacza północ) oraz `horizontalaccuracy` (dokładność lokalizacji w poziomie wyrażona w metrach)."},{"name":"$fenceFeature","type":"feature","description":"Obiekt ogrodzenia (na przykład obszar zainteresowania), do którego nastąpiło wejście lub z którego nastąpiło wyjście, co spowodowało aktywację usługi Geotrigger."},{"name":"$fenceLayer","type":"featureSet","description":"Zbiór obiektów w tej samej warstwie co obiekt $fenceFeature."},{"name":"$fenceNotificationType","type":"text","description":"Opis zdarzenia, które nastąpiło - 'entered' (wejście) lub 'exited' (wyjście)."}]},{"name":"Imagery popup","id":"popup-imagery","bundles":["core","geometry"],"variables":[{"name":"$pixel","type":"pixel","description":"ł_The pixel value and other pixel-dependent information (e.g. classification category), including virtual raster fields, for the imagery layer currently displayed in the view________________________________________________________________________________________ą."},{"name":"$imageCollectionItem","type":"feature","description":"ł_The metadata of the selected image collection item containing the pixel represented by `$pixel`. This value will be `null` if there is no associated image collection____________________________________________________________________________________ą."},{"name":"$view","type":"dictionary","description":"ł_Properties available from the view___________________ą.","properties":[{"name":"scale","type":"number","description":"ł_Returns the scale of the map at the time the expression evaluates__________________________________ą."},{"name":"timeProperties","type":"dictionary","properties":[{"name":"currentStart","type":"date","description":"ł_The start time of the map's time extent as indicated by a time slider component at the time the expression evaluates. This value dynamically updates (and may trigger the re-execution of the Arcade expression) when a time slider is used to update time-aware popups based on date field. A `null` value indicates the start time is inclusive since the beginning of time________________________________________________________________________________________________________________________________________________________________________________________ą."},{"name":"currentEnd","type":"date","description":"ł_The end time of the map's time extent as indicated by a time slider component at the time the expression evaluates. This value dynamically updates (and may trigger the re-execution of the Arcade expression) when a time slider is used to update time-aware popups based on date field. A `null` value indicates the end time is indefinite with no end_______________________________________________________________________________________________________________________________________________________________________________ą."},{"name":"startIncluded","type":"boolean","description":"ł_Indicates if the `currentStart` date is included in the map's current time extent__________________________________________ą."},{"name":"endIncluded","type":"boolean","description":"ł_Indicates if the `currentEnd` date is included in the map's current time extent_________________________________________ą."}],"description":""}]},{"name":"$userInput","description":"ł_A geometry representing a user's input for a popup. Typically, this represents a location where the user clicked or tapped in a map to launch a popup. There may be cases where this value is a Point, an Extent, or `null` as popups are not always opened from map interaction. Therefore, it is advised to check the geometry type of this value before it is used____________________________________________________________________________________________________________________________________________________________________________________ą.","type":"geometry"}]},{"name":"Imagery popup element","id":"popup-element-imagery","bundles":["core","geometry"],"variables":[{"name":"$pixel","type":"pixel","description":"ł_The pixel value and other pixel-dependent information (e.g. classification category), including virtual raster fields, for the imagery layer currently displayed in the view________________________________________________________________________________________ą."},{"name":"$imageCollectionItem","type":"feature","description":"ł_The metadata of the selected image collection item containing the pixel represented by `$pixel`. This value will be `null` if there is no associated image collection____________________________________________________________________________________ą."},{"name":"$view","type":"dictionary","description":"ł_Properties available from the view___________________ą.","properties":[{"name":"scale","type":"number","description":"ł_Returns the scale of the map at the time the expression evaluates__________________________________ą."},{"name":"timeProperties","type":"dictionary","properties":[{"name":"currentStart","type":"date","description":"ł_The start time of the map's time extent as indicated by a time slider component at the time the expression evaluates. This value dynamically updates (and may trigger the re-execution of the Arcade expression) when a time slider is used to update time-aware popups based on date field. A `null` value indicates the start time is inclusive since the beginning of time________________________________________________________________________________________________________________________________________________________________________________________ą."},{"name":"currentEnd","type":"date","description":"ł_The end time of the map's time extent as indicated by a time slider component at the time the expression evaluates. This value dynamically updates (and may trigger the re-execution of the Arcade expression) when a time slider is used to update time-aware popups based on date field. A `null` value indicates the end time is indefinite with no end_______________________________________________________________________________________________________________________________________________________________________________ą."},{"name":"startIncluded","type":"boolean","description":"ł_Indicates if the `currentStart` date is included in the map's current time extent__________________________________________ą."},{"name":"endIncluded","type":"boolean","description":"ł_Indicates if the `currentEnd` date is included in the map's current time extent_________________________________________ą."}],"description":""}]},{"name":"$userInput","description":"ł_A geometry representing a user's input for a popup. Typically, this represents a location where the user clicked or tapped in a map to launch a popup. There may be cases where this value is a Point, an Extent, or `null` as popups are not always opened from map interaction. Therefore, it is advised to check the geometry type of this value before it is used____________________________________________________________________________________________________________________________________________________________________________________ą.","type":"geometry"}]},{"name":"Labeling","id":"labeling","bundles":["core","geometry"],"variables":[{"name":"$feature","type":"feature","description":"Obiekt, którego etykieta ma zostać narysowana na mapie."},{"name":"$view","type":"dictionary","description":"Właściwości dostępne z widoku.","properties":[{"name":"scale","type":"number","description":"Zwraca skalę mapy z czasu szacowania wyrażenia."},{"name":"timeProperties","type":"dictionary","properties":[{"name":"currentStart","type":"date","description":"Czas początkowy zasięgu czasowego mapy wskazywany przez komponent suwaka czasu w momencie wyliczania wyrażenia. Wartość ta jest aktualizowana dynamicznie (i może wyzwolić ponowne wykonanie wyrażenia w języku Arcade), gdy do aktualizowania etykiet zależnych od czasu na podstawie pola daty jest używany suwak czasu. Wartość `null` wskazuje, że analiza obejmuje zakres od początku liczenia czasu."},{"name":"currentEnd","type":"date","description":"Czas końcowy zasięgu czasowego mapy wskazywany przez komponent suwaka czasu w momencie wyliczania wyrażenia. Wartość ta jest aktualizowana dynamicznie (i może wyzwolić ponowne wykonanie wyrażenia w języku Arcade), gdy do aktualizowania etykiet zależnych od czasu na podstawie pola daty jest używany suwak czasu. Wartość `null` wskazuje, że czas końcowy jest nieograniczony (brak końca)."},{"name":"startIncluded","type":"boolean","description":"Wskazuje, czy data `currentStart` jest zawarta w bieżącym zasięgu czasowym mapy."},{"name":"endIncluded","type":"boolean","description":"Wskazuje, czy data `currentEnd` jest zawarta w bieżącym zasięgu czasowym mapy."}],"description":""}]}]},{"name":"Layout","id":"layout","bundles":["core","geometry"],"variables":[{"name":"$feature","type":"feature","description":"Obiekt, którego wartości mogą zostać wyświetlone w kompozycji."}]},{"name":"Location update constraint","id":"location-update-constraint","bundles":["core","geometry"],"variables":[{"name":"$locationupdate","type":"dictionary","description":"Obiekt aktualizacji lokalizacji (na przykład z GPS) szacowany pod kątem ograniczenia.","properties":[{"name":"course","type":"number","description":"Kierunek lokalizacji w stopniach zgodnie z ruchem wskazówek zegara, 0 oznacza północ."},{"name":"horizontalaccuracy","type":"number","description":"Dokładność lokalizacji w poziomie (w metrach)."},{"name":"verticalaccuracy","type":"number","description":"Dokładność lokalizacji w pionie (w metrach)."},{"name":"velocity","type":"number","description":"Prędkość lokalizacji w metrach na sekundę."}]}]},{"name":"Model Builder","id":"model-builder","bundles":["core","geometry","data-access","portal-access"],"variables":[{"name":"$variables","type":"dictionary","description":"Słownik zawierający nazwy i wartości zmiennych.","properties":[]}]},{"name":"Measure visualization","id":"measure-visualization","bundles":["core","geometry"],"variables":[{"name":"$measure","type":"number","description":"Interpolowana wartość M dla lokalizacji znacznika."},{"name":"$feature","type":"feature","description":"Obiekt, który ma zostać narysowany na mapie."},{"name":"$view","type":"dictionary","properties":[{"name":"scale","type":"number","description":"Zwraca skalę mapy z czasu szacowania wyrażenia."}],"description":""}]},{"name":"Popup","id":"popup","bundles":["core","data-access","geometry","portal-access","knowledge-graph"],"variables":[{"name":"$feature","type":"feature","description":"Zapewnia dostęp do atrybutów i geometrii obiektu, którego okno podręczne ma być wyświetlane w widoku."},{"name":"$layer","description":"Zbiór obiektów w tej samej warstwie co obiekt $feature, którego okno podręczne jest wyświetlone w widoku.","type":"featureSet"},{"name":"$map","description":"Zbiór warstw na tej samej mapie co obiekt $feature, którego okno podręczne jest wyświetlone w widoku. Ta wartość może być równa `null` w przypadkach, gdy okno podręczne nie jest powiązane z mapą.","type":"featureSetCollection"},{"name":"$datastore","description":"Zbiór warstw w tej samej usłudze obiektowej lub bazie danych co obiekt $feature, którego okno podręczne jest wyświetlone w widoku.","type":"featureSetCollection"},{"name":"$userInput","description":"Geometria reprezentująca dane wprowadzane przez użytkownika w oknie podręcznym. Zazwyczaj reprezentuje to lokalizację, którą użytkownik kliknął lub stuknął na mapie, aby uruchomić okno podręczne. Mogą wystąpić przypadki, w których wartością tą będzie punkt, zasięg lub `null`, ponieważ okna podręczne nie zawsze są otwierane w wyniku interakcji z mapą. Dlatego zaleca się sprawdzenie typu geometrii tej wartości przed użyciem.","type":"geometry"},{"name":"$graph","description":"Wykres wiedzy powiązany z obiektem. Jeśli wykres wiedzy nie jest dostępny, wartością będzie `null`.","type":"knowledgeGraph"},{"name":"$view","type":"dictionary","description":"Właściwości dostępne z widoku.","properties":[{"name":"scale","type":"number","description":"Zwraca skalę mapy z czasu szacowania wyrażenia."},{"name":"timeProperties","type":"dictionary","properties":[{"name":"currentStart","type":"date","description":"Czas początkowy zasięgu czasowego mapy wskazywany przez komponent suwaka czasu w momencie wyliczania wyrażenia. Wartość ta jest aktualizowana dynamicznie (i może wyzwolić ponowne wykonanie wyrażenia w języku Arcade), gdy do aktualizowania okien podręcznych zależnych od czasu na podstawie pola daty jest używany suwak czasu. Wartość `null` wskazuje, że analiza obejmuje zakres od początku liczenia czasu."},{"name":"currentEnd","type":"date","description":"Czas końcowy zasięgu czasowego mapy wskazywany przez komponent suwaka czasu w momencie wyliczania wyrażenia. Wartość ta jest aktualizowana dynamicznie (i może wyzwolić ponowne wykonanie wyrażenia w języku Arcade), gdy do aktualizowania okien podręcznych zależnych od czasu na podstawie pola daty jest używany suwak czasu. Wartość `null` wskazuje, że czas końcowy jest nieograniczony (brak końca)."},{"name":"startIncluded","type":"boolean","description":"Wskazuje, czy data `currentStart` jest zawarta w bieżącym zasięgu czasowym mapy."},{"name":"endIncluded","type":"boolean","description":"Wskazuje, czy data `currentEnd` jest zawarta w bieżącym zasięgu czasowym mapy."}],"description":""}]}]},{"name":"Popup element","id":"popup-element","bundles":["core","data-access","geometry","portal-access","knowledge-graph"],"variables":[{"name":"$feature","type":"feature","description":"Zapewnia dostęp do atrybutów i geometrii obiektu, którego okno podręczne ma być wyświetlane w widoku."},{"name":"$layer","description":"Zbiór obiektów w tej samej warstwie co obiekt $feature, którego okno podręczne jest wyświetlone w widoku.","type":"featureSet"},{"name":"$map","description":"Zbiór warstw na tej samej mapie co obiekt $feature, którego okno podręczne jest wyświetlone w widoku. Ta wartość może być równa `null` w przypadkach, gdy okno podręczne nie jest powiązane z mapą.","type":"featureSetCollection"},{"name":"$datastore","description":"Zbiór warstw w tej samej usłudze obiektowej lub bazie danych co obiekt $feature, którego okno podręczne jest wyświetlone w widoku.","type":"featureSetCollection"},{"name":"$userInput","description":"Geometria reprezentująca dane wprowadzane przez użytkownika w oknie podręcznym. Zazwyczaj reprezentuje to lokalizację, którą użytkownik kliknął lub stuknął na mapie, aby uruchomić okno podręczne. Mogą wystąpić przypadki, w których wartością tą będzie punkt, zasięg lub `null`, ponieważ okna podręczne nie zawsze są otwierane w wyniku interakcji z mapą. Dlatego zaleca się sprawdzenie typu geometrii tej wartości przed użyciem.","type":"geometry"},{"name":"$graph","description":"Wykres wiedzy powiązany z obiektem. Jeśli wykres wiedzy nie jest dostępny, wartością będzie `null`.","type":"knowledgeGraph"},{"name":"$view","type":"dictionary","description":"Właściwości dostępne z widoku.","properties":[{"name":"scale","type":"number","description":"Zwraca skalę mapy z czasu szacowania wyrażenia."},{"name":"timeProperties","type":"dictionary","properties":[{"name":"currentStart","type":"date","description":"Czas początkowy zasięgu czasowego mapy wskazywany przez komponent suwaka czasu w momencie wyliczania wyrażenia. Wartość ta jest aktualizowana dynamicznie (i może wyzwolić ponowne wykonanie wyrażenia w języku Arcade), gdy do aktualizowania okien podręcznych zależnych od czasu na podstawie pola daty jest używany suwak czasu. Wartość `null` wskazuje, że analiza obejmuje zakres od początku liczenia czasu."},{"name":"currentEnd","type":"date","description":"Czas końcowy zasięgu czasowego mapy wskazywany przez komponent suwaka czasu w momencie wyliczania wyrażenia. Wartość ta jest aktualizowana dynamicznie (i może wyzwolić ponowne wykonanie wyrażenia w języku Arcade), gdy do aktualizowania okien podręcznych zależnych od czasu na podstawie pola daty jest używany suwak czasu. Wartość `null` wskazuje, że czas końcowy jest nieograniczony (brak końca)."},{"name":"startIncluded","type":"boolean","description":"Wskazuje, czy data `currentStart` jest zawarta w bieżącym zasięgu czasowym mapy."},{"name":"endIncluded","type":"boolean","description":"Wskazuje, czy data `currentEnd` jest zawarta w bieżącym zasięgu czasowym mapy."}],"description":""}]}]},{"name":"Popup feature reduction","id":"popup-feature-reduction","bundles":["core","data-access","geometry","portal-access"],"variables":[{"name":"$feature","type":"feature","description":"Zapewnia dostęp do pól agregowania zdefiniowanych w oknach podręcznych klastrowania lub binowania."},{"name":"$aggregatedFeatures","description":"Element FeatureSet zawierający wszystkie obiekty reprezentowane przez klaster lub kosz.","type":"featureSet"},{"name":"$view","type":"dictionary","description":"Właściwości dostępne z widoku.","properties":[{"name":"scale","type":"number","description":"Zwraca skalę mapy z czasu szacowania wyrażenia."},{"name":"timeProperties","type":"dictionary","properties":[{"name":"currentStart","type":"date","description":"Czas początkowy zasięgu czasowego mapy wskazywany przez komponent suwaka czasu w momencie wyliczania wyrażenia. Wartość ta jest aktualizowana dynamicznie (i może wyzwolić ponowne wykonanie wyrażenia w języku Arcade), gdy do aktualizowania okien podręcznych zależnych od czasu na podstawie pola daty jest używany suwak czasu. Wartość `null` wskazuje, że analiza obejmuje zakres od początku liczenia czasu."},{"name":"currentEnd","type":"date","description":"Czas końcowy zasięgu czasowego mapy wskazywany przez komponent suwaka czasu w momencie wyliczania wyrażenia. Wartość ta jest aktualizowana dynamicznie (i może wyzwolić ponowne wykonanie wyrażenia w języku Arcade), gdy do aktualizowania okien podręcznych zależnych od czasu na podstawie pola daty jest używany suwak czasu. Wartość `null` wskazuje, że czas końcowy jest nieograniczony (brak końca)."},{"name":"startIncluded","type":"boolean","description":"Wskazuje, czy data `currentStart` jest zawarta w bieżącym zasięgu czasowym mapy."},{"name":"endIncluded","type":"boolean","description":"Wskazuje, czy data `currentEnd` jest zawarta w bieżącym zasięgu czasowym mapy."}],"description":""}]}]},{"name":"Popup element feature reduction","id":"popup-element-feature-reduction","bundles":["core","data-access","geometry","portal-access"],"variables":[{"name":"$feature","type":"feature","description":"Zapewnia dostęp do pól agregowania zdefiniowanych w oknach podręcznych klastrowania lub binowania."},{"name":"$aggregatedFeatures","description":"Element FeatureSet zawierający wszystkie obiekty reprezentowane przez klaster lub kosz.","type":"featureSet"},{"name":"$view","type":"dictionary","description":"Właściwości dostępne z widoku.","properties":[{"name":"scale","type":"number","description":"Zwraca skalę mapy z czasu szacowania wyrażenia."},{"name":"timeProperties","type":"dictionary","properties":[{"name":"currentStart","type":"date","description":"Czas początkowy zasięgu czasowego mapy wskazywany przez komponent suwaka czasu w momencie wyliczania wyrażenia. Wartość ta jest aktualizowana dynamicznie (i może wyzwolić ponowne wykonanie wyrażenia w języku Arcade), gdy do aktualizowania okien podręcznych zależnych od czasu na podstawie pola daty jest używany suwak czasu. Wartość `null` wskazuje, że analiza obejmuje zakres od początku liczenia czasu."},{"name":"currentEnd","type":"date","description":"Czas końcowy zasięgu czasowego mapy wskazywany przez komponent suwaka czasu w momencie wyliczania wyrażenia. Wartość ta jest aktualizowana dynamicznie (i może wyzwolić ponowne wykonanie wyrażenia w języku Arcade), gdy do aktualizowania okien podręcznych zależnych od czasu na podstawie pola daty jest używany suwak czasu. Wartość `null` wskazuje, że czas końcowy jest nieograniczony (brak końca)."},{"name":"startIncluded","type":"boolean","description":"Wskazuje, czy data `currentStart` jest zawarta w bieżącym zasięgu czasowym mapy."},{"name":"endIncluded","type":"boolean","description":"Wskazuje, czy data `currentEnd` jest zawarta w bieżącym zasięgu czasowym mapy."}],"description":""}]}]},{"name":"Quick Capture","id":"quick-capture","bundles":["core","data-access","geometry","portal-access"],"variables":[{"name":"$feature","type":"feature","description":"Ujawnia atrybuty obiektu do użycia w obliczeniu."},{"name":"$layer","type":"featureSet","description":"Zbiór obiektów w tej samej warstwie co obiekt $feature."},{"name":"$datastore","type":"featureSetCollection","description":"Zbiór warstw w tej samej usłudze obiektowej lub bazie danych co obiekt $feature."},{"name":"$map","type":"featureSetCollection","description":"Zbiór warstw usługi obiektowej na mapie używanej w projekcie QuickCapture. Ta zmienna może przyjmować wartość `null`."}]},{"name":"Tasks","id":"tasks","bundles":["core","data-access","geometry","portal-access"],"variables":[{"name":"$feature","description":"Obiekt szacowany przez zadanie.","type":"feature"},{"name":"$datastore","description":"Zbiór warstw w tej samej usłudze obiektowej lub bazie danych co obiekt $feature szacowany przez zadanie.","type":"featureSetCollection"}]},{"name":"Velocity","id":"velocity","bundles":["core","geometry","track"],"variables":[{"name":"$feature","type":"feature","description":"W narzędziach analitycznych z pojedynczymi danymi wejściowymi jest to obiekt, który jest obliczany, szacowany lub na którym jest wykonywana operacja."},{"name":"$target","type":"feature","description":"W narzędziach analitycznych z dwiema danymi wejściowymi jest to obiekt, który jest szacowany pod kątem filtrowania lub wzbogacania."},{"name":"$join","type":"feature","description":"W narzędziach analitycznych z dwiema danymi wejściowymi jest to obiekt dostarczający wartości do szacowania lub wzbogacania obiektu docelowego."},{"name":"$analytic","type":"dictionary","description":"Wartości czasu powiązane z analizą, takie jak czas rozpoczęcia, ostatni czas zakończenia itp.","properties":[]}]},{"name":"Visualization","id":"visualization","bundles":["core","geometry"],"variables":[{"name":"$feature","description":"Obiekt, który ma zostać narysowany na mapie.","type":"feature"},{"name":"$view","type":"dictionary","description":"Właściwości dostępne z widoku.","properties":[{"name":"scale","type":"number","description":"Zwraca skalę mapy z czasu szacowania wyrażenia."},{"name":"timeProperties","type":"dictionary","properties":[{"name":"currentStart","type":"date","description":"Czas początkowy zasięgu czasowego mapy wskazywany przez komponent suwaka czasu w momencie wyliczania wyrażenia. Wartość ta jest aktualizowana dynamicznie (i może wyzwolić ponowne wykonanie wyrażenia w języku Arcade), gdy do aktualizowania wizualizacji zależnych od czasu na podstawie pola daty jest używany suwak czasu. Wartość `null` wskazuje, że analiza obejmuje zakres od początku liczenia czasu."},{"name":"currentEnd","type":"date","description":"Czas końcowy zasięgu czasowego mapy wskazywany przez komponent suwaka czasu w momencie wyliczania wyrażenia. Wartość ta jest aktualizowana dynamicznie (i może wyzwolić ponowne wykonanie wyrażenia w języku Arcade), gdy do aktualizowania wizualizacji zależnych od czasu na podstawie pola daty jest używany suwak czasu. Wartość `null` wskazuje, że czas końcowy jest nieograniczony (brak końca)."},{"name":"startIncluded","type":"boolean","description":"Wskazuje, czy data `currentStart` jest zawarta w bieżącym zasięgu czasowym mapy."},{"name":"endIncluded","type":"boolean","description":"Wskazuje, czy data `currentEnd` jest zawarta w bieżącym zasięgu czasowym mapy."}],"description":""}]}]},{"name":"Voxel popup","id":"popup-voxel","bundles":["core"],"variables":[{"name":"$voxel","type":"voxel","description":"Zapewnia dostęp do atrybutów woksela, którego okno podręczne ma być wyświetlane w scenie."}]},{"name":"Voxel popup element","id":"popup-element-voxel","bundles":["core"],"variables":[{"name":"$voxel","type":"voxel","description":"Zapewnia dostęp do atrybutów woksela, którego okno podręczne ma być wyświetlane w scenie."}]}]