[{"name":"Minimalist","id":"minimalist","bundles":["core","data-access","geometry","portal-access"],"variables":[]},{"name":"Aggregate Field","id":"aggregate-field","bundles":["core","geometry"],"variables":[{"name":"$feature","description":"Ett enkelt geoobjekt inkludert i et aggregert geoobjekt. Dette gir tilgang til alle feltattributtene i geoobjektet.","type":"feature"}]},{"name":"Alias","id":"alias","bundles":["core","geometry"],"variables":[{"name":"$value","type":"number","description":"Den numeriske verdien det er ønskelig med et tekstalias for."},{"name":"$feature","type":"feature","description":"Geoobjektet som det er ønskelig med et tekstalias for."}]},{"name":"Attribute rule calculation","id":"attribute-rule-calculation","bundles":["core","data-access","database","geometry","portal-access","ai"],"variables":[{"name":"$feature","type":"feature","description":"Geoobjektet som beregnes."},{"name":"$originalFeature","type":"feature","description":"Den forrige tilstanden til geoobjektet som beregnes."},{"name":"$featureSet","type":"featureSet","description":"En samling geoobjekter i samme tabell som $feature som evaluerer uttrykket."},{"name":"$datastore","type":"featureSetCollection","description":"En samling lag i den samme geoobjekttjenesten eller databasen som $feature som kjører skriptet."},{"name":"$editcontext","type":"dictionary","properties":[{"name":"editType","type":"text","description":"Angir om redigeringshandlingen er SETT INN, OPPDATER, SLETT eller NA (ikke aktuell)."}],"description":""}]},{"name":"Attribute rule constraint","id":"attribute-rule-constraint","bundles":["core","data-access","geometry","portal-access"],"variables":[{"name":"$feature","type":"feature","description":"Geoobjektet som beregnes."},{"name":"$originalFeature","type":"feature","description":"Den forrige tilstanden til geoobjektet som beregnes."},{"name":"$featureSet","type":"featureSet","description":"En samling geoobjekter i samme tabell som $feature som evaluerer uttrykket."},{"name":"$datastore","type":"featureSetCollection","description":"En samling lag i den samme geoobjekttjenesten eller databasen som $feature som kjører skriptet."},{"name":"$editcontext","type":"dictionary","properties":[{"name":"editType","type":"text","description":"Angir om redigeringshandlingen er SETT INN, OPPDATER, SLETT eller NA (ikke aktuell)."}],"description":""}]},{"name":"Attribute rule validation","id":"attribute-rule-validation","bundles":["core","data-access","geometry","portal-access"],"variables":[{"name":"$feature","type":"feature","description":"Geoobjektet som beregnes."},{"name":"$featureSet","type":"featureSet","description":"En samling geoobjekter i samme tabell som $feature som evaluerer uttrykket."},{"name":"$datastore","type":"featureSetCollection","description":"En samling lag i den samme geoobjekttjenesten eller databasen som $feature som kjører skriptet."}]},{"name":"Dashboard indicator formatting","id":"dashboard-indicator-formatting","bundles":["core"],"variables":[{"name":"$datapoint","type":"feature","description":"Datapuktet som evalueres for det visuelle elementet."},{"name":"$reference","type":"dictionary","description":"Referanseverdien som evalueres for det visuelle elementet.","properties":[]}]},{"name":"Dashboard list formatting","id":"dashboard-list-formatting","bundles":["core"],"variables":[{"name":"$datapoint","type":"feature","description":"Datapuktet som evalueres for det visuelle elementet."}]},{"name":"Dashboard table formatting","id":"dashboard-table-formatting","bundles":["core"],"variables":[{"name":"$datapoint","type":"feature","description":"Datapuktet som evalueres for det visuelle elementet."},{"name":"$rowindex","type":"number","description":"Posisjonen for en rad i tabellen (nullbasert)."}]},{"name":"Dashboard data","id":"dashboard-data","bundles":["core","geometry","data-access","portal-access","knowledge-graph"],"variables":[]},{"name":"Data Pipelines","id":"data-pipelines","bundles":["core"],"variables":[{"name":"$record","type":"dictionary","description":"Gir tilgang til attributt-/feltverdiene for posten som beregnes.","properties":[]}]},{"name":"Dictionary renderer","id":"dictionary-renderer","bundles":["core","geometry"],"variables":[{"name":"$feature","type":"feature","description":"Geoobjektet som skal tegnes på kartet."},{"name":"$config","type":"dictionary","description":"En katalog over konfigurasjonsverdier.","properties":[]}]},{"name":"Experience Builder data","id":"experience-builder-data","bundles":["core","data-access","geometry","portal-access"],"variables":[]},{"name":"Experience Builder list item widget formatting","id":"experience-builder-list-item-widget-formatting","bundles":["core"],"variables":[{"name":"$feature","type":"feature","description":"Representerer geoobjektet i listeelementet."}]},{"name":"Experience Builder widget formatting","id":"experience-builder-widget-formatting","bundles":["core","data-access"],"variables":[{"name":"$dataSources","type":"dictionary","description":"Datakildene som brukes av miniprogrammet. Dette er en ordliste som inneholder nøkkelverdipar, der hver nøkkel er en datakilde-ID (f.eks. «dataSource_1-187acf797e1-layer-5-selection»).","properties":[]}]},{"name":"Feature Display Title","id":"feature-display-title","bundles":["core"],"variables":[{"name":"$feature","type":"feature","description":"Geoobjektet eller raden som det skal vises en tittel for i UI-et."}]},{"name":"Feature Z","id":"feature-z","bundles":["core","geometry"],"variables":[{"name":"$feature","type":"feature","description":"Geoobjektet krever en Z-verdi."}]},{"name":"Field calculation","id":"field-calculation","bundles":["core","data-access","geometry","portal-access","knowledge-graph","ai"],"variables":[{"name":"$feature","type":"feature","description":"Geoobjektet som beregnes."},{"name":"$datastore","type":"featureSetCollection","description":"En samling lag i den samme geoobjekttjenesten eller databasen som $feature som kjører beregningen."}]},{"name":"Field mapping","id":"field-mapping","bundles":["core","data-access","geometry","portal-access"],"variables":[{"name":"$sourceFeature","type":"feature","description":"Kildegeoobjektet for feltkartet."},{"name":"$targetFeature","type":"feature","description":"Målgeoobjektet for feltkartet."},{"name":"$sourceLayer","type":"featureSet","description":"En samling geoobjekter i samme lag som $sourcefeature."},{"name":"$targetLayer","type":"featureSet","description":"En samling geoobjekter i samme lag som $targetfeature."},{"name":"$map","type":"featureSetCollection","description":"En samling lag i kartet for arcade-uttrykket som utføres."},{"name":"$sourceDatastore","type":"featureSetCollection","description":"En samling lag i samme datalager som $sourcelayer."},{"name":"$targetDatastore","type":"featureSetCollection","description":"En samling lag i samme datalager som $targetlayer."}]},{"name":"Form Attachment Filename Calculation","id":"form-attachment-filename-calculation","bundles":["core","data-access","geometry","portal-access"],"variables":[{"name":"$feature","type":"feature","description":"å_The feature being calculated______________________________ø."},{"name":"$originalFeature","type":"feature","description":"å_The previous state of the feature being calculated___________________________ø."},{"name":"$layer","type":"featureSet","description":"å_A collection of features in the same layer as $feature_____________________________ø."},{"name":"$datastore","type":"featureSetCollection","description":"å_A collection of layers in the same feature service or database as $feature_______________________________________ø."},{"name":"$featureset","type":"featureSet","description":"å_A collection of features in the same table as $feature_____________________________ø."},{"name":"$map","type":"featureSetCollection","description":"å_A collection of feature service layers in the same map as $feature___________________________________ø."},{"name":"$formElement","type":"dictionary","description":"å_Information associated with the form element________________________ø.","properties":[{"name":"attachmentKeyword","type":"text","description":"å_A text value identifying the content of the attachment. When a file is attached using the form, this property can be used in determining a new filename for the attachment_______________________________________________________________________________________ø."},{"name":"label","type":"text","description":"å_A text value indicating what the element represents___________________________ø."},{"name":"description","type":"text","description":"å_A text value that describes the element in detail__________________________ø."}]}]},{"name":"Form calculation","id":"form-calculation","bundles":["core","data-access","geometry","portal-access","ai"],"variables":[{"name":"$feature","type":"feature","description":"Viser geoobjektets attributter som skal brukes i beregningen."},{"name":"$originalFeature","type":"feature","description":"Den forrige tilstanden til geoobjektet som beregnes."},{"name":"$layer","type":"featureSet","description":"En samling geoobjekter i samme lag som $feature."},{"name":"$datastore","type":"featureSetCollection","description":"En samling lag i den samme geoobjekttjenesten eller databasen."},{"name":"$featureset","type":"featureSet","description":"En samling geoobjekter i samme tabell som $feature."},{"name":"$map","type":"featureSetCollection","description":"En samling geotjenestelag i samme kart som $feature."},{"name":"$editcontext","type":"dictionary","properties":[{"name":"editType","type":"text","description":"Angir om redigeringshandlingen er SETT INN, OPPDATER, SLETT eller NA (ikke aktuell)."}],"description":""}]},{"name":"Form Constraint","id":"form-constraint","bundles":["core","geometry","data-access","portal-access"],"variables":[{"name":"$feature","type":"feature","description":"Geoobjektet som beregnes for begrensningen."},{"name":"$originalFeature","type":"feature","description":"Den forrige tilstanden til geoobjektet."},{"name":"$layer","type":"featureSet","description":"En samling geoobjekter i samme lag som $feature."},{"name":"$datastore","type":"featureSetCollection","description":"En samling lag i den samme geoobjekttjenesten eller databasen."},{"name":"$featureset","type":"featureSet","description":"En samling geoobjekter i samme tabell som $feature."},{"name":"$map","type":"featureSetCollection","description":"En samling geotjenestelag i samme kart som $feature."},{"name":"$editcontext","type":"dictionary","properties":[{"name":"editType","type":"text","description":"Angir om redigeringshandlingen er SETT INN, OPPDATER, SLETT eller NA (ikke aktuell)."}],"description":""}]},{"name":"Geoanalytics","id":"geoanalytics","bundles":["core","geometry","track"],"variables":[{"name":"$feature","type":"feature","description":"Geoobjektet som beregnes."}]},{"name":"Geotrigger notification","id":"geotrigger-notification","bundles":["core","geometry","data-access"],"variables":[{"name":"$feedFeature","type":"feature","description":"Inndata-geoobjektet (f.eks. enhetslokasjon eller geoobjekt) som førte til at Geotrigger ble aktivert. Dette geoobjektet må inkludere en geometri (vanligvis et punkt) og et fast skjema med følgende egenskaper: \"course\" (retningen for lokasjonen i grader med klokken, der 0 er sann nord) og \"horizontalaccuracy\" (horisontal nøyaktighet for lokasjonen i meter)."},{"name":"$fenceFeature","type":"feature","description":"Gjerde-geoobjekt (f.eks. et interesseområde) som ble gått inn i eller ut av førte til at Geotrigger ble aktivert."},{"name":"$fenceLayer","type":"featureSet","description":"En samling geoobjekter i samme lag som $fenceFeature."},{"name":"$fenceNotificationType","type":"text","description":"En beskrivelse av hendelsen som inntraff, enten «inn i» eller «ut av»."}]},{"name":"Imagery popup","id":"popup-imagery","bundles":["core","geometry"],"variables":[{"name":"$pixel","type":"pixel","description":"å_The pixel value and other pixel-dependent information (e.g. classification category), including virtual raster fields, for the imagery layer currently displayed in the view________________________________________________________________________________________ø."},{"name":"$imageCollectionItem","type":"feature","description":"å_The metadata of the selected image collection item containing the pixel represented by `$pixel`. This value will be `null` if there is no associated image collection____________________________________________________________________________________ø."},{"name":"$view","type":"dictionary","description":"å_Properties available from the view___________________ø.","properties":[{"name":"scale","type":"number","description":"å_Returns the scale of the map at the time the expression evaluates__________________________________ø."},{"name":"timeProperties","type":"dictionary","properties":[{"name":"currentStart","type":"date","description":"å_The start time of the map's time extent as indicated by a time slider component at the time the expression evaluates. This value dynamically updates (and may trigger the re-execution of the Arcade expression) when a time slider is used to update time-aware popups based on date field. A `null` value indicates the start time is inclusive since the beginning of time________________________________________________________________________________________________________________________________________________________________________________________ø."},{"name":"currentEnd","type":"date","description":"å_The end time of the map's time extent as indicated by a time slider component at the time the expression evaluates. This value dynamically updates (and may trigger the re-execution of the Arcade expression) when a time slider is used to update time-aware popups based on date field. A `null` value indicates the end time is indefinite with no end_______________________________________________________________________________________________________________________________________________________________________________ø."},{"name":"startIncluded","type":"boolean","description":"å_Indicates if the `currentStart` date is included in the map's current time extent__________________________________________ø."},{"name":"endIncluded","type":"boolean","description":"å_Indicates if the `currentEnd` date is included in the map's current time extent_________________________________________ø."}],"description":""}]},{"name":"$userInput","description":"å_A geometry representing a user's input for a popup. Typically, this represents a location where the user clicked or tapped in a map to launch a popup. There may be cases where this value is a Point, an Extent, or `null` as popups are not always opened from map interaction. Therefore, it is advised to check the geometry type of this value before it is used____________________________________________________________________________________________________________________________________________________________________________________ø.","type":"geometry"}]},{"name":"Imagery popup element","id":"popup-element-imagery","bundles":["core","geometry"],"variables":[{"name":"$pixel","type":"pixel","description":"å_The pixel value and other pixel-dependent information (e.g. classification category), including virtual raster fields, for the imagery layer currently displayed in the view________________________________________________________________________________________ø."},{"name":"$imageCollectionItem","type":"feature","description":"å_The metadata of the selected image collection item containing the pixel represented by `$pixel`. This value will be `null` if there is no associated image collection____________________________________________________________________________________ø."},{"name":"$view","type":"dictionary","description":"å_Properties available from the view___________________ø.","properties":[{"name":"scale","type":"number","description":"å_Returns the scale of the map at the time the expression evaluates__________________________________ø."},{"name":"timeProperties","type":"dictionary","properties":[{"name":"currentStart","type":"date","description":"å_The start time of the map's time extent as indicated by a time slider component at the time the expression evaluates. This value dynamically updates (and may trigger the re-execution of the Arcade expression) when a time slider is used to update time-aware popups based on date field. A `null` value indicates the start time is inclusive since the beginning of time________________________________________________________________________________________________________________________________________________________________________________________ø."},{"name":"currentEnd","type":"date","description":"å_The end time of the map's time extent as indicated by a time slider component at the time the expression evaluates. This value dynamically updates (and may trigger the re-execution of the Arcade expression) when a time slider is used to update time-aware popups based on date field. A `null` value indicates the end time is indefinite with no end_______________________________________________________________________________________________________________________________________________________________________________ø."},{"name":"startIncluded","type":"boolean","description":"å_Indicates if the `currentStart` date is included in the map's current time extent__________________________________________ø."},{"name":"endIncluded","type":"boolean","description":"å_Indicates if the `currentEnd` date is included in the map's current time extent_________________________________________ø."}],"description":""}]},{"name":"$userInput","description":"å_A geometry representing a user's input for a popup. Typically, this represents a location where the user clicked or tapped in a map to launch a popup. There may be cases where this value is a Point, an Extent, or `null` as popups are not always opened from map interaction. Therefore, it is advised to check the geometry type of this value before it is used____________________________________________________________________________________________________________________________________________________________________________________ø.","type":"geometry"}]},{"name":"Labeling","id":"labeling","bundles":["core","geometry"],"variables":[{"name":"$feature","type":"feature","description":"Geoobjektet som har etikett som skal tegnes på kartet."},{"name":"$view","type":"dictionary","description":"Egenskaper som er tilgjengelige fra visningen.","properties":[{"name":"scale","type":"number","description":"Returnerer målestokken for kartet på det tidspunktet da uttrykket evelueres."},{"name":"timeProperties","type":"dictionary","properties":[{"name":"currentStart","type":"date","description":"Starttiden for kartets tidsutstrekning som vist med en tidsglidebryterkomponent på den tiden som uttrykket evaluerer. Denne verdien oppdateres dynamisk (og kan utløse en ny kjøring av Arcade-uttrykket) når en tidsglidebryter brukes til å oppdatere tidsaktiverte etiketter på bakgrunn av datofelt. En verdi på \"null\" indikerer at starttiden er inkludert siden begynnelsen av tiden."},{"name":"currentEnd","type":"date","description":"Sluttiden for kartets tidsutstrekning som vist med en tidsglidebryterkomponent på den tiden som uttrykket evaluerer. Denne verdien oppdateres dynamisk (og kan utløse en ny kjøring av Arcade-uttrykket) når en tidsglidebryter brukes til å oppdatere tidsaktiverte etiketter på bakgrunn av datofelt. En verdi på \"null\" indikerer at sluttiden er uendelig, uten slutt."},{"name":"startIncluded","type":"boolean","description":"Indikerer om datoen \"currentStart\" er inkludert i kartets gjeldende tidsutstrekning."},{"name":"endIncluded","type":"boolean","description":"Indikerer om datoen \"currentEnd\" er inkludert i kartets gjeldende tidsutstrekning."}],"description":""}]}]},{"name":"Layout","id":"layout","bundles":["core","geometry"],"variables":[{"name":"$feature","type":"feature","description":"Geoobjektet som har verdier som kan vises i layouten."}]},{"name":"Location update constraint","id":"location-update-constraint","bundles":["core","geometry"],"variables":[{"name":"$locationupdate","type":"dictionary","description":"Lokasjonsoppdateringen (f.eks. fra GPS) som evalueres for begrensningen.","properties":[{"name":"course","type":"number","description":"Retningen for lokasjonen i grader med klokken, der 0 er sann nord."},{"name":"horizontalaccuracy","type":"number","description":"Den horisontale nøyaktigheten for lokasjonen i meter."},{"name":"verticalaccuracy","type":"number","description":"Den vertikale nøyaktigheten for lokasjonen i meter."},{"name":"velocity","type":"number","description":"Hastigheten for lokasjonen i meter i sekundet."}]}]},{"name":"Model Builder","id":"model-builder","bundles":["core","geometry","data-access","portal-access"],"variables":[{"name":"$variables","type":"dictionary","description":"En ordliste som inneholder variabelnavn og -verdier.","properties":[]}]},{"name":"Measure visualization","id":"measure-visualization","bundles":["core","geometry"],"variables":[{"name":"$measure","type":"number","description":"Den interpolerte M-verdien for markørlokasjonen."},{"name":"$feature","type":"feature","description":"Geoobjektet som skal tegnes på kartet."},{"name":"$view","type":"dictionary","properties":[{"name":"scale","type":"number","description":"Returnerer målestokken for kartet på det tidspunktet da uttrykket evelueres."}],"description":""}]},{"name":"Popup","id":"popup","bundles":["core","data-access","geometry","portal-access","knowledge-graph"],"variables":[{"name":"$feature","type":"feature","description":"Gir tilgang til attributtene og geometrien for geoobjektet som har en popup som skal vises i visningen."},{"name":"$layer","description":"En samling geoobjekter i det samme laget som $feature som har en popup som vises i visningen.","type":"featureSet"},{"name":"$map","description":"En samling lag i det samme kartet som $feature som har en popup som vises i visningen. Denne verdien kan være \"null\" i tilfeller der en popup ikke er tilknyttet et kart.","type":"featureSetCollection"},{"name":"$datastore","description":"En samling lag i den samme geoobjekttjenesten eller databasen som $feature med popup som vises i visningen.","type":"featureSetCollection"},{"name":"$userInput","description":"Geometri som representerer en brukers inndata for en popup. Dette representerer vanligvis en lokasjon der brukeren klikket eller trykket i et kart for å vise en popup. Det kan være tilfeller der denne verdien er et punkt, en utstrekning eller \"null\" siden popuper ikke alltid åpnes fra kartinteraksjon. Vi anbefaler derfor at du kontrollerer geometritypen for denne verdien før den brukes.","type":"geometry"},{"name":"$graph","description":"En kunnskapsgraf som er tilknyttet geoobjektet. Hvis ingen kunnskapsgrafer er tilgjengelige, vil verdien være \"null\".","type":"knowledgeGraph"},{"name":"$view","type":"dictionary","description":"Egenskaper som er tilgjengelige fra visningen.","properties":[{"name":"scale","type":"number","description":"Returnerer målestokken for kartet på det tidspunktet da uttrykket evelueres."},{"name":"timeProperties","type":"dictionary","properties":[{"name":"currentStart","type":"date","description":"Starttiden for kartets tidsutstrekning som vist med en tidsglidebryterkomponent på den tiden som uttrykket evaluerer. Denne verdien oppdateres dynamisk (og kan utløse en ny kjøring av Arcade-uttrykket) når en tidsglidebryter brukes til å oppdatere tidsaktiverte popups på bakgrunn av datofelt. En verdi på \"null\" indikerer at starttiden er inkludert siden begynnelsen av tiden."},{"name":"currentEnd","type":"date","description":"Sluttiden for kartets tidsutstrekning som vist med en tidsglidebryterkomponent på den tiden som uttrykket evaluerer. Denne verdien oppdateres dynamisk (og kan utløse en ny kjøring av Arcade-uttrykket) når en tidsglidebryter brukes til å oppdatere tidsaktiverte popups på bakgrunn av datofelt. En verdi på \"null\" indikerer at sluttiden er uendelig, uten slutt."},{"name":"startIncluded","type":"boolean","description":"Indikerer om datoen \"currentStart\" er inkludert i kartets gjeldende tidsutstrekning."},{"name":"endIncluded","type":"boolean","description":"Indikerer om datoen \"currentEnd\" er inkludert i kartets gjeldende tidsutstrekning."}],"description":""}]}]},{"name":"Popup element","id":"popup-element","bundles":["core","data-access","geometry","portal-access","knowledge-graph"],"variables":[{"name":"$feature","type":"feature","description":"Gir tilgang til attributtene og geometrien for geoobjektet som har en popup som skal vises i visningen."},{"name":"$layer","description":"En samling geoobjekter i det samme laget som $feature som har en popup som vises i visningen.","type":"featureSet"},{"name":"$map","description":"En samling lag i det samme kartet som $feature som har en popup som vises i visningen. Denne verdien kan være \"null\" i tilfeller der en popup ikke er tilknyttet et kart.","type":"featureSetCollection"},{"name":"$datastore","description":"En samling lag i den samme geoobjekttjenesten eller databasen som $feature med popup som vises i visningen.","type":"featureSetCollection"},{"name":"$userInput","description":"Geometri som representerer en brukers inndata for en popup. Dette representerer vanligvis en lokasjon der brukeren klikket eller trykket i et kart for å vise en popup. Det kan være tilfeller der denne verdien er et punkt, en utstrekning eller \"null\" siden popuper ikke alltid åpnes fra kartinteraksjon. Vi anbefaler derfor at du kontrollerer geometritypen for denne verdien før den brukes.","type":"geometry"},{"name":"$graph","description":"En kunnskapsgraf som er tilknyttet geoobjektet. Hvis ingen kunnskapsgrafer er tilgjengelige, vil verdien være \"null\".","type":"knowledgeGraph"},{"name":"$view","type":"dictionary","description":"Egenskaper som er tilgjengelige fra visningen.","properties":[{"name":"scale","type":"number","description":"Returnerer målestokken for kartet på det tidspunktet da uttrykket evalueres."},{"name":"timeProperties","type":"dictionary","properties":[{"name":"currentStart","type":"date","description":"Starttiden for kartets tidsutstrekning som vist med en tidsglidebryterkomponent på den tiden som uttrykket evaluerer. Denne verdien oppdateres dynamisk (og kan utløse en ny kjøring av Arcade-uttrykket) når en tidsglidebryter brukes til å oppdatere tidsaktiverte popups på bakgrunn av datofelt. En verdi på \"null\" indikerer at starttiden er inkludert siden begynnelsen av tiden."},{"name":"currentEnd","type":"date","description":"Sluttiden for kartets tidsutstrekning som vist med en tidsglidebryterkomponent på den tiden som uttrykket evaluerer. Denne verdien oppdateres dynamisk (og kan utløse en ny kjøring av Arcade-uttrykket) når en tidsglidebryter brukes til å oppdatere tidsaktiverte popups på bakgrunn av datofelt. En verdi på \"null\" indikerer at sluttiden er uendelig, uten slutt."},{"name":"startIncluded","type":"boolean","description":"Indikerer om datoen \"currentStart\" er inkludert i kartets gjeldende tidsutstrekning."},{"name":"endIncluded","type":"boolean","description":"Indikerer om datoen \"currentEnd\" er inkludert i kartets gjeldende tidsutstrekning."}],"description":""}]}]},{"name":"Popup feature reduction","id":"popup-feature-reduction","bundles":["core","data-access","geometry","portal-access"],"variables":[{"name":"$feature","type":"feature","description":"Gir tilgang til de aggregerte feltene som er definert i popuper for klynger eller beholdere."},{"name":"$aggregatedFeatures","description":"FeatureSet som inneholder alle geoobjekter som er representert av klyngen eller beholderen.","type":"featureSet"},{"name":"$view","type":"dictionary","description":"Egenskaper som er tilgjengelige fra visningen.","properties":[{"name":"scale","type":"number","description":"Returnerer målestokken for kartet på det tidspunktet da uttrykket evelueres."},{"name":"timeProperties","type":"dictionary","properties":[{"name":"currentStart","type":"date","description":"Starttiden for kartets tidsutstrekning som vist med en tidsglidebryterkomponent på den tiden som uttrykket evaluerer. Denne verdien oppdateres dynamisk (og kan utløse en ny kjøring av Arcade-uttrykket) når en tidsglidebryter brukes til å oppdatere tidsaktiverte popups på bakgrunn av datofelt. En verdi på \"null\" indikerer at starttiden er inkludert siden begynnelsen av tiden."},{"name":"currentEnd","type":"date","description":"Sluttiden for kartets tidsutstrekning som vist med en tidsglidebryterkomponent på den tiden som uttrykket evaluerer. Denne verdien oppdateres dynamisk (og kan utløse en ny kjøring av Arcade-uttrykket) når en tidsglidebryter brukes til å oppdatere tidsaktiverte popups på bakgrunn av datofelt. En verdi på \"null\" indikerer at sluttiden er uendelig, uten slutt."},{"name":"startIncluded","type":"boolean","description":"Indikerer om datoen \"currentStart\" er inkludert i kartets gjeldende tidsutstrekning."},{"name":"endIncluded","type":"boolean","description":"Indikerer om datoen \"currentEnd\" er inkludert i kartets gjeldende tidsutstrekning."}],"description":""}]}]},{"name":"Popup element feature reduction","id":"popup-element-feature-reduction","bundles":["core","data-access","geometry","portal-access"],"variables":[{"name":"$feature","type":"feature","description":"Gir tilgang til de aggregerte feltene som er definert i popuper for klynger eller beholdere."},{"name":"$aggregatedFeatures","description":"FeatureSet som inneholder alle geoobjekter som er representert av klyngen eller beholderen.","type":"featureSet"},{"name":"$view","type":"dictionary","description":"Egenskaper som er tilgjengelige fra visningen.","properties":[{"name":"scale","type":"number","description":"Returnerer målestokken for kartet på det tidspunktet da uttrykket evalueres."},{"name":"timeProperties","type":"dictionary","properties":[{"name":"currentStart","type":"date","description":"Starttiden for kartets tidsutstrekning som vist med en tidsglidebryterkomponent på den tiden som uttrykket evaluerer. Denne verdien oppdateres dynamisk (og kan utløse en ny kjøring av Arcade-uttrykket) når en tidsglidebryter brukes til å oppdatere tidsaktiverte popups på bakgrunn av datofelt. En verdi på \"null\" indikerer at starttiden er inkludert siden begynnelsen av tiden."},{"name":"currentEnd","type":"date","description":"Sluttiden for kartets tidsutstrekning som vist med en tidsglidebryterkomponent på den tiden som uttrykket evaluerer. Denne verdien oppdateres dynamisk (og kan utløse en ny kjøring av Arcade-uttrykket) når en tidsglidebryter brukes til å oppdatere tidsaktiverte popups på bakgrunn av datofelt. En verdi på \"null\" indikerer at sluttiden er uendelig, uten slutt."},{"name":"startIncluded","type":"boolean","description":"Indikerer om datoen \"currentStart\" er inkludert i kartets gjeldende tidsutstrekning."},{"name":"endIncluded","type":"boolean","description":"Indikerer om datoen \"currentEnd\" er inkludert i kartets gjeldende tidsutstrekning."}],"description":""}]}]},{"name":"Quick Capture","id":"quick-capture","bundles":["core","data-access","geometry","portal-access"],"variables":[{"name":"$feature","type":"feature","description":"Viser geoobjektets attributter som skal brukes i beregningen."},{"name":"$layer","type":"featureSet","description":"En samling geoobjekter i samme lag som $feature."},{"name":"$datastore","type":"featureSetCollection","description":"En samling lag i den samme geoobjekttjenesten eller databasen."},{"name":"$map","type":"featureSetCollection","description":"En samling geotjenestelag i samme kart som brukes av QuickCapture-prosjektet. Denne variablen kan være \"null\"."}]},{"name":"Tasks","id":"tasks","bundles":["core","data-access","geometry","portal-access"],"variables":[{"name":"$feature","description":"Geoobjektet som evalueres av oppgaven.","type":"feature"},{"name":"$datastore","description":"En samling lag i den samme geoobjekttjenesten eller databasen som $feature som evalueres av oppgaven.","type":"featureSetCollection"}]},{"name":"Velocity","id":"velocity","bundles":["core","geometry","track"],"variables":[{"name":"$feature","type":"feature","description":"Geoobjektet som beregnes, evalueres eller opereres på i analyseverktøy med en inndata."},{"name":"$target","type":"feature","description":"Geoobjektet som evalueres for filtrering eller berikelse i analyseverktøy med to inndata."},{"name":"$join","type":"feature","description":"Geoobjektet som leverer verdier for evaluering eller beriking av målgeoobjektet i analyseverktøyer med to inndata."},{"name":"$analytic","type":"dictionary","description":"Tidsverdier som er knyttet til analysen, som starttid, siste sluttid osv.","properties":[]}]},{"name":"Visualization","id":"visualization","bundles":["core","geometry"],"variables":[{"name":"$feature","description":"Geoobjektet som skal tegnes på kartet.","type":"feature"},{"name":"$view","type":"dictionary","description":"Egenskaper som er tilgjengelige fra visningen.","properties":[{"name":"scale","type":"number","description":"Returnerer målestokken for kartet på det tidspunktet da uttrykket evelueres."},{"name":"timeProperties","type":"dictionary","properties":[{"name":"currentStart","type":"date","description":"Starttiden for kartets tidsutstrekning som vist med en tidsglidebryterkomponent på den tiden som uttrykket evaluerer. Denne verdien oppdateres dynamisk (og kan utløse en ny kjøring av Arcade-uttrykket) når en tidsglidebryter brukes til å oppdatere tidsaktiverte visualiseringer på bakgrunn av datofelt. En verdi på \"null\" indikerer at starttiden er inkludert siden begynnelsen av tiden."},{"name":"currentEnd","type":"date","description":"Sluttiden for kartets tidsutstrekning som vist med en tidsglidebryterkomponent på den tiden som uttrykket evaluerer. Denne verdien oppdateres dynamisk (og kan utløse en ny kjøring av Arcade-uttrykket) når en tidsglidebryter brukes til å oppdatere tidsaktiverte visualiseringer på bakgrunn av datofelt. En verdi på \"null\" indikerer at sluttiden er uendelig, uten slutt."},{"name":"startIncluded","type":"boolean","description":"Indikerer om datoen \"currentStart\" er inkludert i kartets gjeldende tidsutstrekning."},{"name":"endIncluded","type":"boolean","description":"Indikerer om datoen \"currentEnd\" er inkludert i kartets gjeldende tidsutstrekning."}],"description":""}]}]},{"name":"Voxel popup","id":"popup-voxel","bundles":["core"],"variables":[{"name":"$voxel","type":"voxel","description":"Gir tilgang til attributtene for voxelen som har en popup som skal vises i scenen."}]},{"name":"Voxel popup element","id":"popup-element-voxel","bundles":["core"],"variables":[{"name":"$voxel","type":"voxel","description":"Gir tilgang til attributtene for voxelen som har en popup som skal vises i scenen."}]}]