[{"name":"Minimalist","id":"minimalist","bundles":["core","data-access","geometry","portal-access"],"variables":[]},{"name":"Aggregate Field","id":"aggregate-field","bundles":["core","geometry"],"variables":[{"name":"$feature","description":"Um elemento individual incluído num elemento de agregação. Isto dá acesso a todos os atributos de campo do elemento.","type":"feature"}]},{"name":"Alias","id":"alias","bundles":["core","geometry"],"variables":[{"name":"$value","type":"number","description":"O valor numérico para o qual um nome alternativo de texto é pretendido."},{"name":"$feature","type":"feature","description":"O elemento para o qual se pretende um nome alternativo de texto."}]},{"name":"Attribute rule calculation","id":"attribute-rule-calculation","bundles":["core","data-access","database","geometry","portal-access","ai"],"variables":[{"name":"$feature","type":"feature","description":"O elemento a ser calculado."},{"name":"$originalFeature","type":"feature","description":"O estado anterior do elemento a ser calculado."},{"name":"$featureSet","type":"featureSet","description":"Uma coleção de elementos na mesma tabela que $feature a avaliar a expressão."},{"name":"$datastore","type":"featureSetCollection","description":"Uma coleção de camadas na mesma base de dados ou serviço de elementos que o $feature a executar o script."},{"name":"$editcontext","type":"dictionary","properties":[{"name":"editType","type":"text","description":"Indica se o evento de edição é INSERIR, ATUALIZAR, ELIMINAR ou NA (não aplicável)."}],"description":""}]},{"name":"Attribute rule constraint","id":"attribute-rule-constraint","bundles":["core","data-access","geometry","portal-access"],"variables":[{"name":"$feature","type":"feature","description":"O elemento a ser calculado."},{"name":"$originalFeature","type":"feature","description":"O estado anterior do elemento a ser calculado."},{"name":"$featureSet","type":"featureSet","description":"Uma coleção de elementos na mesma tabela que $feature a avaliar a expressão."},{"name":"$datastore","type":"featureSetCollection","description":"Uma coleção de camadas na mesma base de dados ou serviço de elementos que o $feature a executar o script."},{"name":"$editcontext","type":"dictionary","properties":[{"name":"editType","type":"text","description":"Indica se o evento de edição é INSERIR, ATUALIZAR, ELIMINAR ou NA (não aplicável)."}],"description":""}]},{"name":"Attribute rule validation","id":"attribute-rule-validation","bundles":["core","data-access","geometry","portal-access"],"variables":[{"name":"$feature","type":"feature","description":"O elemento a ser calculado."},{"name":"$featureSet","type":"featureSet","description":"Uma coleção de elementos na mesma tabela que $feature a avaliar a expressão."},{"name":"$datastore","type":"featureSetCollection","description":"Uma coleção de camadas na mesma base de dados ou serviço de elementos que o $feature a executar o script."}]},{"name":"Dashboard indicator formatting","id":"dashboard-indicator-formatting","bundles":["core"],"variables":[{"name":"$datapoint","type":"feature","description":"O ponto de dados a ser avaliado para o elemento visual."},{"name":"$reference","type":"dictionary","description":"O valor de referência a ser avaliado para o elemento visual.","properties":[]}]},{"name":"Dashboard list formatting","id":"dashboard-list-formatting","bundles":["core"],"variables":[{"name":"$datapoint","type":"feature","description":"O ponto de dados a ser avaliado para o elemento visual."}]},{"name":"Dashboard table formatting","id":"dashboard-table-formatting","bundles":["core"],"variables":[{"name":"$datapoint","type":"feature","description":"O ponto de dados a ser avaliado para o elemento visual."},{"name":"$rowindex","type":"number","description":"A posição de uma linha na tabela (baseada em zero)."}]},{"name":"Dashboard data","id":"dashboard-data","bundles":["core","geometry","data-access","portal-access","knowledge-graph"],"variables":[]},{"name":"Data Pipelines","id":"data-pipelines","bundles":["core"],"variables":[{"name":"$record","type":"dictionary","description":"Fornece acesso aos valores de atributo/campo do registo que está a ser calculado.","properties":[]}]},{"name":"Dictionary renderer","id":"dictionary-renderer","bundles":["core","geometry"],"variables":[{"name":"$feature","type":"feature","description":"O elemento que deve ser desenhado no mapa."},{"name":"$config","type":"dictionary","description":"Um dicionário de valores de configuração.","properties":[]}]},{"name":"Experience Builder data","id":"experience-builder-data","bundles":["core","data-access","geometry","portal-access"],"variables":[]},{"name":"Experience Builder list item widget formatting","id":"experience-builder-list-item-widget-formatting","bundles":["core"],"variables":[{"name":"$feature","type":"feature","description":"Representa o elemento na lista de itens."}]},{"name":"Experience Builder widget formatting","id":"experience-builder-widget-formatting","bundles":["core","data-access"],"variables":[{"name":"$dataSources","type":"dictionary","description":"As fontes de dados utilizadas pelo widget. Este é um dicionário que contém pares de chave-valor, em que cada chave é um ID de fonte de dados (por exemplo, `dataSource_1-187acf797e1-layer-5-selection`).","properties":[]}]},{"name":"Feature Display Title","id":"feature-display-title","bundles":["core"],"variables":[{"name":"$feature","type":"feature","description":"O elemento, ou linha, para o qual deve ser apresentado um título na IU."}]},{"name":"Feature Z","id":"feature-z","bundles":["core","geometry"],"variables":[{"name":"$feature","type":"feature","description":"O elemento que requer um valor Z."}]},{"name":"Field calculation","id":"field-calculation","bundles":["core","data-access","geometry","portal-access","knowledge-graph","ai"],"variables":[{"name":"$feature","type":"feature","description":"O elemento a ser calculado."},{"name":"$datastore","type":"featureSetCollection","description":"Uma coleção de camadas na mesma base de dados ou serviço de elementos que o $feature a executar a coleção."}]},{"name":"Field mapping","id":"field-mapping","bundles":["core","data-access","geometry","portal-access"],"variables":[{"name":"$sourceFeature","type":"feature","description":"O elemento de origem para o mapa de campo."},{"name":"$targetFeature","type":"feature","description":"O elemento de destino para o mapa de campo."},{"name":"$sourceLayer","type":"featureSet","description":"Uma coleção de elementos na mesma camada que $sourcefeature."},{"name":"$targetLayer","type":"featureSet","description":"Uma coleção de elementos na mesma camada que $targetfeature."},{"name":"$map","type":"featureSetCollection","description":"Uma coleção de camadas no mapa da expressão arcade de execução."},{"name":"$sourceDatastore","type":"featureSetCollection","description":"Uma coleção de camadas no mesmo arquivo de dados que $sourcelayer."},{"name":"$targetDatastore","type":"featureSetCollection","description":"Uma coleção de camadas no mesmo arquivo de dados que $targetlayer."}]},{"name":"Form Attachment Filename Calculation","id":"form-attachment-filename-calculation","bundles":["core","data-access","geometry","portal-access"],"variables":[{"name":"$feature","type":"feature","description":"ã_The feature being calculated______________________________Ç."},{"name":"$originalFeature","type":"feature","description":"ã_The previous state of the feature being calculated___________________________Ç."},{"name":"$layer","type":"featureSet","description":"ã_A collection of features in the same layer as $feature_____________________________Ç."},{"name":"$datastore","type":"featureSetCollection","description":"ã_A collection of layers in the same feature service or database as $feature_______________________________________Ç."},{"name":"$featureset","type":"featureSet","description":"ã_A collection of features in the same table as $feature_____________________________Ç."},{"name":"$map","type":"featureSetCollection","description":"ã_A collection of feature service layers in the same map as $feature___________________________________Ç."},{"name":"$formElement","type":"dictionary","description":"ã_Information associated with the form element________________________Ç.","properties":[{"name":"attachmentKeyword","type":"text","description":"ã_A text value identifying the content of the attachment. When a file is attached using the form, this property can be used in determining a new filename for the attachment_______________________________________________________________________________________Ç."},{"name":"label","type":"text","description":"ã_A text value indicating what the element represents___________________________Ç."},{"name":"description","type":"text","description":"ã_A text value that describes the element in detail__________________________Ç."}]}]},{"name":"Form calculation","id":"form-calculation","bundles":["core","data-access","geometry","portal-access","ai"],"variables":[{"name":"$feature","type":"feature","description":"Expõe os atributos do elemento a utilizar no cálculo"},{"name":"$originalFeature","type":"feature","description":"O estado anterior do elemento a ser calculado."},{"name":"$layer","type":"featureSet","description":"Uma coleção de elementos na mesma camada que $feature."},{"name":"$datastore","type":"featureSetCollection","description":"Uma coleção de camadas na mesma base de dados ou serviço de elementos que $feature."},{"name":"$featureset","type":"featureSet","description":"Uma coleção de elementos na mesma tabela que $feature."},{"name":"$map","type":"featureSetCollection","description":"Uma coleção de camadas de serviço de elementos no mesmo mapa que $feature."},{"name":"$editcontext","type":"dictionary","properties":[{"name":"editType","type":"text","description":"Indica se o evento de edição é INSERIR, ATUALIZAR, ELIMINAR ou NA (não aplicável)."}],"description":""}]},{"name":"Form Constraint","id":"form-constraint","bundles":["core","geometry","data-access","portal-access"],"variables":[{"name":"$feature","type":"feature","description":"O elemento a ser avaliado para a restrição."},{"name":"$originalFeature","type":"feature","description":"O estado anterior do elemento."},{"name":"$layer","type":"featureSet","description":"Uma coleção de elementos na mesma camada que $feature."},{"name":"$datastore","type":"featureSetCollection","description":"Uma coleção de camadas na mesma base de dados ou serviço de elementos que $feature."},{"name":"$featureset","type":"featureSet","description":"Uma coleção de elementos na mesma tabela que $feature."},{"name":"$map","type":"featureSetCollection","description":"Uma coleção de camadas de serviço de elementos no mesmo mapa que $feature."},{"name":"$editcontext","type":"dictionary","properties":[{"name":"editType","type":"text","description":"Indica se o evento de edição é INSERIR, ATUALIZAR, ELIMINAR ou NA (não aplicável)."}],"description":""}]},{"name":"Geoanalytics","id":"geoanalytics","bundles":["core","geometry","track"],"variables":[{"name":"$feature","type":"feature","description":"O elemento a ser calculado."}]},{"name":"Geotrigger notification","id":"geotrigger-notification","bundles":["core","geometry","data-access"],"variables":[{"name":"$feedFeature","type":"feature","description":"O elemento de entrada (por exemplo, a localização de um dispositivo ou um elemento) que fez com que o geotrigger fosse ativado. Este elemento tem de incluir uma geometria (normalmente um ponto) e um esquema fixo com as seguintes propriedades: `course` (a direção da localização em graus no sentido dos ponteiros do relógio, sendo 0 o norte verdadeiro), e `horizontalaccuracy` (a precisão horizontal da localização em metros)."},{"name":"$fenceFeature","type":"feature","description":"O elemento de barreira (por exemplo, uma área de interesse) que foi introduzido ou removido e fez com que o Geotrigger fosse ativado."},{"name":"$fenceLayer","type":"featureSet","description":"Uma coleção de elementos na mesma camada que $fenceFeature."},{"name":"$fenceNotificationType","type":"text","description":"Uma descrição do evento que ocorreu: introdução ou remoção."}]},{"name":"Imagery popup","id":"popup-imagery","bundles":["core","geometry"],"variables":[{"name":"$pixel","type":"pixel","description":"ã_The pixel value and other pixel-dependent information (e.g. classification category), including virtual raster fields, for the imagery layer currently displayed in the view________________________________________________________________________________________Ç."},{"name":"$imageCollectionItem","type":"feature","description":"ã_The metadata of the selected image collection item containing the pixel represented by `$pixel`. This value will be `null` if there is no associated image collection____________________________________________________________________________________Ç."},{"name":"$view","type":"dictionary","description":"ã_Properties available from the view___________________Ç.","properties":[{"name":"scale","type":"number","description":"ã_Returns the scale of the map at the time the expression evaluates__________________________________Ç."},{"name":"timeProperties","type":"dictionary","properties":[{"name":"currentStart","type":"date","description":"ã_The start time of the map's time extent as indicated by a time slider component at the time the expression evaluates. This value dynamically updates (and may trigger the re-execution of the Arcade expression) when a time slider is used to update time-aware popups based on date field. A `null` value indicates the start time is inclusive since the beginning of time________________________________________________________________________________________________________________________________________________________________________________________Ç."},{"name":"currentEnd","type":"date","description":"ã_The end time of the map's time extent as indicated by a time slider component at the time the expression evaluates. This value dynamically updates (and may trigger the re-execution of the Arcade expression) when a time slider is used to update time-aware popups based on date field. A `null` value indicates the end time is indefinite with no end_______________________________________________________________________________________________________________________________________________________________________________Ç."},{"name":"startIncluded","type":"boolean","description":"ã_Indicates if the `currentStart` date is included in the map's current time extent__________________________________________Ç."},{"name":"endIncluded","type":"boolean","description":"ã_Indicates if the `currentEnd` date is included in the map's current time extent_________________________________________Ç."}],"description":""}]},{"name":"$userInput","description":"ã_A geometry representing a user's input for a popup. Typically, this represents a location where the user clicked or tapped in a map to launch a popup. There may be cases where this value is a Point, an Extent, or `null` as popups are not always opened from map interaction. Therefore, it is advised to check the geometry type of this value before it is used____________________________________________________________________________________________________________________________________________________________________________________Ç.","type":"geometry"}]},{"name":"Imagery popup element","id":"popup-element-imagery","bundles":["core","geometry"],"variables":[{"name":"$pixel","type":"pixel","description":"ã_The pixel value and other pixel-dependent information (e.g. classification category), including virtual raster fields, for the imagery layer currently displayed in the view________________________________________________________________________________________Ç."},{"name":"$imageCollectionItem","type":"feature","description":"ã_The metadata of the selected image collection item containing the pixel represented by `$pixel`. This value will be `null` if there is no associated image collection____________________________________________________________________________________Ç."},{"name":"$view","type":"dictionary","description":"ã_Properties available from the view___________________Ç.","properties":[{"name":"scale","type":"number","description":"ã_Returns the scale of the map at the time the expression evaluates__________________________________Ç."},{"name":"timeProperties","type":"dictionary","properties":[{"name":"currentStart","type":"date","description":"ã_The start time of the map's time extent as indicated by a time slider component at the time the expression evaluates. This value dynamically updates (and may trigger the re-execution of the Arcade expression) when a time slider is used to update time-aware popups based on date field. A `null` value indicates the start time is inclusive since the beginning of time________________________________________________________________________________________________________________________________________________________________________________________Ç."},{"name":"currentEnd","type":"date","description":"ã_The end time of the map's time extent as indicated by a time slider component at the time the expression evaluates. This value dynamically updates (and may trigger the re-execution of the Arcade expression) when a time slider is used to update time-aware popups based on date field. A `null` value indicates the end time is indefinite with no end_______________________________________________________________________________________________________________________________________________________________________________Ç."},{"name":"startIncluded","type":"boolean","description":"ã_Indicates if the `currentStart` date is included in the map's current time extent__________________________________________Ç."},{"name":"endIncluded","type":"boolean","description":"ã_Indicates if the `currentEnd` date is included in the map's current time extent_________________________________________Ç."}],"description":""}]},{"name":"$userInput","description":"ã_A geometry representing a user's input for a popup. Typically, this represents a location where the user clicked or tapped in a map to launch a popup. There may be cases where this value is a Point, an Extent, or `null` as popups are not always opened from map interaction. Therefore, it is advised to check the geometry type of this value before it is used____________________________________________________________________________________________________________________________________________________________________________________Ç.","type":"geometry"}]},{"name":"Labeling","id":"labeling","bundles":["core","geometry"],"variables":[{"name":"$feature","type":"feature","description":"O elemento cuja etiqueta deve ser desenhada no mapa."},{"name":"$view","type":"dictionary","description":"Propriedades disponíveis a partir da vista.","properties":[{"name":"scale","type":"number","description":"Devolve a escala do mapa no momento em que a expressão é avaliada."},{"name":"timeProperties","type":"dictionary","properties":[{"name":"currentStart","type":"date","description":"A hora de início da extensão temporal do mapa, tal como indicado por um componente do seletor de tempo no momento em que a expressão é avaliada. Este valor é atualizado dinamicamente (e pode desencadear a reexecução da expressão Arcade) quando é utilizado um seletor de tempo para atualizar etiquetas com reconhecimento de tempo baseadas no campo de data. Um valor `null` indica que a hora de início é inclusiva desde o início do tempo."},{"name":"currentEnd","type":"date","description":"A hora de fim da extensão temporal do mapa, tal como indicado por um componente do seletor de tempo no momento em que a expressão é avaliada. Este valor é atualizado dinamicamente (e pode desencadear a reexecução da expressão Arcade) quando é utilizado um seletor de tempo para atualizar etiquetas com reconhecimento de tempo baseadas no campo de data. Um valor `null` indica que a hora de fim é indefinida, sem fim."},{"name":"startIncluded","type":"boolean","description":"Indica se a data `currentStart` está incluída na extensão da hora atual do mapa."},{"name":"endIncluded","type":"boolean","description":"Indica se a data `currentEnd` está incluída na extensão de tempo atual do mapa."}],"description":""}]}]},{"name":"Layout","id":"layout","bundles":["core","geometry"],"variables":[{"name":"$feature","type":"feature","description":"O elemento cujos valores podem ser exibidos no layout."}]},{"name":"Location update constraint","id":"location-update-constraint","bundles":["core","geometry"],"variables":[{"name":"$locationupdate","type":"dictionary","description":"O elemento de atualização de localização (por exemplo, a partir do GPS) a ser avaliado para a restrição.","properties":[{"name":"course","type":"number","description":"O curso da localização em graus no sentido dos ponteiros do relógio, sendo 0 o verdadeiro Norte."},{"name":"horizontalaccuracy","type":"number","description":"A precisão horizontal da localização em metros."},{"name":"verticalaccuracy","type":"number","description":"A precisão vertical da localização em metros."},{"name":"velocity","type":"number","description":"A velocidade da localização em metros por segundo."}]}]},{"name":"Model Builder","id":"model-builder","bundles":["core","geometry","data-access","portal-access"],"variables":[{"name":"$variables","type":"dictionary","description":"Um dicionário que contém nomes e valores de variáveis.","properties":[]}]},{"name":"Measure visualization","id":"measure-visualization","bundles":["core","geometry"],"variables":[{"name":"$measure","type":"number","description":"O valor M interpolado para a localização do marcador."},{"name":"$feature","type":"feature","description":"O elemento que deve ser desenhado no mapa."},{"name":"$view","type":"dictionary","properties":[{"name":"scale","type":"number","description":"Devolve a escala do mapa no momento em que a expressão é avaliada."}],"description":""}]},{"name":"Popup","id":"popup","bundles":["core","data-access","geometry","portal-access","knowledge-graph"],"variables":[{"name":"$feature","type":"feature","description":"Fornece acesso aos atributos e à geometria do elemento cuja pop-up será exibida na vista."},{"name":"$layer","description":"Uma coleção de elementos na mesma camada que o $feature cuja pop-up é exibida na vista.","type":"featureSet"},{"name":"$map","description":"Uma coleção de camadas no mesmo mapa que o $feature cuja pop-up é exibida na vista. Este valor pode ser `null` nos casos em que um popup não está associado a um mapa.","type":"featureSetCollection"},{"name":"$datastore","description":"Uma coleção de camadas na mesma base de dados ou serviço de elementos que o $feature cuja pop-up é exibida na vista.","type":"featureSetCollection"},{"name":"$userInput","description":"Uma geometria que representa a entrada de um utilizador para um popup. Normalmente, isto representa uma localização onde o utilizador clicou ou tocou num mapa para lançar um popup. É possível que este valor seja um Ponto, uma Extensão ou `null`, uma vez que os popups nem sempre são abertos a partir da interação com o mapa. Por isso, é aconselhável verificar o tipo de geometria deste valor antes de o utilizar.","type":"geometry"},{"name":"$graph","description":"Um gráfico de conhecimentos associado ao elemento. Se não estiver disponível nenhum gráfico de conhecimentos, o valor será `null`.","type":"knowledgeGraph"},{"name":"$view","type":"dictionary","description":"Propriedades disponíveis a partir da vista.","properties":[{"name":"scale","type":"number","description":"Devolve a escala do mapa no momento em que a expressão é avaliada."},{"name":"timeProperties","type":"dictionary","properties":[{"name":"currentStart","type":"date","description":"A hora de início da extensão temporal do mapa, tal como indicado por um componente do seletor de tempo no momento em que a expressão é avaliada. Este valor é atualizado dinamicamente (e pode desencadear a reexecução da expressão Arcade) quando é utilizado um seletor de tempo para atualizar pop-ups com reconhecimento de tempo baseadas no campo de data. Um valor `null` indica que a hora de início é inclusiva desde o início do tempo."},{"name":"currentEnd","type":"date","description":"A hora de fim da extensão temporal do mapa, tal como indicado por um componente do seletor de tempo no momento em que a expressão é avaliada. Este valor é atualizado dinamicamente (e pode desencadear a reexecução da expressão Arcade) quando é utilizado um seletor de tempo para atualizar pop-ups com reconhecimento de tempo baseadas no campo de data. Um valor `null` indica que a hora de fim é indefinida, sem fim."},{"name":"startIncluded","type":"boolean","description":"Indica se a data `currentStart` está incluída na extensão da hora atual do mapa."},{"name":"endIncluded","type":"boolean","description":"Indica se a data `currentEnd` está incluída na extensão de tempo atual do mapa."}],"description":""}]}]},{"name":"Popup element","id":"popup-element","bundles":["core","data-access","geometry","portal-access","knowledge-graph"],"variables":[{"name":"$feature","type":"feature","description":"Fornece acesso aos atributos e à geometria do elemento cuja pop-up será exibida na vista."},{"name":"$layer","description":"Uma coleção de elementos na mesma camada que o $feature cuja pop-up é exibida na vista.","type":"featureSet"},{"name":"$map","description":"Uma coleção de camadas no mesmo mapa que o $feature cuja pop-up é exibida na vista. Este valor pode ser `null` nos casos em que um popup não está associado a um mapa.","type":"featureSetCollection"},{"name":"$datastore","description":"Uma coleção de camadas na mesma base de dados ou serviço de elementos que o $feature cuja pop-up é exibida na vista.","type":"featureSetCollection"},{"name":"$userInput","description":"Uma geometria que representa a entrada de um utilizador para um popup. Normalmente, isto representa uma localização onde o utilizador clicou ou tocou num mapa para lançar um popup. É possível que este valor seja um Ponto, uma Extensão ou `null`, uma vez que os popups nem sempre são abertos a partir da interação com o mapa. Por isso, é aconselhável verificar o tipo de geometria deste valor antes de o utilizar.","type":"geometry"},{"name":"$graph","description":"Um gráfico de conhecimentos associado ao elemento. Se não estiver disponível nenhum gráfico de conhecimentos, o valor será `null`.","type":"knowledgeGraph"},{"name":"$view","type":"dictionary","description":"Propriedades disponíveis a partir da vista.","properties":[{"name":"scale","type":"number","description":"Devolve a escala do mapa no momento em que a expressão é avaliada."},{"name":"timeProperties","type":"dictionary","properties":[{"name":"currentStart","type":"date","description":"A hora de início da extensão temporal do mapa, tal como indicado por um componente do seletor de tempo no momento em que a expressão é avaliada. Este valor é atualizado dinamicamente (e pode desencadear a reexecução da expressão Arcade) quando é utilizado um seletor de tempo para atualizar pop-ups com reconhecimento de tempo baseadas no campo de data. Um valor `null` indica que a hora de início é inclusiva desde o início do tempo."},{"name":"currentEnd","type":"date","description":"A hora de fim da extensão temporal do mapa, tal como indicado por um componente do seletor de tempo no momento em que a expressão é avaliada. Este valor é atualizado dinamicamente (e pode desencadear a reexecução da expressão Arcade) quando é utilizado um seletor de tempo para atualizar pop-ups com reconhecimento de tempo baseadas no campo de data. Um valor `null` indica que a hora de fim é indefinida, sem fim."},{"name":"startIncluded","type":"boolean","description":"Indica se a data `currentStart` está incluída na extensão da hora atual do mapa."},{"name":"endIncluded","type":"boolean","description":"Indica se a data `currentEnd` está incluída na extensão de tempo atual do mapa."}],"description":""}]}]},{"name":"Popup feature reduction","id":"popup-feature-reduction","bundles":["core","data-access","geometry","portal-access"],"variables":[{"name":"$feature","type":"feature","description":"Fornece acesso aos campos agregados definidos em pop-ups de agrupamento ou de discretização."},{"name":"$aggregatedFeatures","description":"Um FeatureSet que contém todos os elementos representados pelo cluster ou caixa.","type":"featureSet"},{"name":"$view","type":"dictionary","description":"Propriedades disponíveis a partir da vista.","properties":[{"name":"scale","type":"number","description":"Devolve a escala do mapa no momento em que a expressão é avaliada."},{"name":"timeProperties","type":"dictionary","properties":[{"name":"currentStart","type":"date","description":"A hora de início da extensão temporal do mapa, tal como indicado por um componente do seletor de tempo no momento em que a expressão é avaliada. Este valor é atualizado dinamicamente (e pode desencadear a reexecução da expressão Arcade) quando é utilizado um seletor de tempo para atualizar pop-ups com reconhecimento de tempo baseadas no campo de data. Um valor `null` indica que a hora de início é inclusiva desde o início do tempo."},{"name":"currentEnd","type":"date","description":"A hora de fim da extensão temporal do mapa, tal como indicado por um componente do seletor de tempo no momento em que a expressão é avaliada. Este valor é atualizado dinamicamente (e pode desencadear a reexecução da expressão Arcade) quando é utilizado um seletor de tempo para atualizar pop-ups com reconhecimento de tempo baseadas no campo de data. Um valor `null` indica que a hora de fim é indefinida, sem fim."},{"name":"startIncluded","type":"boolean","description":"Indica se a data `currentStart` está incluída na extensão da hora atual do mapa."},{"name":"endIncluded","type":"boolean","description":"Indica se a data `currentEnd` está incluída na extensão de tempo atual do mapa."}],"description":""}]}]},{"name":"Popup element feature reduction","id":"popup-element-feature-reduction","bundles":["core","data-access","geometry","portal-access"],"variables":[{"name":"$feature","type":"feature","description":"Fornece acesso aos campos agregados definidos em pop-ups de agrupamento ou de discretização."},{"name":"$aggregatedFeatures","description":"Um FeatureSet que contém todos os elementos representados pelo cluster ou caixa.","type":"featureSet"},{"name":"$view","type":"dictionary","description":"Propriedades disponíveis a partir da vista.","properties":[{"name":"scale","type":"number","description":"Devolve a escala do mapa no momento em que a expressão é avaliada."},{"name":"timeProperties","type":"dictionary","properties":[{"name":"currentStart","type":"date","description":"A hora de início da extensão temporal do mapa, tal como indicado por um componente do seletor de tempo no momento em que a expressão é avaliada. Este valor é atualizado dinamicamente (e pode desencadear a reexecução da expressão Arcade) quando é utilizado um seletor de tempo para atualizar pop-ups com reconhecimento de tempo baseadas no campo de data. Um valor `null` indica que a hora de início é inclusiva desde o início do tempo."},{"name":"currentEnd","type":"date","description":"A hora de fim da extensão temporal do mapa, tal como indicado por um componente do seletor de tempo no momento em que a expressão é avaliada. Este valor é atualizado dinamicamente (e pode desencadear a reexecução da expressão Arcade) quando é utilizado um seletor de tempo para atualizar pop-ups com reconhecimento de tempo baseadas no campo de data. Um valor `null` indica que a hora de fim é indefinida, sem fim."},{"name":"startIncluded","type":"boolean","description":"Indica se a data `currentStart` está incluída na extensão da hora atual do mapa."},{"name":"endIncluded","type":"boolean","description":"Indica se a data `currentEnd` está incluída na extensão de tempo atual do mapa."}],"description":""}]}]},{"name":"Quick Capture","id":"quick-capture","bundles":["core","data-access","geometry","portal-access"],"variables":[{"name":"$feature","type":"feature","description":"Expõe os atributos do elemento a utilizar no cálculo."},{"name":"$layer","type":"featureSet","description":"Uma coleção de elementos na mesma camada que $feature."},{"name":"$datastore","type":"featureSetCollection","description":"Uma coleção de camadas na mesma base de dados ou serviço de elementos que $feature."},{"name":"$map","type":"featureSetCollection","description":"Uma coleção de camadas de serviço de elementos no mapa utilizada pelo projeto QuickCapture. Esta variável pode ser `null`."}]},{"name":"Tasks","id":"tasks","bundles":["core","data-access","geometry","portal-access"],"variables":[{"name":"$feature","description":"O elemento a ser avaliado pela tarefa.","type":"feature"},{"name":"$datastore","description":"Uma coleção de camadas na mesma base de dados ou serviço de elementos que o $feature a ser avaliado pela tarefa.","type":"featureSetCollection"}]},{"name":"Velocity","id":"velocity","bundles":["core","geometry","track"],"variables":[{"name":"$feature","type":"feature","description":"Em ferramentas de análise com entradas únicas, é o elemento a ser calculado, avaliado ou operado."},{"name":"$target","type":"feature","description":"Em ferramentas de análise com dois inputs, é o elemento a ser avaliado para filtragem ou melhoria."},{"name":"$join","type":"feature","description":"Em ferramentas de análise com dois inputs, é o elemento que fornece valores para avaliação ou melhoria do elemento de destino."},{"name":"$analytic","type":"dictionary","description":"Valores de tempo associados à análise, como hora de início, última hora de fim, etc.","properties":[]}]},{"name":"Visualization","id":"visualization","bundles":["core","geometry"],"variables":[{"name":"$feature","description":"O elemento que deve ser desenhado no mapa.","type":"feature"},{"name":"$view","type":"dictionary","description":"Propriedades disponíveis a partir da vista.","properties":[{"name":"scale","type":"number","description":"Devolve a escala do mapa no momento em que a expressão é avaliada."},{"name":"timeProperties","type":"dictionary","properties":[{"name":"currentStart","type":"date","description":"A hora de início da extensão temporal do mapa, tal como indicado por um componente do seletor de tempo no momento em que a expressão é avaliada. Este valor é atualizado dinamicamente (e pode desencadear a reexecução da expressão Arcade) quando é utilizado um seletor de tempo para atualizar visualizações com reconhecimento de tempo baseadas no campo de data. Um valor `null` indica que a hora de início é inclusiva desde o início do tempo."},{"name":"currentEnd","type":"date","description":"A hora de fim da extensão temporal do mapa, tal como indicado por um componente do seletor de tempo no momento em que a expressão é avaliada. Este valor é atualizado dinamicamente (e pode desencadear a reexecução da expressão Arcade) quando é utilizado um seletor de tempo para atualizar visualizações com reconhecimento de tempo baseadas no campo de data. Um valor `null` indica que a hora de fim é indefinida, sem fim."},{"name":"startIncluded","type":"boolean","description":"Indica se a data `currentStart` está incluída na extensão da hora atual do mapa."},{"name":"endIncluded","type":"boolean","description":"Indica se a data `currentEnd` está incluída na extensão de tempo atual do mapa."}],"description":""}]}]},{"name":"Voxel popup","id":"popup-voxel","bundles":["core"],"variables":[{"name":"$voxel","type":"voxel","description":"Fornece acesso aos atributos do voxel cujo pop-up será apresentado na cena."}]},{"name":"Voxel popup element","id":"popup-element-voxel","bundles":["core"],"variables":[{"name":"$voxel","type":"voxel","description":"Fornece acesso aos atributos do voxel cujo pop-up será apresentado na cena."}]}]