[{"name":"Minimalist","id":"minimalist","bundles":["core","data-access","geometry","portal-access"],"variables":[]},{"name":"Aggregate Field","id":"aggregate-field","bundles":["core","geometry"],"variables":[{"name":"$feature","description":"Отдельный объект, включенный в агрегированный объект. Это обеспечивает доступ ко всем атрибутам полей объекта.","type":"feature"}]},{"name":"Alias","id":"alias","bundles":["core","geometry"],"variables":[{"name":"$value","type":"number","description":"Числовое значение, для которого требуется текстовый псевдоним."},{"name":"$feature","type":"feature","description":"Объект, для которого требуется текстовый псевдоним."}]},{"name":"Attribute rule calculation","id":"attribute-rule-calculation","bundles":["core","data-access","database","geometry","portal-access","ai"],"variables":[{"name":"$feature","type":"feature","description":"Вычисляемый объект."},{"name":"$originalFeature","type":"feature","description":"Предыдущее состояние вычисляемого объекта."},{"name":"$featureSet","type":"featureSet","description":"Набор объектов в той же таблице, что и $feature, оценивающий выражение."},{"name":"$datastore","type":"featureSetCollection","description":"Набор слоев в том же сервисе объектов или базе данных, что и $feature, выполняющий скрипт."},{"name":"$editcontext","type":"dictionary","properties":[{"name":"editType","type":"text","description":"Указывает, чем является событие редактирования: INSERT, UPDATE, DELETE или NA (неприменимо)."}],"description":""}]},{"name":"Attribute rule constraint","id":"attribute-rule-constraint","bundles":["core","data-access","geometry","portal-access"],"variables":[{"name":"$feature","type":"feature","description":"Вычисляемый объект."},{"name":"$originalFeature","type":"feature","description":"Предыдущее состояние вычисляемого объекта."},{"name":"$featureSet","type":"featureSet","description":"Набор объектов в той же таблице, что и $feature, оценивающий выражение."},{"name":"$datastore","type":"featureSetCollection","description":"Набор слоев в том же сервисе объектов или базе данных, что и $feature, выполняющий скрипт."},{"name":"$editcontext","type":"dictionary","properties":[{"name":"editType","type":"text","description":"Указывает, чем является событие редактирования: INSERT, UPDATE, DELETE или NA (неприменимо)."}],"description":""}]},{"name":"Attribute rule validation","id":"attribute-rule-validation","bundles":["core","data-access","geometry","portal-access"],"variables":[{"name":"$feature","type":"feature","description":"Вычисляемый объект."},{"name":"$featureSet","type":"featureSet","description":"Набор объектов в той же таблице, что и $feature, оценивающий выражение."},{"name":"$datastore","type":"featureSetCollection","description":"Набор слоев в том же сервисе объектов или базе данных, что и $feature, выполняющий скрипт."}]},{"name":"Dashboard indicator formatting","id":"dashboard-indicator-formatting","bundles":["core"],"variables":[{"name":"$datapoint","type":"feature","description":"Точка данных, оцениваемая для визуального элемента."},{"name":"$reference","type":"dictionary","description":"Базовое значение, оцениваемое для визуального элемента.","properties":[]}]},{"name":"Dashboard list formatting","id":"dashboard-list-formatting","bundles":["core"],"variables":[{"name":"$datapoint","type":"feature","description":"Точка данных, оцениваемая для визуального элемента."}]},{"name":"Dashboard table formatting","id":"dashboard-table-formatting","bundles":["core"],"variables":[{"name":"$datapoint","type":"feature","description":"Точка данных, оцениваемая для визуального элемента."},{"name":"$rowindex","type":"number","description":"Положение строки в таблице (с нуля)."}]},{"name":"Dashboard data","id":"dashboard-data","bundles":["core","geometry","data-access","portal-access","knowledge-graph"],"variables":[]},{"name":"Data Pipelines","id":"data-pipelines","bundles":["core"],"variables":[{"name":"$record","type":"dictionary","description":"Предоставляет доступ к значениям атрибутов/полей вычисляемой записи.","properties":[]}]},{"name":"Dictionary renderer","id":"dictionary-renderer","bundles":["core","geometry"],"variables":[{"name":"$feature","type":"feature","description":"Объект, который необходимо нарисовать на карте."},{"name":"$config","type":"dictionary","description":"Словарь значений конфигурации.","properties":[]}]},{"name":"Experience Builder data","id":"experience-builder-data","bundles":["core","data-access","geometry","portal-access"],"variables":[]},{"name":"Experience Builder list item widget formatting","id":"experience-builder-list-item-widget-formatting","bundles":["core"],"variables":[{"name":"$feature","type":"feature","description":"Представляет объект в элементе списка."}]},{"name":"Experience Builder widget formatting","id":"experience-builder-widget-formatting","bundles":["core","data-access"],"variables":[{"name":"$dataSources","type":"dictionary","description":"Источники данных, используемые виджетом. Это словарь, содержащий пары ключ-значение, где каждый ключ - это ID источника данных (например, `dataSource_1-187acf797e1-layer-5-selection`).","properties":[]}]},{"name":"Feature Display Title","id":"feature-display-title","bundles":["core"],"variables":[{"name":"$feature","type":"feature","description":"Элемент или строка, для которой нужно отобразить заголовок в пользовательском интерфейсе."}]},{"name":"Feature Z","id":"feature-z","bundles":["core","geometry"],"variables":[{"name":"$feature","type":"feature","description":"Требуется Z-значение для объекта."}]},{"name":"Field calculation","id":"field-calculation","bundles":["core","data-access","geometry","portal-access","knowledge-graph","ai"],"variables":[{"name":"$feature","type":"feature","description":"Вычисляемый объект."},{"name":"$datastore","type":"featureSetCollection","description":"Набор слоев в том же сервисе объектов или базе данных, что и $feature, выполняющий вычисление."}]},{"name":"Field mapping","id":"field-mapping","bundles":["core","data-access","geometry","portal-access"],"variables":[{"name":"$sourceFeature","type":"feature","description":"Исходный объект для полевой карты."},{"name":"$targetFeature","type":"feature","description":"Целевой объект для полевой карты."},{"name":"$sourceLayer","type":"featureSet","description":"Набор объектов в том же слое, что и $sourcefeature."},{"name":"$targetLayer","type":"featureSet","description":"Набор объектов в том же слое, что и $targetfeature."},{"name":"$map","type":"featureSetCollection","description":"Набор слоев на карте выполняемого выражения Arcade."},{"name":"$sourceDatastore","type":"featureSetCollection","description":"Набор слоев в том же хранилище данных, что и $sourcelayer."},{"name":"$targetDatastore","type":"featureSetCollection","description":"Набор слоев в том же хранилище данных, что и $targetlayer."}]},{"name":"Form Attachment Filename Calculation","id":"form-attachment-filename-calculation","bundles":["core","data-access","geometry","portal-access"],"variables":[{"name":"$feature","type":"feature","description":"Ж_The feature being calculated______________________________Я."},{"name":"$originalFeature","type":"feature","description":"Ж_The previous state of the feature being calculated___________________________Я."},{"name":"$layer","type":"featureSet","description":"Ж_A collection of features in the same layer as $feature_____________________________Я."},{"name":"$datastore","type":"featureSetCollection","description":"Ж_A collection of layers in the same feature service or database as $feature_______________________________________Я."},{"name":"$featureset","type":"featureSet","description":"Ж_A collection of features in the same table as $feature_____________________________Я."},{"name":"$map","type":"featureSetCollection","description":"Ж_A collection of feature service layers in the same map as $feature___________________________________Я."},{"name":"$formElement","type":"dictionary","description":"Ж_Information associated with the form element________________________Я.","properties":[{"name":"attachmentKeyword","type":"text","description":"Ж_A text value identifying the content of the attachment. When a file is attached using the form, this property can be used in determining a new filename for the attachment_______________________________________________________________________________________Я."},{"name":"label","type":"text","description":"Ж_A text value indicating what the element represents___________________________Я."},{"name":"description","type":"text","description":"Ж_A text value that describes the element in detail__________________________Я."}]}]},{"name":"Form calculation","id":"form-calculation","bundles":["core","data-access","geometry","portal-access","ai"],"variables":[{"name":"$feature","type":"feature","description":"Экспонирует атрибуты объекта для использования в вычислении."},{"name":"$originalFeature","type":"feature","description":"Предыдущее состояние вычисляемого объекта."},{"name":"$layer","type":"featureSet","description":"Набор объектов в том же слое, что и $feature."},{"name":"$datastore","type":"featureSetCollection","description":"Набор слоев в том же сервисе объектов или базе данных, что и $feature."},{"name":"$featureset","type":"featureSet","description":"Набор объектов в той же таблице, что и функция $feature."},{"name":"$map","type":"featureSetCollection","description":"Набор слоев сервисов объектов в той же карте, что и $feature."},{"name":"$editcontext","type":"dictionary","properties":[{"name":"editType","type":"text","description":"Указывает, чем является событие редактирования: INSERT, UPDATE, DELETE или NA (неприменимо)."}],"description":""}]},{"name":"Form Constraint","id":"form-constraint","bundles":["core","geometry","data-access","portal-access"],"variables":[{"name":"$feature","type":"feature","description":"Объект оценивается для ограничения."},{"name":"$originalFeature","type":"feature","description":"Предыдущее состояние объекта."},{"name":"$layer","type":"featureSet","description":"Набор объектов в том же слое, что и $feature."},{"name":"$datastore","type":"featureSetCollection","description":"Набор слоев в том же сервисе объектов или базе данных, что и $feature."},{"name":"$featureset","type":"featureSet","description":"Набор объектов в той же таблице, что и функция $feature."},{"name":"$map","type":"featureSetCollection","description":"Набор слоев сервисов объектов в той же карте, что и $feature."},{"name":"$editcontext","type":"dictionary","properties":[{"name":"editType","type":"text","description":"Указывает, чем является событие редактирования: INSERT, UPDATE, DELETE или NA (неприменимо)."}],"description":""}]},{"name":"Geoanalytics","id":"geoanalytics","bundles":["core","geometry","track"],"variables":[{"name":"$feature","type":"feature","description":"Вычисляемый объект."}]},{"name":"Geotrigger notification","id":"geotrigger-notification","bundles":["core","geometry","data-access"],"variables":[{"name":"$feedFeature","type":"feature","description":"Входной объект (например, местоположение устройства или объекта), который вызвал активацию геотриггера. Этот объект должен содержать геометрию (обычно точку) и фиксированную схему со следующими свойствами: «курс» (курс местоположения в градусах по часовой стрелке, где 0 соответствует направлению на истинный север) и «горизонтальная точность» (горизонтальная точность местоположения в метрах)."},{"name":"$fenceFeature","type":"feature","description":"Объект границы (например, область интереса), в который вошли или из которого вышли, и вызвал активацию геотриггера."},{"name":"$fenceLayer","type":"featureSet","description":"Набор объектов в том же слое, что и $fenceFeature."},{"name":"$fenceNotificationType","type":"text","description":"Описание произошедшего события - либо \"вход\", либо \"выход\"."}]},{"name":"Imagery popup","id":"popup-imagery","bundles":["core","geometry"],"variables":[{"name":"$pixel","type":"pixel","description":"Ж_The pixel value and other pixel-dependent information (e.g. classification category), including virtual raster fields, for the imagery layer currently displayed in the view________________________________________________________________________________________Я."},{"name":"$imageCollectionItem","type":"feature","description":"Ж_The metadata of the selected image collection item containing the pixel represented by `$pixel`. This value will be `null` if there is no associated image collection____________________________________________________________________________________Я."},{"name":"$view","type":"dictionary","description":"Ж_Properties available from the view___________________Я.","properties":[{"name":"scale","type":"number","description":"Ж_Returns the scale of the map at the time the expression evaluates__________________________________Я."},{"name":"timeProperties","type":"dictionary","properties":[{"name":"currentStart","type":"date","description":"Ж_The start time of the map's time extent as indicated by a time slider component at the time the expression evaluates. This value dynamically updates (and may trigger the re-execution of the Arcade expression) when a time slider is used to update time-aware popups based on date field. A `null` value indicates the start time is inclusive since the beginning of time________________________________________________________________________________________________________________________________________________________________________________________Я."},{"name":"currentEnd","type":"date","description":"Ж_The end time of the map's time extent as indicated by a time slider component at the time the expression evaluates. This value dynamically updates (and may trigger the re-execution of the Arcade expression) when a time slider is used to update time-aware popups based on date field. A `null` value indicates the end time is indefinite with no end_______________________________________________________________________________________________________________________________________________________________________________Я."},{"name":"startIncluded","type":"boolean","description":"Ж_Indicates if the `currentStart` date is included in the map's current time extent__________________________________________Я."},{"name":"endIncluded","type":"boolean","description":"Ж_Indicates if the `currentEnd` date is included in the map's current time extent_________________________________________Я."}],"description":""}]},{"name":"$userInput","description":"Ж_A geometry representing a user's input for a popup. Typically, this represents a location where the user clicked or tapped in a map to launch a popup. There may be cases where this value is a Point, an Extent, or `null` as popups are not always opened from map interaction. Therefore, it is advised to check the geometry type of this value before it is used____________________________________________________________________________________________________________________________________________________________________________________Я.","type":"geometry"}]},{"name":"Imagery popup element","id":"popup-element-imagery","bundles":["core","geometry"],"variables":[{"name":"$pixel","type":"pixel","description":"Ж_The pixel value and other pixel-dependent information (e.g. classification category), including virtual raster fields, for the imagery layer currently displayed in the view________________________________________________________________________________________Я."},{"name":"$imageCollectionItem","type":"feature","description":"Ж_The metadata of the selected image collection item containing the pixel represented by `$pixel`. This value will be `null` if there is no associated image collection____________________________________________________________________________________Я."},{"name":"$view","type":"dictionary","description":"Ж_Properties available from the view___________________Я.","properties":[{"name":"scale","type":"number","description":"Ж_Returns the scale of the map at the time the expression evaluates__________________________________Я."},{"name":"timeProperties","type":"dictionary","properties":[{"name":"currentStart","type":"date","description":"Ж_The start time of the map's time extent as indicated by a time slider component at the time the expression evaluates. This value dynamically updates (and may trigger the re-execution of the Arcade expression) when a time slider is used to update time-aware popups based on date field. A `null` value indicates the start time is inclusive since the beginning of time________________________________________________________________________________________________________________________________________________________________________________________Я."},{"name":"currentEnd","type":"date","description":"Ж_The end time of the map's time extent as indicated by a time slider component at the time the expression evaluates. This value dynamically updates (and may trigger the re-execution of the Arcade expression) when a time slider is used to update time-aware popups based on date field. A `null` value indicates the end time is indefinite with no end_______________________________________________________________________________________________________________________________________________________________________________Я."},{"name":"startIncluded","type":"boolean","description":"Ж_Indicates if the `currentStart` date is included in the map's current time extent__________________________________________Я."},{"name":"endIncluded","type":"boolean","description":"Ж_Indicates if the `currentEnd` date is included in the map's current time extent_________________________________________Я."}],"description":""}]},{"name":"$userInput","description":"Ж_A geometry representing a user's input for a popup. Typically, this represents a location where the user clicked or tapped in a map to launch a popup. There may be cases where this value is a Point, an Extent, or `null` as popups are not always opened from map interaction. Therefore, it is advised to check the geometry type of this value before it is used____________________________________________________________________________________________________________________________________________________________________________________Я.","type":"geometry"}]},{"name":"Labeling","id":"labeling","bundles":["core","geometry"],"variables":[{"name":"$feature","type":"feature","description":"Объект, надпись которого должна быть нанесена на карту."},{"name":"$view","type":"dictionary","description":"Свойства, доступные из вида.","properties":[{"name":"scale","type":"number","description":"Возвращает масштаб карты в момент запуска выражения."},{"name":"timeProperties","type":"dictionary","properties":[{"name":"currentStart","type":"date","description":"Время начала временного экстента карты, указанное компонентом бегунка времени в момент вычисления выражения. Это значение динамически обновляется (и может служить триггером повторного выполнения выражения Arcade), когда бегунок времени используется для обновления надписей с учетом времени на основании поля даты. Значение `null` указывает на то, что время начала является включенным с начала отсчета времени."},{"name":"currentEnd","type":"date","description":"Время окончания временного экстента карты, указанное компонентом бегунка времени в момент вычисления выражения. Это значение динамически обновляется (и может служить триггером повторного выполнения выражения Arcade), когда бегунок времени используется для обновления надписей с учетом времени на основании поля даты. Значение `null` указывает на то, что время окончания является неопределенным и не имеет конца."},{"name":"startIncluded","type":"boolean","description":"Указывает, входит ли дата `currentStart` в текущий временной экстент карты."},{"name":"endIncluded","type":"boolean","description":"Указывает, входит ли дата `currentEnd` в текущий временной экстент карты."}],"description":""}]}]},{"name":"Layout","id":"layout","bundles":["core","geometry"],"variables":[{"name":"$feature","type":"feature","description":"Объект, значения которого могут быть отображены в компоновке."}]},{"name":"Location update constraint","id":"location-update-constraint","bundles":["core","geometry"],"variables":[{"name":"$locationupdate","type":"dictionary","description":"Объект обновления местоположения (например, из GPS), оцениваемый для ограничения.","properties":[{"name":"course","type":"number","description":"Курс местоположения в градусах по часовой стрелке, 0 - истинный север."},{"name":"horizontalaccuracy","type":"number","description":"Горизонтальная точность местоположения в метрах."},{"name":"verticalaccuracy","type":"number","description":"Вертикальная точность местоположения в метрах."},{"name":"velocity","type":"number","description":"Скорость местоположения в метрах в секунду."}]}]},{"name":"Model Builder","id":"model-builder","bundles":["core","geometry","data-access","portal-access"],"variables":[{"name":"$variables","type":"dictionary","description":"Словарь, содержащий имена и значения переменных.","properties":[]}]},{"name":"Measure visualization","id":"measure-visualization","bundles":["core","geometry"],"variables":[{"name":"$measure","type":"number","description":"Интерполированное M-значение для местоположения маркера."},{"name":"$feature","type":"feature","description":"Объект, который необходимо нарисовать на карте."},{"name":"$view","type":"dictionary","properties":[{"name":"scale","type":"number","description":"Возвращает масштаб карты в момент запуска выражения."}],"description":""}]},{"name":"Popup","id":"popup","bundles":["core","data-access","geometry","portal-access","knowledge-graph"],"variables":[{"name":"$feature","type":"feature","description":"Предоставляет доступ к атрибутам и геометрии объекта, чье всплывающее окно отображается в виде."},{"name":"$layer","description":"Набор объектов в том же слое, что и $feature, чье всплывающее окно отображается в виде.","type":"featureSet"},{"name":"$map","description":"Набор слоев в той же карте, что и $feature, чье всплывающее окно отображается в виде. Значение может быть `null` в случаях, когда всплывающее окно не связано с картой.","type":"featureSetCollection"},{"name":"$datastore","description":"Набор слоев в той же сервисе объектов или базе данных, что и $feature, чье всплывающее окно отображается в виде.","type":"featureSetCollection"},{"name":"$userInput","description":"Геометрия, представляющая пользовательский ввод для всплывающего окна. Обычно она представляет местоположение, где пользователь щелкает карту или касается ее, чтобы открыть всплывающее окно. Могут быть случаи, когда это значение является Точкой, Экстентом или \"null\", поскольку всплывающие окна не всегда открываются при взаимодействии с картой. Поэтому рекомендуется проверить тип геометрии этого значения перед использованием.","type":"geometry"},{"name":"$graph","description":"Граф знаний, связанный с этим объектом. Если доступных графов знаний нет, то значение будет `null`.","type":"knowledgeGraph"},{"name":"$view","type":"dictionary","description":"Свойства, доступные из вида.","properties":[{"name":"scale","type":"number","description":"Возвращает масштаб карты в момент запуска выражения."},{"name":"timeProperties","type":"dictionary","properties":[{"name":"currentStart","type":"date","description":"Время начала временного экстента карты, указанное компонентом бегунка времени в момент вычисления выражения. Это значение динамически обновляется (и может служить триггером повторного выполнения выражения Arcade), когда бегунок времени используется для обновления всплывающих окон с учетом времени на основании поля даты. Значение `null` указывает на то, что время начала является включенным с начала отсчета времени."},{"name":"currentEnd","type":"date","description":"Время окончания временного экстента карты, указанное компонентом бегунка времени в момент вычисления выражения. Это значение динамически обновляется (и может служить триггером повторного выполнения выражения Arcade), когда бегунок времени используется для обновления всплывающих окон с учетом времени на основании поля даты. Значение `null` указывает на то, что время окончания является неопределенным и не имеет конца."},{"name":"startIncluded","type":"boolean","description":"Указывает, входит ли дата `currentStart` в текущий временной экстент карты."},{"name":"endIncluded","type":"boolean","description":"Указывает, входит ли дата `currentEnd` в текущий временной экстент карты."}],"description":""}]}]},{"name":"Popup element","id":"popup-element","bundles":["core","data-access","geometry","portal-access","knowledge-graph"],"variables":[{"name":"$feature","type":"feature","description":"Предоставляет доступ к атрибутам и геометрии объекта, чье всплывающее окно отображается в виде."},{"name":"$layer","description":"Набор объектов в том же слое, что и $feature, чье всплывающее окно отображается в виде.","type":"featureSet"},{"name":"$map","description":"Набор слоев в той же карте, что и $feature, чье всплывающее окно отображается в виде. Значение может быть `null` в случаях, когда всплывающее окно не связано с картой.","type":"featureSetCollection"},{"name":"$datastore","description":"Набор слоев в том же сервисе объектов или базе данных, что и $feature, чье всплывающее окно отображается в виде.","type":"featureSetCollection"},{"name":"$userInput","description":"Геометрия, представляющая пользовательский ввод для всплывающего окна. Обычно она представляет местоположение, где пользователь щелкает карту или касается ее, чтобы открыть всплывающее окно. Могут быть случаи, когда это значение является Точкой, Экстентом или \"null\", поскольку всплывающие окна не всегда открываются при взаимодействии с картой. Поэтому рекомендуется проверить тип геометрии этого значения перед использованием.","type":"geometry"},{"name":"$graph","description":"Граф знаний, связанный с этим объектом. Если доступных графов знаний нет, то значение будет `null`.","type":"knowledgeGraph"},{"name":"$view","type":"dictionary","description":"Свойства, доступные из вида.","properties":[{"name":"scale","type":"number","description":"Возвращает масштаб карты в момент запуска выражения."},{"name":"timeProperties","type":"dictionary","properties":[{"name":"currentStart","type":"date","description":"Время начала временного экстента карты, указанное компонентом бегунка времени в момент вычисления выражения. Это значение динамически обновляется (и может служить триггером повторного выполнения выражения Arcade), когда бегунок времени используется для обновления всплывающих окон с учетом времени на основании поля даты. Значение `null` указывает на то, что время начала является включенным с начала отсчета времени."},{"name":"currentEnd","type":"date","description":"Время окончания временного экстента карты, указанное компонентом бегунка времени в момент вычисления выражения. Это значение динамически обновляется (и может служить триггером повторного выполнения выражения Arcade), когда бегунок времени используется для обновления всплывающих окон с учетом времени на основании поля даты. Значение `null` указывает на то, что время окончания является неопределенным и не имеет конца."},{"name":"startIncluded","type":"boolean","description":"Указывает, входит ли дата `currentStart` в текущий временной экстент карты."},{"name":"endIncluded","type":"boolean","description":"Указывает, входит ли дата `currentEnd` в текущий временной экстент карты."}],"description":""}]}]},{"name":"Popup feature reduction","id":"popup-feature-reduction","bundles":["core","data-access","geometry","portal-access"],"variables":[{"name":"$feature","type":"feature","description":"Предоставляет доступ к полям агрегации, определенным во всплывающем окне либо кластеризации, либо биннинга."},{"name":"$aggregatedFeatures","description":"FeatureSet содержит все объекты, представленные в кластере или бине.","type":"featureSet"},{"name":"$view","type":"dictionary","description":"Свойства, доступные из вида.","properties":[{"name":"scale","type":"number","description":"Возвращает масштаб карты в момент запуска выражения."},{"name":"timeProperties","type":"dictionary","properties":[{"name":"currentStart","type":"date","description":"Время начала временного экстента карты, указанное компонентом бегунка времени в момент вычисления выражения. Это значение динамически обновляется (и может служить триггером повторного выполнения выражения Arcade), когда бегунок времени используется для обновления всплывающих окон с учетом времени на основании поля даты. Значение `null` указывает на то, что время начала является включенным с начала отсчета времени."},{"name":"currentEnd","type":"date","description":"Время окончания временного экстента карты, указанное компонентом бегунка времени в момент вычисления выражения. Это значение динамически обновляется (и может служить триггером повторного выполнения выражения Arcade), когда бегунок времени используется для обновления всплывающих окон с учетом времени на основании поля даты. Значение `null` указывает на то, что время окончания является неопределенным и не имеет конца."},{"name":"startIncluded","type":"boolean","description":"Указывает, входит ли дата `currentStart` в текущий временной экстент карты."},{"name":"endIncluded","type":"boolean","description":"Указывает, входит ли дата `currentEnd` в текущий временной экстент карты."}],"description":""}]}]},{"name":"Popup element feature reduction","id":"popup-element-feature-reduction","bundles":["core","data-access","geometry","portal-access"],"variables":[{"name":"$feature","type":"feature","description":"Предоставляет доступ к полям агрегирования, определенным во всплывающем окне либо кластеризации, либо биннинга."},{"name":"$aggregatedFeatures","description":"FeatureSet содержит все объекты, представленные в кластере или бине.","type":"featureSet"},{"name":"$view","type":"dictionary","description":"Свойства, доступные из вида.","properties":[{"name":"scale","type":"number","description":"Возвращает масштаб карты в момент запуска выражения."},{"name":"timeProperties","type":"dictionary","properties":[{"name":"currentStart","type":"date","description":"Время начала временного экстента карты, указанное компонентом бегунка времени в момент вычисления выражения. Это значение динамически обновляется (и может служить триггером повторного выполнения выражения Arcade), когда бегунок времени используется для обновления всплывающих окон с учетом времени на основании поля даты. Значение `null` указывает на то, что время начала является включенным с начала отсчета времени."},{"name":"currentEnd","type":"date","description":"Время окончания временного экстента карты, указанное компонентом бегунка времени в момент вычисления выражения. Это значение динамически обновляется (и может служить триггером повторного выполнения выражения Arcade), когда бегунок времени используется для обновления всплывающих окон с учетом времени на основании поля даты. Значение `null` указывает на то, что время окончания является неопределенным и не имеет конца."},{"name":"startIncluded","type":"boolean","description":"Указывает, входит ли дата `currentStart` в текущий временной экстент карты."},{"name":"endIncluded","type":"boolean","description":"Указывает, входит ли дата `currentEnd` в текущий временной экстент карты."}],"description":""}]}]},{"name":"Quick Capture","id":"quick-capture","bundles":["core","data-access","geometry","portal-access"],"variables":[{"name":"$feature","type":"feature","description":"Экспонирует атрибуты объекта для использования в вычислении."},{"name":"$layer","type":"featureSet","description":"Набор объектов в том же слое, что и $feature."},{"name":"$datastore","type":"featureSetCollection","description":"Набор слоев в том же сервисе объектов или базе данных, что и $feature."},{"name":"$map","type":"featureSetCollection","description":"Коллекция слоев сервисных объектов на карте, используемая проектом QuickCapture. Переменная может быть null."}]},{"name":"Tasks","id":"tasks","bundles":["core","data-access","geometry","portal-access"],"variables":[{"name":"$feature","description":"Объект, оцененный заданием.","type":"feature"},{"name":"$datastore","description":"Набор слоев в той же сервисе объектов или базе данных, что и $feature, оцененный заданием.","type":"featureSetCollection"}]},{"name":"Velocity","id":"velocity","bundles":["core","geometry","track"],"variables":[{"name":"$feature","type":"feature","description":"В аналитических инструментах с единственными входными данными объект вычисляется, оценивается или обрабатывается."},{"name":"$target","type":"feature","description":"В аналитических инструментах с двумя входными данными объект оценивается для фильтрации или обогащения."},{"name":"$join","type":"feature","description":"В аналитических инструментах с двумя входными данными объект предоставляет значения для оценки или обогащения целевого объекта."},{"name":"$analytic","type":"dictionary","description":"Значения времени, связанные с аналитикой, такие как время начала, время последнего окончания и т.д.","properties":[]}]},{"name":"Visualization","id":"visualization","bundles":["core","geometry"],"variables":[{"name":"$feature","description":"Объект, который необходимо нарисовать на карте.","type":"feature"},{"name":"$view","type":"dictionary","description":"Свойства, доступные из вида.","properties":[{"name":"scale","type":"number","description":"Возвращает масштаб карты в момент запуска выражения."},{"name":"timeProperties","type":"dictionary","properties":[{"name":"currentStart","type":"date","description":"Время начала временного экстента карты, указанное компонентом бегунка времени в момент вычисления выражения. Это значение динамически обновляется (и может служить триггером повторного выполнения выражения Arcade), когда бегунок времени используется для обновления визуализаций с учетом времени на основании поля даты. Значение `null` указывает на то, что время начала является включенным с начала отсчета времени."},{"name":"currentEnd","type":"date","description":"Время окончания временного экстента карты, указанное компонентом бегунка времени в момент вычисления выражения. Это значение динамически обновляется (и может служить триггером повторного выполнения выражения Arcade), когда бегунок времени используется для обновления визуализаций с учетом времени на основании поля даты. Значение `null` указывает на то, что время окончания является неопределенным и не имеет конца."},{"name":"startIncluded","type":"boolean","description":"Указывает, входит ли дата `currentStart` в текущий временной экстент карты."},{"name":"endIncluded","type":"boolean","description":"Указывает, входит ли дата `currentEnd` в текущий временной экстент карты."}],"description":""}]}]},{"name":"Voxel popup","id":"popup-voxel","bundles":["core"],"variables":[{"name":"$voxel","type":"voxel","description":"Предоставляет доступ к атрибутам воксела, всплывающее окно которого отображается в сцене."}]},{"name":"Voxel popup element","id":"popup-element-voxel","bundles":["core"],"variables":[{"name":"$voxel","type":"voxel","description":"Предоставляет доступ к атрибутам воксела, всплывающее окно которого отображается в сцене."}]}]