[{"name":"Minimalist","id":"minimalist","bundles":["core","data-access","geometry","portal-access"],"variables":[]},{"name":"Aggregate Field","id":"aggregate-field","bundles":["core","geometry"],"variables":[{"name":"$feature","description":"Una feature individuale inclusa in una feature aggregata. Fornisce accesso a tutti gli attributi di campo della feature.","type":"feature"}]},{"name":"Alias","id":"alias","bundles":["core","geometry"],"variables":[{"name":"$value","type":"number","description":"Il valore numerico per cui si desidera l'alias di testo."},{"name":"$feature","type":"feature","description":"La feature per la quale si desidera un alias di testo."}]},{"name":"Attribute rule calculation","id":"attribute-rule-calculation","bundles":["core","data-access","database","geometry","portal-access","ai"],"variables":[{"name":"$feature","type":"feature","description":"La feature da calcolare."},{"name":"$originalFeature","type":"feature","description":"Lo stato precedente della feature da calcolare."},{"name":"$featureSet","type":"featureSet","description":"Una raccolta di feature nella stessa tabella della $feature che valuta l'espressione."},{"name":"$datastore","type":"featureSetCollection","description":"Una raccolta di layer nello stesso feature service o database della $feature che esegue lo script."},{"name":"$editcontext","type":"dictionary","properties":[{"name":"editType","type":"text","description":"Indica se l'evento di modifica è INSERT, UPDATE, DELETE o NA (non applicabile)."}],"description":""}]},{"name":"Attribute rule constraint","id":"attribute-rule-constraint","bundles":["core","data-access","geometry","portal-access"],"variables":[{"name":"$feature","type":"feature","description":"La feature da calcolare."},{"name":"$originalFeature","type":"feature","description":"Lo stato precedente della feature da calcolare."},{"name":"$featureSet","type":"featureSet","description":"Una raccolta di feature nella stessa tabella della $feature che valuta l'espressione."},{"name":"$datastore","type":"featureSetCollection","description":"Una raccolta di layer nello stesso feature service o database della $feature che esegue lo script."},{"name":"$editcontext","type":"dictionary","properties":[{"name":"editType","type":"text","description":"Indica se l'evento di modifica è INSERT, UPDATE, DELETE o NA (non applicabile)."}],"description":""}]},{"name":"Attribute rule validation","id":"attribute-rule-validation","bundles":["core","data-access","geometry","portal-access"],"variables":[{"name":"$feature","type":"feature","description":"La feature da calcolare."},{"name":"$featureSet","type":"featureSet","description":"Una raccolta di feature nella stessa tabella della $feature che valuta l'espressione."},{"name":"$datastore","type":"featureSetCollection","description":"Una raccolta di layer nello stesso feature service o database della $feature che esegue lo script."}]},{"name":"Dashboard indicator formatting","id":"dashboard-indicator-formatting","bundles":["core"],"variables":[{"name":"$datapoint","type":"feature","description":"Il punto dati da valutare per l'elemento visivo."},{"name":"$reference","type":"dictionary","description":"Il valore di riferimento da valutare per l'elemento visivo.","properties":[]}]},{"name":"Dashboard list formatting","id":"dashboard-list-formatting","bundles":["core"],"variables":[{"name":"$datapoint","type":"feature","description":"Il punto dati da valutare per l'elemento visivo."}]},{"name":"Dashboard table formatting","id":"dashboard-table-formatting","bundles":["core"],"variables":[{"name":"$datapoint","type":"feature","description":"Il punto dati da valutare per l'elemento visivo."},{"name":"$rowindex","type":"number","description":"La posizione di una riga nella tabella (a partire da zero)."}]},{"name":"Dashboard data","id":"dashboard-data","bundles":["core","geometry","data-access","portal-access","knowledge-graph"],"variables":[]},{"name":"Data Pipelines","id":"data-pipelines","bundles":["core"],"variables":[{"name":"$record","type":"dictionary","description":"Consente di accedere ai valori di attributo/campo del record calcolato.","properties":[]}]},{"name":"Dictionary renderer","id":"dictionary-renderer","bundles":["core","geometry"],"variables":[{"name":"$feature","type":"feature","description":"La feature da disegnare sulla mappa."},{"name":"$config","type":"dictionary","description":"Un dizionario di valori di configurazione.","properties":[]}]},{"name":"Experience Builder data","id":"experience-builder-data","bundles":["core","data-access","geometry","portal-access"],"variables":[]},{"name":"Experience Builder list item widget formatting","id":"experience-builder-list-item-widget-formatting","bundles":["core"],"variables":[{"name":"$feature","type":"feature","description":"Rappresenta la feature nell'elemento dell'elenco."}]},{"name":"Experience Builder widget formatting","id":"experience-builder-widget-formatting","bundles":["core","data-access"],"variables":[{"name":"$dataSources","type":"dictionary","description":"Le origini dati utilizzate dal widget. Si tratta di un dizionario contenente coppie chiave-valore, dove ogni chiave è un ID di origine dati (ad esempio \"dataSource_1-187acf797e1-layer-5-selection\").","properties":[]}]},{"name":"Feature Display Title","id":"feature-display-title","bundles":["core"],"variables":[{"name":"$feature","type":"feature","description":"La feature, o riga, per la quale mostrare un titolo nella IU."}]},{"name":"Feature Z","id":"feature-z","bundles":["core","geometry"],"variables":[{"name":"$feature","type":"feature","description":"La feature che richiede un valore Z."}]},{"name":"Field calculation","id":"field-calculation","bundles":["core","data-access","geometry","portal-access","knowledge-graph","ai"],"variables":[{"name":"$feature","type":"feature","description":"La feature da calcolare."},{"name":"$datastore","type":"featureSetCollection","description":"Una raccolta di layer nello stesso feature service o database della $feature che esegue il calcolo."}]},{"name":"Field mapping","id":"field-mapping","bundles":["core","data-access","geometry","portal-access"],"variables":[{"name":"$sourceFeature","type":"feature","description":"La feature di origine per la mappa del campo."},{"name":"$targetFeature","type":"feature","description":"La feature di destinazione per la mappa di campo."},{"name":"$sourceLayer","type":"featureSet","description":"Una raccolta di feature dallo stesso layer di $sourcefeature."},{"name":"$targetLayer","type":"featureSet","description":"Una raccolta di feature dallo stesso layer di $targetfeature."},{"name":"$map","type":"featureSetCollection","description":"Una raccolta di layer nella mappa di esecuzione dell'espressione arcade."},{"name":"$sourceDatastore","type":"featureSetCollection","description":"Una raccolta di layer nello stesso datastore di $sourcelayer."},{"name":"$targetDatastore","type":"featureSetCollection","description":"Una raccolta di layer nello stesso datastore di $targetlayer."}]},{"name":"Form Attachment Filename Calculation","id":"form-attachment-filename-calculation","bundles":["core","data-access","geometry","portal-access"],"variables":[{"name":"$feature","type":"feature","description":"é_The feature being calculated______________________________È."},{"name":"$originalFeature","type":"feature","description":"é_The previous state of the feature being calculated___________________________È."},{"name":"$layer","type":"featureSet","description":"é_A collection of features in the same layer as $feature_____________________________È."},{"name":"$datastore","type":"featureSetCollection","description":"é_A collection of layers in the same feature service or database as $feature_______________________________________È."},{"name":"$featureset","type":"featureSet","description":"é_A collection of features in the same table as $feature_____________________________È."},{"name":"$map","type":"featureSetCollection","description":"é_A collection of feature service layers in the same map as $feature___________________________________È."},{"name":"$formElement","type":"dictionary","description":"é_Information associated with the form element________________________È.","properties":[{"name":"attachmentKeyword","type":"text","description":"é_A text value identifying the content of the attachment. When a file is attached using the form, this property can be used in determining a new filename for the attachment_______________________________________________________________________________________È."},{"name":"label","type":"text","description":"é_A text value indicating what the element represents___________________________È."},{"name":"description","type":"text","description":"é_A text value that describes the element in detail__________________________È."}]}]},{"name":"Form calculation","id":"form-calculation","bundles":["core","data-access","geometry","portal-access","ai"],"variables":[{"name":"$feature","type":"feature","description":"Espone gli attributi della feature per l'uso nel calcolo"},{"name":"$originalFeature","type":"feature","description":"Lo stato precedente della feature da calcolare."},{"name":"$layer","type":"featureSet","description":"Una raccolta di feature nello stesso layer di $feature."},{"name":"$datastore","type":"featureSetCollection","description":"Una raccolta di layer nello stesso feature service o database di $feature."},{"name":"$featureset","type":"featureSet","description":"Una raccolta di feature nella stessa tabella di $feature."},{"name":"$map","type":"featureSetCollection","description":"Una raccolta di layer feature service nella stessa mappa di $feature."},{"name":"$editcontext","type":"dictionary","properties":[{"name":"editType","type":"text","description":"Indica se l'evento di modifica è INSERT, UPDATE, DELETE o NA (non applicabile)."}],"description":""}]},{"name":"Form Constraint","id":"form-constraint","bundles":["core","geometry","data-access","portal-access"],"variables":[{"name":"$feature","type":"feature","description":"La feature da calcolare per il vincolo."},{"name":"$originalFeature","type":"feature","description":"Lo stato precedente della feature."},{"name":"$layer","type":"featureSet","description":"Una raccolta di feature nello stesso layer di $feature."},{"name":"$datastore","type":"featureSetCollection","description":"Una raccolta di layer nello stesso feature service o database di $feature."},{"name":"$featureset","type":"featureSet","description":"Una raccolta di feature nella stessa tabella di $feature."},{"name":"$map","type":"featureSetCollection","description":"Una raccolta di layer feature service nella stessa mappa di $feature."},{"name":"$editcontext","type":"dictionary","properties":[{"name":"editType","type":"text","description":"Indica se l'evento di modifica è INSERT, UPDATE, DELETE o NA (non applicabile)."}],"description":""}]},{"name":"Geoanalytics","id":"geoanalytics","bundles":["core","geometry","track"],"variables":[{"name":"$feature","type":"feature","description":"La feature da calcolare."}]},{"name":"Geotrigger notification","id":"geotrigger-notification","bundles":["core","geometry","data-access"],"variables":[{"name":"$feedFeature","type":"feature","description":"La feature di input (ad es. la posizione di un dispositivo o una feature) che ha causato l'attivazione del geotrigger. La feature deve includere una geometria (in genere un punto) e uno schema fisso con le seguenti proprietà: `course` (il corso della posizione in gradi in senso orario con 0 corrispondente al nord geografico) e `horizontalaccuracy` (la precisione orizzontale della posizione in metri)."},{"name":"$fenceFeature","type":"feature","description":"La feature recinto (ad es. un'area di interesse) in cui si è entrati o usciti e causando l'attivazione di Geotrigger."},{"name":"$fenceLayer","type":"featureSet","description":"Una raccolta di elementi nello stesso layer di $fenceFeature."},{"name":"$fenceNotificationType","type":"text","description":"Una descrizione dell'evento verificatosi: \"entrata\" o \"uscita\"."}]},{"name":"Imagery popup","id":"popup-imagery","bundles":["core","geometry"],"variables":[{"name":"$pixel","type":"pixel","description":"é_The pixel value and other pixel-dependent information (e.g. classification category), including virtual raster fields, for the imagery layer currently displayed in the view________________________________________________________________________________________È."},{"name":"$imageCollectionItem","type":"feature","description":"é_The metadata of the selected image collection item containing the pixel represented by `$pixel`. This value will be `null` if there is no associated image collection____________________________________________________________________________________È."},{"name":"$view","type":"dictionary","description":"é_Properties available from the view___________________È.","properties":[{"name":"scale","type":"number","description":"é_Returns the scale of the map at the time the expression evaluates__________________________________È."},{"name":"timeProperties","type":"dictionary","properties":[{"name":"currentStart","type":"date","description":"é_The start time of the map's time extent as indicated by a time slider component at the time the expression evaluates. This value dynamically updates (and may trigger the re-execution of the Arcade expression) when a time slider is used to update time-aware popups based on date field. A `null` value indicates the start time is inclusive since the beginning of time________________________________________________________________________________________________________________________________________________________________________________________È."},{"name":"currentEnd","type":"date","description":"é_The end time of the map's time extent as indicated by a time slider component at the time the expression evaluates. This value dynamically updates (and may trigger the re-execution of the Arcade expression) when a time slider is used to update time-aware popups based on date field. A `null` value indicates the end time is indefinite with no end_______________________________________________________________________________________________________________________________________________________________________________È."},{"name":"startIncluded","type":"boolean","description":"é_Indicates if the `currentStart` date is included in the map's current time extent__________________________________________È."},{"name":"endIncluded","type":"boolean","description":"é_Indicates if the `currentEnd` date is included in the map's current time extent_________________________________________È."}],"description":""}]},{"name":"$userInput","description":"é_A geometry representing a user's input for a popup. Typically, this represents a location where the user clicked or tapped in a map to launch a popup. There may be cases where this value is a Point, an Extent, or `null` as popups are not always opened from map interaction. Therefore, it is advised to check the geometry type of this value before it is used____________________________________________________________________________________________________________________________________________________________________________________È.","type":"geometry"}]},{"name":"Imagery popup element","id":"popup-element-imagery","bundles":["core","geometry"],"variables":[{"name":"$pixel","type":"pixel","description":"é_The pixel value and other pixel-dependent information (e.g. classification category), including virtual raster fields, for the imagery layer currently displayed in the view________________________________________________________________________________________È."},{"name":"$imageCollectionItem","type":"feature","description":"é_The metadata of the selected image collection item containing the pixel represented by `$pixel`. This value will be `null` if there is no associated image collection____________________________________________________________________________________È."},{"name":"$view","type":"dictionary","description":"é_Properties available from the view___________________È.","properties":[{"name":"scale","type":"number","description":"é_Returns the scale of the map at the time the expression evaluates__________________________________È."},{"name":"timeProperties","type":"dictionary","properties":[{"name":"currentStart","type":"date","description":"é_The start time of the map's time extent as indicated by a time slider component at the time the expression evaluates. This value dynamically updates (and may trigger the re-execution of the Arcade expression) when a time slider is used to update time-aware popups based on date field. A `null` value indicates the start time is inclusive since the beginning of time________________________________________________________________________________________________________________________________________________________________________________________È."},{"name":"currentEnd","type":"date","description":"é_The end time of the map's time extent as indicated by a time slider component at the time the expression evaluates. This value dynamically updates (and may trigger the re-execution of the Arcade expression) when a time slider is used to update time-aware popups based on date field. A `null` value indicates the end time is indefinite with no end_______________________________________________________________________________________________________________________________________________________________________________È."},{"name":"startIncluded","type":"boolean","description":"é_Indicates if the `currentStart` date is included in the map's current time extent__________________________________________È."},{"name":"endIncluded","type":"boolean","description":"é_Indicates if the `currentEnd` date is included in the map's current time extent_________________________________________È."}],"description":""}]},{"name":"$userInput","description":"é_A geometry representing a user's input for a popup. Typically, this represents a location where the user clicked or tapped in a map to launch a popup. There may be cases where this value is a Point, an Extent, or `null` as popups are not always opened from map interaction. Therefore, it is advised to check the geometry type of this value before it is used____________________________________________________________________________________________________________________________________________________________________________________È.","type":"geometry"}]},{"name":"Labeling","id":"labeling","bundles":["core","geometry"],"variables":[{"name":"$feature","type":"feature","description":"La feature di cui occorre disegnare l'etichetta sulla mappa."},{"name":"$view","type":"dictionary","description":"Proprietà disponibili dalla vista.","properties":[{"name":"scale","type":"number","description":"Restituisce la scala della mappa al momento della valutazione dell'espressione."},{"name":"timeProperties","type":"dictionary","properties":[{"name":"currentStart","type":"date","description":"L'ora di inizio dell'estensione temporale della mappa, indicata da un componente del cursore temporale al momento della valutazione dell'espressione. Questo valore si aggiorna dinamicamente (e può azionare la riesecuzione dell'espressione Arcade) quando viene utilizzato un cursore temporale per aggiornare le etichette che tengono conto dell'ora in base al campo data. Un valore “null” indica che l'ora di inizio è comprensiva dell'inizio del tempo."},{"name":"currentEnd","type":"date","description":"L'ora di fine dell'estensione temporale della mappa, indicata da un componente del cursore temporale al momento della valutazione dell'espressione. Questo valore si aggiorna dinamicamente (e può azionare la riesecuzione dell'espressione Arcade) quando viene utilizzato un cursore temporale per aggiornare le etichette che tengono conto dell'ora in base al campo data. Un valore “null” indica che l'ora di fine è indefinita senza fine."},{"name":"startIncluded","type":"boolean","description":"Indica se la data \"currentStart\" è inclusa nell'estensione temporale corrente della mappa."},{"name":"endIncluded","type":"boolean","description":"Indica se la data \"currentEnd\" è inclusa nell'estensione temporale corrente della mappa."}],"description":""}]}]},{"name":"Layout","id":"layout","bundles":["core","geometry"],"variables":[{"name":"$feature","type":"feature","description":"La feature i cui valori possono essere visualizzati nel layout."}]},{"name":"Location update constraint","id":"location-update-constraint","bundles":["core","geometry"],"variables":[{"name":"$locationupdate","type":"dictionary","description":"La feature di aggiornamento della posizione (ad es. da GPS) da valutare per il vincolo.","properties":[{"name":"course","type":"number","description":"La traiettoria della posizione in gradi in senso orario, con 0 corrispondente al nord geografico."},{"name":"horizontalaccuracy","type":"number","description":"La precisione orizzontale della posizione in metri."},{"name":"verticalaccuracy","type":"number","description":"La precisione verticale della posizione in metri."},{"name":"velocity","type":"number","description":"La velocità della posizione in metri al secondo."}]}]},{"name":"Model Builder","id":"model-builder","bundles":["core","geometry","data-access","portal-access"],"variables":[{"name":"$variables","type":"dictionary","description":"Un dizionario contenente nomi e valori di variabili.","properties":[]}]},{"name":"Measure visualization","id":"measure-visualization","bundles":["core","geometry"],"variables":[{"name":"$measure","type":"number","description":"Il valore M interpolato per la posizione del marcatore."},{"name":"$feature","type":"feature","description":"La feature da disegnare sulla mappa."},{"name":"$view","type":"dictionary","properties":[{"name":"scale","type":"number","description":"Restituisce la scala della mappa al momento della valutazione dell'espressione."}],"description":""}]},{"name":"Popup","id":"popup","bundles":["core","data-access","geometry","portal-access","knowledge-graph"],"variables":[{"name":"$feature","type":"feature","description":"Fornisce l'accesso agli attributi e alla geometria della feature di cui deve essere visualizzato il popup nella vista."},{"name":"$layer","description":"Una raccolta di feature nello stesso layer della $feature di cui è visualizzato il popup nella vista.","type":"featureSet"},{"name":"$map","description":"Una raccolta di layer nella stessa mappa della $feature di cui è visualizzato il popup nella vista. Questo valore potrebbe essere 'null' nei casi in cui un popup non è associato con una mappa.","type":"featureSetCollection"},{"name":"$datastore","description":"Una raccolta di layer nello stesso feature service o database della $feature di cui è visualizzato il popup nella vista.","type":"featureSetCollection"},{"name":"$userInput","description":"Una geometria che rappresenta l'input di un utente per un popup. In genere, rappresenta una posizione cliccata o toccata dall'utente in una mappa per avviare un popup. In alcuni casi questo valore è un Punto, un'Estensione o 'null' perché i popup non vengono sempre aperti dall'interazione della mappa. Si consiglia di verificare il tipo di geometria di questo valore prima che sia utilizzato.","type":"geometry"},{"name":"$graph","description":"Un grafico di conoscenza associato con la feature. Se non è disponibile alcun grafico, il valore sarà 'null'.","type":"knowledgeGraph"},{"name":"$view","type":"dictionary","description":"Proprietà disponibili dalla vista.","properties":[{"name":"scale","type":"number","description":"Restituisce la scala della mappa al momento della valutazione dell'espressione."},{"name":"timeProperties","type":"dictionary","properties":[{"name":"currentStart","type":"date","description":"L'ora di inizio dell'estensione temporale della mappa, indicata da un componente del cursore temporale al momento della valutazione dell'espressione. Questo valore si aggiorna dinamicamente (e può azionare la riesecuzione dell'espressione Arcade) quando viene utilizzato un cursore temporale per aggiornare i popup che tengono conto dell'ora in base al campo data. Un valore “null” indica che l'ora di inizio è comprensiva dell'inizio del tempo."},{"name":"currentEnd","type":"date","description":"L'ora di fine dell'estensione temporale della mappa, indicata da un componente del cursore temporale al momento della valutazione dell'espressione. Questo valore si aggiorna dinamicamente (e può azionare la riesecuzione dell'espressione Arcade) quando viene utilizzato un cursore temporale per aggiornare i popup che tengono conto dell'ora in base al campo data. Un valore “null” indica che l'ora di fine è indefinita senza fine."},{"name":"startIncluded","type":"boolean","description":"Indica se la data \"currentStart\" è inclusa nell'estensione temporale corrente della mappa."},{"name":"endIncluded","type":"boolean","description":"Indica se la data \"currentEnd\" è inclusa nell'estensione temporale corrente della mappa."}],"description":""}]}]},{"name":"Popup element","id":"popup-element","bundles":["core","data-access","geometry","portal-access","knowledge-graph"],"variables":[{"name":"$feature","type":"feature","description":"Fornisce l'accesso agli attributi e alla geometria della feature di cui deve essere visualizzato il popup nella vista."},{"name":"$layer","description":"Una raccolta di feature nello stesso layer della $feature di cui è visualizzato il popup nella vista.","type":"featureSet"},{"name":"$map","description":"Una raccolta di layer nella stessa mappa della $feature di cui è visualizzato il popup nella vista. Questo valore potrebbe essere 'null' nei casi in cui un popup non è associato con una mappa.","type":"featureSetCollection"},{"name":"$datastore","description":"Una raccolta di layer nello stesso feature service o database della $feature di cui è visualizzato il popup nella vista.","type":"featureSetCollection"},{"name":"$userInput","description":"Una geometria che rappresenta l'input di un utente per un popup. In genere, rappresenta una posizione cliccata o toccata dall'utente in una mappa per avviare un popup. In alcuni casi questo valore è un Punto, un'Estensione o 'null' perché i popup non vengono sempre aperti dall'interazione della mappa. Si consiglia di verificare il tipo di geometria di questo valore prima che sia utilizzato.","type":"geometry"},{"name":"$graph","description":"Un grafico di conoscenza associato con la feature. Se non è disponibile alcun grafico, il valore sarà 'null'.","type":"knowledgeGraph"},{"name":"$view","type":"dictionary","description":"Proprietà disponibili dalla vista.","properties":[{"name":"scale","type":"number","description":"Restituisce la scala della mappa al momento della valutazione dell'espressione."},{"name":"timeProperties","type":"dictionary","properties":[{"name":"currentStart","type":"date","description":"L'ora di inizio dell'estensione temporale della mappa, indicata da un componente del cursore temporale al momento della valutazione dell'espressione. Questo valore si aggiorna dinamicamente (e può azionare la riesecuzione dell'espressione Arcade) quando viene utilizzato un cursore temporale per aggiornare i popup che tengono conto dell'ora in base al campo data. Un valore “null” indica che l'ora di inizio è comprensiva dell'inizio del tempo."},{"name":"currentEnd","type":"date","description":"L'ora di fine dell'estensione temporale della mappa, indicata da un componente del cursore temporale al momento della valutazione dell'espressione. Questo valore si aggiorna dinamicamente (e può azionare la riesecuzione dell'espressione Arcade) quando viene utilizzato un cursore temporale per aggiornare i popup che tengono conto dell'ora in base al campo data. Un valore “null” indica che l'ora di fine è indefinita senza fine."},{"name":"startIncluded","type":"boolean","description":"Indica se la data \"currentStart\" è inclusa nell'estensione temporale corrente della mappa."},{"name":"endIncluded","type":"boolean","description":"Indica se la data \"currentEnd\" è inclusa nell'estensione temporale corrente della mappa."}],"description":""}]}]},{"name":"Popup feature reduction","id":"popup-feature-reduction","bundles":["core","data-access","geometry","portal-access"],"variables":[{"name":"$feature","type":"feature","description":"Fornisce l'accesso ai campi aggregati definiti nei popup di clustering o binning."},{"name":"$aggregatedFeatures","description":"Un FeatureSet contenente tutte le feature rappresentate dal cluster o bin.","type":"featureSet"},{"name":"$view","type":"dictionary","description":"Proprietà disponibili dalla vista.","properties":[{"name":"scale","type":"number","description":"Restituisce la scala della mappa al momento della valutazione dell'espressione."},{"name":"timeProperties","type":"dictionary","properties":[{"name":"currentStart","type":"date","description":"L'ora di inizio dell'estensione temporale della mappa, indicata da un componente del cursore temporale al momento della valutazione dell'espressione. Questo valore si aggiorna dinamicamente (e può azionare la riesecuzione dell'espressione Arcade) quando viene utilizzato un cursore temporale per aggiornare i popup che tengono conto dell'ora in base al campo data. Un valore “null” indica che l'ora di inizio è comprensiva dell'inizio del tempo."},{"name":"currentEnd","type":"date","description":"L'ora di fine dell'estensione temporale della mappa, indicata da un componente del cursore temporale al momento della valutazione dell'espressione. Questo valore si aggiorna dinamicamente (e può azionare la riesecuzione dell'espressione Arcade) quando viene utilizzato un cursore temporale per aggiornare i popup che tengono conto dell'ora in base al campo data. Un valore “null” indica che l'ora di fine è indefinita senza fine."},{"name":"startIncluded","type":"boolean","description":"Indica se la data \"currentStart\" è inclusa nell'estensione temporale corrente della mappa."},{"name":"endIncluded","type":"boolean","description":"Indica se la data \"currentEnd\" è inclusa nell'estensione temporale corrente della mappa."}],"description":""}]}]},{"name":"Popup element feature reduction","id":"popup-element-feature-reduction","bundles":["core","data-access","geometry","portal-access"],"variables":[{"name":"$feature","type":"feature","description":"Fornisce l'accesso ai campi aggregati definiti nei popup di clustering o binning."},{"name":"$aggregatedFeatures","description":"Un FeatureSet contenente tutte le feature rappresentate dal cluster o bin.","type":"featureSet"},{"name":"$view","type":"dictionary","description":"Proprietà disponibili dalla vista.","properties":[{"name":"scale","type":"number","description":"Restituisce la scala della mappa al momento della valutazione dell'espressione."},{"name":"timeProperties","type":"dictionary","properties":[{"name":"currentStart","type":"date","description":"L'ora di inizio dell'estensione temporale della mappa, indicata da un componente del cursore temporale al momento della valutazione dell'espressione. Questo valore si aggiorna dinamicamente (e può azionare la riesecuzione dell'espressione Arcade) quando viene utilizzato un cursore temporale per aggiornare i popup che tengono conto dell'ora in base al campo data. Un valore “null” indica che l'ora di inizio è comprensiva dell'inizio del tempo."},{"name":"currentEnd","type":"date","description":"L'ora di fine dell'estensione temporale della mappa, indicata da un componente del cursore temporale al momento della valutazione dell'espressione. Questo valore si aggiorna dinamicamente (e può azionare la riesecuzione dell'espressione Arcade) quando viene utilizzato un cursore temporale per aggiornare i popup che tengono conto dell'ora in base al campo data. Un valore “null” indica che l'ora di fine è indefinita senza fine."},{"name":"startIncluded","type":"boolean","description":"Indica se la data \"currentStart\" è inclusa nell'estensione temporale corrente della mappa."},{"name":"endIncluded","type":"boolean","description":"Indica se la data \"currentEnd\" è inclusa nell'estensione temporale corrente della mappa."}],"description":""}]}]},{"name":"Quick Capture","id":"quick-capture","bundles":["core","data-access","geometry","portal-access"],"variables":[{"name":"$feature","type":"feature","description":"Espone gli attributi della feature per l'uso nel calcolo."},{"name":"$layer","type":"featureSet","description":"Una raccolta di feature nello stesso layer di $feature."},{"name":"$datastore","type":"featureSetCollection","description":"Una raccolta di layer nello stesso feature service o database di $feature."},{"name":"$map","type":"featureSetCollection","description":"Una raccolta di layer feature service nella mappa utilizzata dal progetto QuickCapture. Questa variabile può essere 'null'."}]},{"name":"Tasks","id":"tasks","bundles":["core","data-access","geometry","portal-access"],"variables":[{"name":"$feature","description":"La feature che deve essere valutata dall'attività.","type":"feature"},{"name":"$datastore","description":"Una raccolta di layer nello stesso feature service o database della $feature che deve essere valutata dall'attività.","type":"featureSetCollection"}]},{"name":"Velocity","id":"velocity","bundles":["core","geometry","track"],"variables":[{"name":"$feature","type":"feature","description":"Negli strumenti analitici con singoli input la feature da calcolare, valutare o su cui agire."},{"name":"$target","type":"feature","description":"Negli strumenti analitici con due input, la feature da valutare per il filtraggio o l'arricchimento."},{"name":"$join","type":"feature","description":"Negli strumenti analitici con due input, la feature che fornisce valori per la valutazione o l'arricchimento della feature di destinazione."},{"name":"$analytic","type":"dictionary","description":"Valori temporali associati all'analisi, ad esempio ora di inizio, ultima ora di fine ecc.","properties":[]}]},{"name":"Visualization","id":"visualization","bundles":["core","geometry"],"variables":[{"name":"$feature","description":"La feature da disegnare sulla mappa.","type":"feature"},{"name":"$view","type":"dictionary","description":"Proprietà disponibili dalla vista.","properties":[{"name":"scale","type":"number","description":"Restituisce la scala della mappa al momento della valutazione dell'espressione."},{"name":"timeProperties","type":"dictionary","properties":[{"name":"currentStart","type":"date","description":"L'ora di inizio dell'estensione temporale della mappa, indicata da un componente del cursore temporale al momento della valutazione dell'espressione. Questo valore si aggiorna dinamicamente (e può azionare la riesecuzione dell'espressione Arcade) quando viene utilizzato un cursore temporale per aggiornare le visualizzazioni che tengono conto dell'ora in base al campo data. Un valore “null” indica che l'ora di inizio è comprensiva dell'inizio del tempo."},{"name":"currentEnd","type":"date","description":"L'ora di fine dell'estensione temporale della mappa, indicata da un componente del cursore temporale al momento della valutazione dell'espressione. Questo valore si aggiorna dinamicamente (e può azionare la riesecuzione dell'espressione Arcade) quando viene utilizzato un cursore temporale per aggiornare le visualizzazioni che tengono conto dell'ora in base al campo data. Un valore “null” indica che l'ora di fine è indefinita senza fine."},{"name":"startIncluded","type":"boolean","description":"Indica se la data \"currentStart\" è inclusa nell'estensione temporale corrente della mappa."},{"name":"endIncluded","type":"boolean","description":"Indica se la data \"currentEnd\" è inclusa nell'estensione temporale corrente della mappa."}],"description":""}]}]},{"name":"Voxel popup","id":"popup-voxel","bundles":["core"],"variables":[{"name":"$voxel","type":"voxel","description":"Fornisce l'accesso agli attributi del voxel il cui popup deve essere visualizzato nella scena."}]},{"name":"Voxel popup element","id":"popup-element-voxel","bundles":["core"],"variables":[{"name":"$voxel","type":"voxel","description":"Fornisce l'accesso agli attributi del voxel il cui popup deve essere visualizzato nella scena."}]}]