[{"name":"Minimalist","id":"minimalist","bundles":["core","data-access","geometry","portal-access"],"variables":[]},{"name":"Aggregate Field","id":"aggregate-field","bundles":["core","geometry"],"variables":[{"name":"$feature","description":"Ein einzelnes Feature, das in einem aggregierten Feature enthalten ist. Bietet Zugriff auf alle Feldattribute des Features.","type":"feature"}]},{"name":"Alias","id":"alias","bundles":["core","geometry"],"variables":[{"name":"$value","type":"number","description":"Der numerische Wert, für den ein Textalias gewünscht wird."},{"name":"$feature","type":"feature","description":"Das Feature, für das ein Textalias gewünscht wird."}]},{"name":"Attribute rule calculation","id":"attribute-rule-calculation","bundles":["core","data-access","database","geometry","portal-access","ai"],"variables":[{"name":"$feature","type":"feature","description":"Das Feature, das berechnet wird."},{"name":"$originalFeature","type":"feature","description":"Der vorherige Zustand des berechneten Features."},{"name":"$featureSet","type":"featureSet","description":"Eine Sammlung von Features in derselben Tabelle wie das $feature zur Auswertung des Ausdrucks."},{"name":"$datastore","type":"featureSetCollection","description":"Eine Sammlung von Layern in demselben Feature-Service oder in derselben Datenbank wie das $feature zur Ausführung des Skripts."},{"name":"$editcontext","type":"dictionary","properties":[{"name":"editType","type":"text","description":"Gibt an, ob das Bearbeitungsereignis vom Typ \"INSERT\", \"UPDATE\", \"DELETE\" oder \"NA\" (Not Applicable = nicht zutreffend) ist."}],"description":""}]},{"name":"Attribute rule constraint","id":"attribute-rule-constraint","bundles":["core","data-access","geometry","portal-access"],"variables":[{"name":"$feature","type":"feature","description":"Das Feature, das berechnet wird."},{"name":"$originalFeature","type":"feature","description":"Der vorherige Zustand des berechneten Features."},{"name":"$featureSet","type":"featureSet","description":"Eine Sammlung von Features in derselben Tabelle wie das $feature zur Auswertung des Ausdrucks."},{"name":"$datastore","type":"featureSetCollection","description":"Eine Sammlung von Layern in demselben Feature-Service oder in derselben Datenbank wie das $feature zur Ausführung des Skripts."},{"name":"$editcontext","type":"dictionary","properties":[{"name":"editType","type":"text","description":"Gibt an, ob das Bearbeitungsereignis vom Typ \"INSERT\", \"UPDATE\", \"DELETE\" oder \"NA\" (Not Applicable = nicht zutreffend) ist."}],"description":""}]},{"name":"Attribute rule validation","id":"attribute-rule-validation","bundles":["core","data-access","geometry","portal-access"],"variables":[{"name":"$feature","type":"feature","description":"Das Feature, das berechnet wird."},{"name":"$featureSet","type":"featureSet","description":"Eine Sammlung von Features in derselben Tabelle wie das $feature zur Auswertung des Ausdrucks."},{"name":"$datastore","type":"featureSetCollection","description":"Eine Sammlung von Layern in demselben Feature-Service oder in derselben Datenbank wie das $feature zur Ausführung des Skripts."}]},{"name":"Dashboard indicator formatting","id":"dashboard-indicator-formatting","bundles":["core"],"variables":[{"name":"$datapoint","type":"feature","description":"Der Datenpunkt, der für das visuelle Element ausgewertet wird."},{"name":"$reference","type":"dictionary","description":"Der Bezugswert, der für das visuelle Element ausgewertet wird.","properties":[]}]},{"name":"Dashboard list formatting","id":"dashboard-list-formatting","bundles":["core"],"variables":[{"name":"$datapoint","type":"feature","description":"Der Datenpunkt, der für das visuelle Element ausgewertet wird."}]},{"name":"Dashboard table formatting","id":"dashboard-table-formatting","bundles":["core"],"variables":[{"name":"$datapoint","type":"feature","description":"Der Datenpunkt, der für das visuelle Element ausgewertet wird."},{"name":"$rowindex","type":"number","description":"Die Position einer Zeile in der Tabelle (nullbasiert)."}]},{"name":"Dashboard data","id":"dashboard-data","bundles":["core","geometry","data-access","portal-access","knowledge-graph"],"variables":[]},{"name":"Data Pipelines","id":"data-pipelines","bundles":["core"],"variables":[{"name":"$record","type":"dictionary","description":"Bietet Zugriff auf die Attribut-/Feldwerte des Datensatzes, der berechnet wird.","properties":[]}]},{"name":"Dictionary renderer","id":"dictionary-renderer","bundles":["core","geometry"],"variables":[{"name":"$feature","type":"feature","description":"Das auf der Karte darzustellende Feature."},{"name":"$config","type":"dictionary","description":"Ein Dictionary von Konfigurationswerten.","properties":[]}]},{"name":"Experience Builder data","id":"experience-builder-data","bundles":["core","data-access","geometry","portal-access"],"variables":[]},{"name":"Experience Builder list item widget formatting","id":"experience-builder-list-item-widget-formatting","bundles":["core"],"variables":[{"name":"$feature","type":"feature","description":"Steht für das Feature im Listenelement."}]},{"name":"Experience Builder widget formatting","id":"experience-builder-widget-formatting","bundles":["core","data-access"],"variables":[{"name":"$dataSources","type":"dictionary","description":"Die vom Widget verwendeten Datenquellen. Hierbei handelt es sich um ein Wörterbuch, das Schlüssel/Wert-Paare enthält, wobei jeder Schlüssel eine Datenquellen-ID darstellt (z. B. `dataSource_1-187acf797e1-layer-5-selection`).","properties":[]}]},{"name":"Feature Display Title","id":"feature-display-title","bundles":["core"],"variables":[{"name":"$feature","type":"feature","description":"Das Feature (oder Zeile), für das ein Titel in der UI angezeigt wird."}]},{"name":"Feature Z","id":"feature-z","bundles":["core","geometry"],"variables":[{"name":"$feature","type":"feature","description":"Das Feature, das einen Z-Wert erfordert."}]},{"name":"Field calculation","id":"field-calculation","bundles":["core","data-access","geometry","portal-access","knowledge-graph","ai"],"variables":[{"name":"$feature","type":"feature","description":"Das Feature, das berechnet wird."},{"name":"$datastore","type":"featureSetCollection","description":"Eine Sammlung von Layern in demselben Feature-Service oder in derselben Datenbank wie das $feature zur Ausführung der Berechnung."}]},{"name":"Field mapping","id":"field-mapping","bundles":["core","data-access","geometry","portal-access"],"variables":[{"name":"$sourceFeature","type":"feature","description":"Das Quellen-Feature für die Feldzuordnung."},{"name":"$targetFeature","type":"feature","description":"Das Ziel-Feature für die Feldzuordnung."},{"name":"$sourceLayer","type":"featureSet","description":"Eine Sammlung von Features in demselben Layer wie $sourcefeature."},{"name":"$targetLayer","type":"featureSet","description":"Eine Sammlung von Features in demselben Layer wie $targetfeature."},{"name":"$map","type":"featureSetCollection","description":"Eine Sammlung von Layern in der Karte des ausgeführten Arcade-Ausdrucks."},{"name":"$sourceDatastore","type":"featureSetCollection","description":"Eine Sammlung von Layern in demselben Data Store wie $sourcelayer."},{"name":"$targetDatastore","type":"featureSetCollection","description":"Eine Sammlung von Layern in demselben Data Store wie $targetlayer."}]},{"name":"Form Attachment Filename Calculation","id":"form-attachment-filename-calculation","bundles":["core","data-access","geometry","portal-access"],"variables":[{"name":"$feature","type":"feature","description":"ä_The feature being calculated______________________________Ü."},{"name":"$originalFeature","type":"feature","description":"ä_The previous state of the feature being calculated___________________________Ü."},{"name":"$layer","type":"featureSet","description":"ä_A collection of features in the same layer as $feature_____________________________Ü."},{"name":"$datastore","type":"featureSetCollection","description":"ä_A collection of layers in the same feature service or database as $feature_______________________________________Ü."},{"name":"$featureset","type":"featureSet","description":"ä_A collection of features in the same table as $feature_____________________________Ü."},{"name":"$map","type":"featureSetCollection","description":"ä_A collection of feature service layers in the same map as $feature___________________________________Ü."},{"name":"$formElement","type":"dictionary","description":"ä_Information associated with the form element________________________Ü.","properties":[{"name":"attachmentKeyword","type":"text","description":"ä_A text value identifying the content of the attachment. When a file is attached using the form, this property can be used in determining a new filename for the attachment_______________________________________________________________________________________Ü."},{"name":"label","type":"text","description":"ä_A text value indicating what the element represents___________________________Ü."},{"name":"description","type":"text","description":"ä_A text value that describes the element in detail__________________________Ü."}]}]},{"name":"Form calculation","id":"form-calculation","bundles":["core","data-access","geometry","portal-access","ai"],"variables":[{"name":"$feature","type":"feature","description":"Macht die Feature-Attribute für die Verwendung in der Berechnung verfügbar"},{"name":"$originalFeature","type":"feature","description":"Der vorherige Zustand des berechneten Features."},{"name":"$layer","type":"featureSet","description":"Eine Sammlung von Features in demselben Layer wie $feature."},{"name":"$datastore","type":"featureSetCollection","description":"Eine Sammlung von Layern in demselben Feature-Service oder in derselben Datenbank wie $feature."},{"name":"$featureset","type":"featureSet","description":"Eine Sammlung von Features in derselben Tabelle wie $feature."},{"name":"$map","type":"featureSetCollection","description":"Eine Sammlung von Feature-Service-Layern in derselben Karte wie $feature."},{"name":"$editcontext","type":"dictionary","properties":[{"name":"editType","type":"text","description":"Gibt an, ob das Bearbeitungsereignis vom Typ \"INSERT\", \"UPDATE\", \"DELETE\" oder \"NA\" (Not Applicable = nicht zutreffend) ist."}],"description":""}]},{"name":"Form Constraint","id":"form-constraint","bundles":["core","geometry","data-access","portal-access"],"variables":[{"name":"$feature","type":"feature","description":"Das Feature, das für die Einschränkung ausgewertet wird."},{"name":"$originalFeature","type":"feature","description":"Der vorherige Zustand des Features."},{"name":"$layer","type":"featureSet","description":"Eine Sammlung von Features in demselben Layer wie $feature."},{"name":"$datastore","type":"featureSetCollection","description":"Eine Sammlung von Layern in demselben Feature-Service oder in derselben Datenbank wie $feature."},{"name":"$featureset","type":"featureSet","description":"Eine Sammlung von Features in derselben Tabelle wie $feature."},{"name":"$map","type":"featureSetCollection","description":"Eine Sammlung von Feature-Service-Layern in derselben Karte wie $feature."},{"name":"$editcontext","type":"dictionary","properties":[{"name":"editType","type":"text","description":"Gibt an, ob das Bearbeitungsereignis vom Typ \"INSERT\", \"UPDATE\", \"DELETE\" oder \"NA\" (Not Applicable = nicht zutreffend) ist."}],"description":""}]},{"name":"Geoanalytics","id":"geoanalytics","bundles":["core","geometry","track"],"variables":[{"name":"$feature","type":"feature","description":"Das Feature, das berechnet wird."}]},{"name":"Geotrigger notification","id":"geotrigger-notification","bundles":["core","geometry","data-access"],"variables":[{"name":"$feedFeature","type":"feature","description":"Das Eingabe-Feature (z. B. eine Geräteposition oder ein Feature), das die Aktivierung des Geotriggers ausgelöst hat. Dieses Feature muss eine Geometrie (in der Regel einen Punkt) und ein festgelegtes Schema mit den folgenden Eigenschaften enthalten: `course` (die Richtung der Position in Grad im Uhrzeigersinn, wobei 0 geographisch Nord entspricht) und `horizontalaccuracy` (die horizontale Genauigkeit der Position in Metern)."},{"name":"$fenceFeature","type":"feature","description":"Das GeoFence-Feature (z. B. ein Interessenbereich), das betreten oder verlassen wurde und die Aktivierung des Geotriggers ausgelöst hat."},{"name":"$fenceLayer","type":"featureSet","description":"Eine Sammlung von Features in demselben Layer wie $fenceFeature."},{"name":"$fenceNotificationType","type":"text","description":"Eine Beschreibung des eingetretenen Ereignisses: \"entered\" (betreten) oder \"exited\" (verlassen)."}]},{"name":"Imagery popup","id":"popup-imagery","bundles":["core","geometry"],"variables":[{"name":"$pixel","type":"pixel","description":"ä_The pixel value and other pixel-dependent information (e.g. classification category), including virtual raster fields, for the imagery layer currently displayed in the view________________________________________________________________________________________Ü."},{"name":"$imageCollectionItem","type":"feature","description":"ä_The metadata of the selected image collection item containing the pixel represented by `$pixel`. This value will be `null` if there is no associated image collection____________________________________________________________________________________Ü."},{"name":"$view","type":"dictionary","description":"ä_Properties available from the view___________________Ü.","properties":[{"name":"scale","type":"number","description":"ä_Returns the scale of the map at the time the expression evaluates__________________________________Ü."},{"name":"timeProperties","type":"dictionary","properties":[{"name":"currentStart","type":"date","description":"ä_The start time of the map's time extent as indicated by a time slider component at the time the expression evaluates. This value dynamically updates (and may trigger the re-execution of the Arcade expression) when a time slider is used to update time-aware popups based on date field. A `null` value indicates the start time is inclusive since the beginning of time________________________________________________________________________________________________________________________________________________________________________________________Ü."},{"name":"currentEnd","type":"date","description":"ä_The end time of the map's time extent as indicated by a time slider component at the time the expression evaluates. This value dynamically updates (and may trigger the re-execution of the Arcade expression) when a time slider is used to update time-aware popups based on date field. A `null` value indicates the end time is indefinite with no end_______________________________________________________________________________________________________________________________________________________________________________Ü."},{"name":"startIncluded","type":"boolean","description":"ä_Indicates if the `currentStart` date is included in the map's current time extent__________________________________________Ü."},{"name":"endIncluded","type":"boolean","description":"ä_Indicates if the `currentEnd` date is included in the map's current time extent_________________________________________Ü."}],"description":""}]},{"name":"$userInput","description":"ä_A geometry representing a user's input for a popup. Typically, this represents a location where the user clicked or tapped in a map to launch a popup. There may be cases where this value is a Point, an Extent, or `null` as popups are not always opened from map interaction. Therefore, it is advised to check the geometry type of this value before it is used____________________________________________________________________________________________________________________________________________________________________________________Ü.","type":"geometry"}]},{"name":"Imagery popup element","id":"popup-element-imagery","bundles":["core","geometry"],"variables":[{"name":"$pixel","type":"pixel","description":"ä_The pixel value and other pixel-dependent information (e.g. classification category), including virtual raster fields, for the imagery layer currently displayed in the view________________________________________________________________________________________Ü."},{"name":"$imageCollectionItem","type":"feature","description":"ä_The metadata of the selected image collection item containing the pixel represented by `$pixel`. This value will be `null` if there is no associated image collection____________________________________________________________________________________Ü."},{"name":"$view","type":"dictionary","description":"ä_Properties available from the view___________________Ü.","properties":[{"name":"scale","type":"number","description":"ä_Returns the scale of the map at the time the expression evaluates__________________________________Ü."},{"name":"timeProperties","type":"dictionary","properties":[{"name":"currentStart","type":"date","description":"ä_The start time of the map's time extent as indicated by a time slider component at the time the expression evaluates. This value dynamically updates (and may trigger the re-execution of the Arcade expression) when a time slider is used to update time-aware popups based on date field. A `null` value indicates the start time is inclusive since the beginning of time________________________________________________________________________________________________________________________________________________________________________________________Ü."},{"name":"currentEnd","type":"date","description":"ä_The end time of the map's time extent as indicated by a time slider component at the time the expression evaluates. This value dynamically updates (and may trigger the re-execution of the Arcade expression) when a time slider is used to update time-aware popups based on date field. A `null` value indicates the end time is indefinite with no end_______________________________________________________________________________________________________________________________________________________________________________Ü."},{"name":"startIncluded","type":"boolean","description":"ä_Indicates if the `currentStart` date is included in the map's current time extent__________________________________________Ü."},{"name":"endIncluded","type":"boolean","description":"ä_Indicates if the `currentEnd` date is included in the map's current time extent_________________________________________Ü."}],"description":""}]},{"name":"$userInput","description":"ä_A geometry representing a user's input for a popup. Typically, this represents a location where the user clicked or tapped in a map to launch a popup. There may be cases where this value is a Point, an Extent, or `null` as popups are not always opened from map interaction. Therefore, it is advised to check the geometry type of this value before it is used____________________________________________________________________________________________________________________________________________________________________________________Ü.","type":"geometry"}]},{"name":"Labeling","id":"labeling","bundles":["core","geometry"],"variables":[{"name":"$feature","type":"feature","description":"Das Feature, dessen Beschreibung auf der Karte dargestellt wird."},{"name":"$view","type":"dictionary","description":"Über die Ansicht verfügbare Eigenschaften.","properties":[{"name":"scale","type":"number","description":"Gibt den Kartenmaßstab zum Zeitpunkt der Ausdrucksausführung zurück."},{"name":"timeProperties","type":"dictionary","properties":[{"name":"currentStart","type":"date","description":"Die Startzeit des Zeitraums der Karte, wie durch eine Zeitschiebereglerkomponente zum Zeitpunkt der Auswertung des Ausdrucks angegeben. Dieser Wert wird dynamisch aktualisiert (und kann die erneute Ausführung des Arcade-Ausdrucks auslösen), wenn ein Zeitschieberegler verwendet wird, um zeitbezogene Beschriftungen basierend auf dem Datumsfeld zu aktualisieren. Ein NULL-Wert gibt an, dass die Startzeit inklusive ist, ab dem Beginn der Zeit."},{"name":"currentEnd","type":"date","description":"Die Endzeit des Zeitraums der Karte, wie durch eine Zeitschiebereglerkomponente zum Zeitpunkt der Auswertung des Ausdrucks angegeben. Dieser Wert wird dynamisch aktualisiert (und kann die erneute Ausführung des Arcade-Ausdrucks auslösen), wenn ein Zeitschieberegler verwendet wird, um zeitbezogene Beschriftungen basierend auf dem Datumsfeld zu aktualisieren. Ein NULL-Wert gibt an, dass die Endzeit unendlich ist und es kein Ende gibt."},{"name":"startIncluded","type":"boolean","description":"Gibt an, ob das Datum `currentStart` im aktuellen Zeitraum der Karte enthalten ist."},{"name":"endIncluded","type":"boolean","description":"Gibt an, ob das Datum `currentEnd` im aktuellen Zeitraum der Karte enthalten ist."}],"description":""}]}]},{"name":"Layout","id":"layout","bundles":["core","geometry"],"variables":[{"name":"$feature","type":"feature","description":"Das Feature, dessen Werte möglicherweise im Layout angezeigt werden."}]},{"name":"Location update constraint","id":"location-update-constraint","bundles":["core","geometry"],"variables":[{"name":"$locationupdate","type":"dictionary","description":"Das Positionsaktualisierungs-Feature (z. B. über GPS), das für die Einschränkung ausgewertet wird.","properties":[{"name":"course","type":"number","description":"Die Richtung der Position in Grad im Uhrzeigersinn, wobei 0 geographisch Nord entspricht."},{"name":"horizontalaccuracy","type":"number","description":"Die horizontale Genauigkeit der Position in Metern."},{"name":"verticalaccuracy","type":"number","description":"Die vertikale Genauigkeit der Position in Metern."},{"name":"velocity","type":"number","description":"Die Geschwindigkeit der Position in Metern pro Sekunde."}]}]},{"name":"Model Builder","id":"model-builder","bundles":["core","geometry","data-access","portal-access"],"variables":[{"name":"$variables","type":"dictionary","description":"Ein Wörterbuch, das Variablennamen und Werte enthält.","properties":[]}]},{"name":"Measure visualization","id":"measure-visualization","bundles":["core","geometry"],"variables":[{"name":"$measure","type":"number","description":"Der interpolierte M-Wert für die Markerposition."},{"name":"$feature","type":"feature","description":"Das auf der Karte darzustellende Feature."},{"name":"$view","type":"dictionary","properties":[{"name":"scale","type":"number","description":"Gibt den Kartenmaßstab zum Zeitpunkt der Ausdrucksausführung zurück."}],"description":""}]},{"name":"Popup","id":"popup","bundles":["core","data-access","geometry","portal-access","knowledge-graph"],"variables":[{"name":"$feature","type":"feature","description":"Gewährt Zugriff auf die Attribute und Geometrie des Features, dessen Pop-up in der Ansicht angezeigt wird."},{"name":"$layer","description":"Eine Sammlung von Features in demselben Layer wie das $feature, dessen Pop-up in der Ansicht angezeigt wird.","type":"featureSet"},{"name":"$map","description":"Eine Sammlung von Layern in derselben Karte wie das $feature, dessen Pop-up in der Ansicht angezeigt wird. Dieser Wert kann NULL sein, wenn kein Pop-up mit einer Karte verknüpft ist.","type":"featureSetCollection"},{"name":"$datastore","description":"Eine Sammlung von Layern in demselben Feature-Service oder in derselben Datenbank wie das $feature, dessen Pop-up in der Ansicht angezeigt wird.","type":"featureSetCollection"},{"name":"$userInput","description":"Eine Geometrie, die die Eingabe eines Benutzers für ein Pop-up darstellt. In der Regel entspricht dies einer Position, auf die der Benutzer in einer Karte geklickt oder getippt hat, um ein Pop-up aufzurufen. In einigen Fällen kann dies ein Punkt, eine Ausdehnung oder NULL sein, da Pop-ups nicht immer über eine Karteninteraktion geöffnet werden. Deshalb wird empfohlen, den Geometrietyp dieses Werts zu überprüfen, bevor er verwendet wird.","type":"geometry"},{"name":"$graph","description":"Ein mit dem Feature verknüpfter Wissensgraph. Wenn kein Wissensgraph verfügbar ist, entspricht dies einem NULL-Wert.","type":"knowledgeGraph"},{"name":"$view","type":"dictionary","description":"Über die Ansicht verfügbare Eigenschaften.","properties":[{"name":"scale","type":"number","description":"Gibt den Kartenmaßstab zum Zeitpunkt der Ausdrucksausführung zurück."},{"name":"timeProperties","type":"dictionary","properties":[{"name":"currentStart","type":"date","description":"Die Startzeit des Zeitraums der Karte, wie durch eine Zeitschiebereglerkomponente zum Zeitpunkt der Auswertung des Ausdrucks angegeben. Dieser Wert wird dynamisch aktualisiert (und kann die erneute Ausführung des Arcade-Ausdrucks auslösen), wenn ein Zeitschieberegler verwendet wird, um zeitbezogene Pop-ups basierend auf dem Datumsfeld zu aktualisieren. Ein NULL-Wert gibt an, dass die Startzeit inklusive ist, ab dem Beginn der Zeit."},{"name":"currentEnd","type":"date","description":"Die Endzeit des Zeitraums der Karte, wie durch eine Zeitschiebereglerkomponente zum Zeitpunkt der Auswertung des Ausdrucks angegeben. Dieser Wert wird dynamisch aktualisiert (und kann die erneute Ausführung des Arcade-Ausdrucks auslösen), wenn ein Zeitschieberegler verwendet wird, um zeitbezogene Pop-ups basierend auf dem Datumsfeld zu aktualisieren. Ein NULL-Wert gibt an, dass die Endzeit unendlich ist und es kein Ende gibt."},{"name":"startIncluded","type":"boolean","description":"Gibt an, ob das Datum `currentStart` im aktuellen Zeitraum der Karte enthalten ist."},{"name":"endIncluded","type":"boolean","description":"Gibt an, ob das Datum `currentEnd` im aktuellen Zeitraum der Karte enthalten ist."}],"description":""}]}]},{"name":"Popup element","id":"popup-element","bundles":["core","data-access","geometry","portal-access","knowledge-graph"],"variables":[{"name":"$feature","type":"feature","description":"Gewährt Zugriff auf die Attribute und Geometrie des Features, dessen Pop-up in der Ansicht angezeigt wird."},{"name":"$layer","description":"Eine Sammlung von Features in demselben Layer wie das $feature, dessen Pop-up in der Ansicht angezeigt wird.","type":"featureSet"},{"name":"$map","description":"Eine Sammlung von Layern in derselben Karte wie das $feature, dessen Pop-up in der Ansicht angezeigt wird. Dieser Wert kann NULL sein, wenn kein Pop-up mit einer Karte verknüpft ist.","type":"featureSetCollection"},{"name":"$datastore","description":"Eine Sammlung von Layern in demselben Feature-Service oder in derselben Datenbank wie das $feature, dessen Pop-up in der Ansicht angezeigt wird.","type":"featureSetCollection"},{"name":"$userInput","description":"Eine Geometrie, die die Eingabe eines Benutzers für ein Pop-up darstellt. In der Regel entspricht dies einer Position, auf die der Benutzer in einer Karte geklickt oder getippt hat, um ein Pop-up aufzurufen. In einigen Fällen kann dies ein Punkt, eine Ausdehnung oder NULL sein, da Pop-ups nicht immer über eine Karteninteraktion geöffnet werden. Deshalb wird empfohlen, den Geometrietyp dieses Werts zu überprüfen, bevor er verwendet wird.","type":"geometry"},{"name":"$graph","description":"Ein mit dem Feature verknüpfter Wissensgraph. Wenn kein Wissensgraph verfügbar ist, entspricht dies einem NULL-Wert.","type":"knowledgeGraph"},{"name":"$view","type":"dictionary","description":"Über die Ansicht verfügbare Eigenschaften.","properties":[{"name":"scale","type":"number","description":"Gibt den Kartenmaßstab zum Zeitpunkt der Ausdrucksausführung zurück."},{"name":"timeProperties","type":"dictionary","properties":[{"name":"currentStart","type":"date","description":"Die Startzeit des Zeitraums der Karte, wie durch eine Zeitschiebereglerkomponente zum Zeitpunkt der Auswertung des Ausdrucks angegeben. Dieser Wert wird dynamisch aktualisiert (und kann die erneute Ausführung des Arcade-Ausdrucks auslösen), wenn ein Zeitschieberegler verwendet wird, um zeitbezogene Pop-ups basierend auf dem Datumsfeld zu aktualisieren. Ein NULL-Wert gibt an, dass die Startzeit inklusive ist, ab dem Beginn der Zeit."},{"name":"currentEnd","type":"date","description":"Die Endzeit des Zeitraums der Karte, wie durch eine Zeitschiebereglerkomponente zum Zeitpunkt der Auswertung des Ausdrucks angegeben. Dieser Wert wird dynamisch aktualisiert (und kann die erneute Ausführung des Arcade-Ausdrucks auslösen), wenn ein Zeitschieberegler verwendet wird, um zeitbezogene Pop-ups basierend auf dem Datumsfeld zu aktualisieren. Ein NULL-Wert gibt an, dass die Endzeit unendlich ist und es kein Ende gibt."},{"name":"startIncluded","type":"boolean","description":"Gibt an, ob das Datum `currentStart` im aktuellen Zeitraum der Karte enthalten ist."},{"name":"endIncluded","type":"boolean","description":"Gibt an, ob das Datum `currentEnd` im aktuellen Zeitraum der Karte enthalten ist."}],"description":""}]}]},{"name":"Popup feature reduction","id":"popup-feature-reduction","bundles":["core","data-access","geometry","portal-access"],"variables":[{"name":"$feature","type":"feature","description":"Gewährt Zugriff auf die Aggregatfelder, die in Cluster-Bildungs- oder Binning-Pop-ups definiert sind."},{"name":"$aggregatedFeatures","description":"Ein FeatureSet mit allen Features, die durch das Cluster oder den Abschnitt dargestellt werden.","type":"featureSet"},{"name":"$view","type":"dictionary","description":"Über die Ansicht verfügbare Eigenschaften.","properties":[{"name":"scale","type":"number","description":"Gibt den Kartenmaßstab zum Zeitpunkt der Ausdrucksausführung zurück."},{"name":"timeProperties","type":"dictionary","properties":[{"name":"currentStart","type":"date","description":"Die Startzeit des Zeitraums der Karte, wie durch eine Zeitschiebereglerkomponente zum Zeitpunkt der Auswertung des Ausdrucks angegeben. Dieser Wert wird dynamisch aktualisiert (und kann die erneute Ausführung des Arcade-Ausdrucks auslösen), wenn ein Zeitschieberegler verwendet wird, um zeitbezogene Pop-ups basierend auf dem Datumsfeld zu aktualisieren. Ein NULL-Wert gibt an, dass die Startzeit inklusive ist, ab dem Beginn der Zeit."},{"name":"currentEnd","type":"date","description":"Die Endzeit des Zeitraums der Karte, wie durch eine Zeitschiebereglerkomponente zum Zeitpunkt der Auswertung des Ausdrucks angegeben. Dieser Wert wird dynamisch aktualisiert (und kann die erneute Ausführung des Arcade-Ausdrucks auslösen), wenn ein Zeitschieberegler verwendet wird, um zeitbezogene Pop-ups basierend auf dem Datumsfeld zu aktualisieren. Ein NULL-Wert gibt an, dass die Endzeit unendlich ist und es kein Ende gibt."},{"name":"startIncluded","type":"boolean","description":"Gibt an, ob das Datum `currentStart` im aktuellen Zeitraum der Karte enthalten ist."},{"name":"endIncluded","type":"boolean","description":"Gibt an, ob das Datum `currentEnd` im aktuellen Zeitraum der Karte enthalten ist."}],"description":""}]}]},{"name":"Popup element feature reduction","id":"popup-element-feature-reduction","bundles":["core","data-access","geometry","portal-access"],"variables":[{"name":"$feature","type":"feature","description":"Gewährt Zugriff auf die Aggregatfelder, die in Cluster-Bildungs- oder Binning-Pop-ups definiert sind."},{"name":"$aggregatedFeatures","description":"Ein FeatureSet mit allen Features, die durch das Cluster oder den Abschnitt dargestellt werden.","type":"featureSet"},{"name":"$view","type":"dictionary","description":"Über die Ansicht verfügbare Eigenschaften.","properties":[{"name":"scale","type":"number","description":"Gibt den Kartenmaßstab zum Zeitpunkt der Ausdrucksausführung zurück."},{"name":"timeProperties","type":"dictionary","properties":[{"name":"currentStart","type":"date","description":"Die Startzeit des Zeitraums der Karte, wie durch eine Zeitschiebereglerkomponente zum Zeitpunkt der Auswertung des Ausdrucks angegeben. Dieser Wert wird dynamisch aktualisiert (und kann die erneute Ausführung des Arcade-Ausdrucks auslösen), wenn ein Zeitschieberegler verwendet wird, um zeitbezogene Pop-ups basierend auf dem Datumsfeld zu aktualisieren. Ein NULL-Wert gibt an, dass die Startzeit inklusive ist, ab dem Beginn der Zeit."},{"name":"currentEnd","type":"date","description":"Die Endzeit des Zeitraums der Karte, wie durch eine Zeitschiebereglerkomponente zum Zeitpunkt der Auswertung des Ausdrucks angegeben. Dieser Wert wird dynamisch aktualisiert (und kann die erneute Ausführung des Arcade-Ausdrucks auslösen), wenn ein Zeitschieberegler verwendet wird, um zeitbezogene Pop-ups basierend auf dem Datumsfeld zu aktualisieren. Ein NULL-Wert gibt an, dass die Endzeit unendlich ist und es kein Ende gibt."},{"name":"startIncluded","type":"boolean","description":"Gibt an, ob das Datum `currentStart` im aktuellen Zeitraum der Karte enthalten ist."},{"name":"endIncluded","type":"boolean","description":"Gibt an, ob das Datum `currentEnd` im aktuellen Zeitraum der Karte enthalten ist."}],"description":""}]}]},{"name":"Quick Capture","id":"quick-capture","bundles":["core","data-access","geometry","portal-access"],"variables":[{"name":"$feature","type":"feature","description":"Macht die Feature-Attribute für die Verwendung in der Berechnung verfügbar."},{"name":"$layer","type":"featureSet","description":"Eine Sammlung von Features in demselben Layer wie $feature."},{"name":"$datastore","type":"featureSetCollection","description":"Eine Sammlung von Layern in demselben Feature-Service oder in derselben Datenbank wie $feature."},{"name":"$map","type":"featureSetCollection","description":"Eine Sammlung von Feature-Service-Layern in der Karte, die vom QuickCapture-Projekt verwendet wird. Diese Variable kann NULL sein."}]},{"name":"Tasks","id":"tasks","bundles":["core","data-access","geometry","portal-access"],"variables":[{"name":"$feature","description":"Das vom Task ausgewertete Feature.","type":"feature"},{"name":"$datastore","description":"Eine Sammlung von Layern in demselben Feature-Service oder in derselben Datenbank wie das vom Task ausgewertete $feature.","type":"featureSetCollection"}]},{"name":"Velocity","id":"velocity","bundles":["core","geometry","track"],"variables":[{"name":"$feature","type":"feature","description":"In Analysewerkzeugen mit einer Eingabe das Feature, für das die Berechnung, Auswertung oder Operation ausgeführt wird."},{"name":"$target","type":"feature","description":"In Analysewerkzeugen mit zwei Eingaben das Feature, das zur Filterung oder Anreicherung ausgewertet wird."},{"name":"$join","type":"feature","description":"In Analysewerkzeugen mit zwei Eingaben das Feature, aus dem die Werte für die Auswertung oder Anreicherung des Ziel-Features stammen."},{"name":"$analytic","type":"dictionary","description":"Zeitwerte, die mit der Analyse in Zusammenhang stehen, z. B. Startzeit, Endzeit der letzten Ausführung etc.","properties":[]}]},{"name":"Visualization","id":"visualization","bundles":["core","geometry"],"variables":[{"name":"$feature","description":"Das auf der Karte darzustellende Feature.","type":"feature"},{"name":"$view","type":"dictionary","description":"Über die Ansicht verfügbare Eigenschaften.","properties":[{"name":"scale","type":"number","description":"Gibt den Kartenmaßstab zum Zeitpunkt der Ausdrucksausführung zurück."},{"name":"timeProperties","type":"dictionary","properties":[{"name":"currentStart","type":"date","description":"Die Startzeit des Zeitraums der Karte, wie durch eine Zeitschiebereglerkomponente zum Zeitpunkt der Auswertung des Ausdrucks angegeben. Dieser Wert wird dynamisch aktualisiert (und kann die erneute Ausführung des Arcade-Ausdrucks auslösen), wenn ein Zeitschieberegler verwendet wird, um zeitabhängige Visualisierungen basierend auf dem Datumsfeld zu aktualisieren. Ein NULL-Wert gibt an, dass die Startzeit inklusive ist, ab dem Beginn der Zeit."},{"name":"currentEnd","type":"date","description":"Die Endzeit des Zeitraums der Karte, wie durch eine Zeitschiebereglerkomponente zum Zeitpunkt der Auswertung des Ausdrucks angegeben. Dieser Wert wird dynamisch aktualisiert (und kann die erneute Ausführung des Arcade-Ausdrucks auslösen), wenn ein Zeitschieberegler verwendet wird, um zeitabhängige Visualisierungen basierend auf dem Datumsfeld zu aktualisieren. Ein NULL-Wert gibt an, dass die Endzeit unendlich ist und es kein Ende gibt."},{"name":"startIncluded","type":"boolean","description":"Gibt an, ob das Datum `currentStart` im aktuellen Zeitraum der Karte enthalten ist."},{"name":"endIncluded","type":"boolean","description":"Gibt an, ob das Datum `currentEnd` im aktuellen Zeitraum der Karte enthalten ist."}],"description":""}]}]},{"name":"Voxel popup","id":"popup-voxel","bundles":["core"],"variables":[{"name":"$voxel","type":"voxel","description":"Gewährt Zugriff auf die Attribute des Voxels, dessen Pop-up in der Szene angezeigt wird."}]},{"name":"Voxel popup element","id":"popup-element-voxel","bundles":["core"],"variables":[{"name":"$voxel","type":"voxel","description":"Gewährt Zugriff auf die Attribute des Voxels, dessen Pop-up in der Szene angezeigt wird."}]}]