[{"name":"Minimalist","id":"minimalist","bundles":["core","data-access","geometry","portal-access"],"variables":[]},{"name":"Aggregate Field","id":"aggregate-field","bundles":["core","geometry"],"variables":[{"name":"$feature","description":"Индивидуална характеристика, включена в общ обект. Това осигурява достъп до всички атрибути на полето на обекта.","type":"feature"}]},{"name":"Alias","id":"alias","bundles":["core","geometry"],"variables":[{"name":"$value","type":"number","description":"Числовата стойност, за която се иска текстов псевдоним."},{"name":"$feature","type":"feature","description":"Обектът, за който се иска текстов псевдоним."}]},{"name":"Attribute rule calculation","id":"attribute-rule-calculation","bundles":["core","data-access","database","geometry","portal-access","ai"],"variables":[{"name":"$feature","type":"feature","description":"Обектът, който се изчислява."},{"name":"$originalFeature","type":"feature","description":"Предишното състояние на изчислявания обект."},{"name":"$featureSet","type":"featureSet","description":"Колекция от обекти в същата таблица като $feature, оценяваща израза."},{"name":"$datastore","type":"featureSetCollection","description":"Колекция от слоеве в същата услуга с обекти или база данни като $feature, изпълняваща скрипта."},{"name":"$editcontext","type":"dictionary","properties":[{"name":"editType","type":"text","description":"Показва дали събитието за редактиране е INSERT (ВМЪКВАНЕ), UPDATE (ОБНОВЯВАНЕ), DELETE (ИЗТРИВАНЕ) или NA (не е приложимо)."}],"description":""}]},{"name":"Attribute rule constraint","id":"attribute-rule-constraint","bundles":["core","data-access","geometry","portal-access"],"variables":[{"name":"$feature","type":"feature","description":"Обектът, който се изчислява."},{"name":"$originalFeature","type":"feature","description":"Предишното състояние на изчислявания обект."},{"name":"$featureSet","type":"featureSet","description":"Колекция от обекти в същата таблица като $feature, оценяваща израза."},{"name":"$datastore","type":"featureSetCollection","description":"Колекция от слоеве в същата услуга с обекти или база данни като $feature, изпълняваща скрипта."},{"name":"$editcontext","type":"dictionary","properties":[{"name":"editType","type":"text","description":"Показва дали събитието за редактиране е INSERT (ВМЪКВАНЕ), UPDATE (ОБНОВЯВАНЕ), DELETE (ИЗТРИВАНЕ) или NA (не е приложимо)."}],"description":""}]},{"name":"Attribute rule validation","id":"attribute-rule-validation","bundles":["core","data-access","geometry","portal-access"],"variables":[{"name":"$feature","type":"feature","description":"Обектът, който се изчислява."},{"name":"$featureSet","type":"featureSet","description":"Колекция от обекти в същата таблица като $feature, оценяваща израза."},{"name":"$datastore","type":"featureSetCollection","description":"Колекция от слоеве в същата услуга с обекти или база данни като $feature, изпълняваща скрипта."}]},{"name":"Dashboard indicator formatting","id":"dashboard-indicator-formatting","bundles":["core"],"variables":[{"name":"$datapoint","type":"feature","description":"Точката от данни, която се оценява за визуалния елемент."},{"name":"$reference","type":"dictionary","description":"Референтната стойност, която се оценява за визуалния елемент.","properties":[]}]},{"name":"Dashboard list formatting","id":"dashboard-list-formatting","bundles":["core"],"variables":[{"name":"$datapoint","type":"feature","description":"Точката от данни, която се оценява за визуалния елемент."}]},{"name":"Dashboard table formatting","id":"dashboard-table-formatting","bundles":["core"],"variables":[{"name":"$datapoint","type":"feature","description":"Точката от данни, която се оценява за визуалния елемент."},{"name":"$rowindex","type":"number","description":"Позицията на ред в таблицата (на база нула)."}]},{"name":"Dashboard data","id":"dashboard-data","bundles":["core","geometry","data-access","portal-access","knowledge-graph"],"variables":[]},{"name":"Data Pipelines","id":"data-pipelines","bundles":["core"],"variables":[{"name":"$record","type":"dictionary","description":"Осигурява достъп до стойностите на атрибута/полето на записа, който се изчислява.","properties":[]}]},{"name":"Dictionary renderer","id":"dictionary-renderer","bundles":["core","geometry"],"variables":[{"name":"$feature","type":"feature","description":"Обектът, който трябва да бъде начертан на картата."},{"name":"$config","type":"dictionary","description":"Речник на конфигурационните стойности.","properties":[]}]},{"name":"Experience Builder data","id":"experience-builder-data","bundles":["core","data-access","geometry","portal-access"],"variables":[]},{"name":"Experience Builder list item widget formatting","id":"experience-builder-list-item-widget-formatting","bundles":["core"],"variables":[{"name":"$feature","type":"feature","description":"Представлява oбект в елемента от списъка."}]},{"name":"Experience Builder widget formatting","id":"experience-builder-widget-formatting","bundles":["core","data-access"],"variables":[{"name":"$dataSources","type":"dictionary","description":"Източниците на данни, използвани от изпълнимия модул. Това е речник, съдържащ двойки ключ-стойност, където всеки ключ е идентификатор на източник на данни (напр. `dataSource_1-187acf797e1-layer-5-selection`).","properties":[]}]},{"name":"Feature Display Title","id":"feature-display-title","bundles":["core"],"variables":[{"name":"$feature","type":"feature","description":"Обектът или редът, за който се показва заглавие в потребителския интерфейс."}]},{"name":"Feature Z","id":"feature-z","bundles":["core","geometry"],"variables":[{"name":"$feature","type":"feature","description":"Обектът, изискващ Z стойност."}]},{"name":"Field calculation","id":"field-calculation","bundles":["core","data-access","geometry","portal-access","knowledge-graph","ai"],"variables":[{"name":"$feature","type":"feature","description":"Обектът, който се изчислява."},{"name":"$datastore","type":"featureSetCollection","description":"Колекция от слоеве в същата услуга с обекти или база данни като $feature, изпълняваща изчисляването."}]},{"name":"Field mapping","id":"field-mapping","bundles":["core","data-access","geometry","portal-access"],"variables":[{"name":"$sourceFeature","type":"feature","description":"Обектът източник за картата на полето."},{"name":"$targetFeature","type":"feature","description":"Обектът-цел за картното поле."},{"name":"$sourceLayer","type":"featureSet","description":"Колекция от обекти в същия слой като $sourcefeature."},{"name":"$targetLayer","type":"featureSet","description":"Колекция от обекти в същия слой като $targetfeature."},{"name":"$map","type":"featureSetCollection","description":"Колекция от слоеве в картата на изпълняващия се аркаден израз."},{"name":"$sourceDatastore","type":"featureSetCollection","description":"Колекция от слоеве в същото хранилище за данни като $sourcelayer."},{"name":"$targetDatastore","type":"featureSetCollection","description":"Колекция от слоеве в същото хранилище за данни като $targetlayer."}]},{"name":"Form Attachment Filename Calculation","id":"form-attachment-filename-calculation","bundles":["core","data-access","geometry","portal-access"],"variables":[{"name":"$feature","type":"feature","description":"й_The feature being calculated______________________________й."},{"name":"$originalFeature","type":"feature","description":"й_The previous state of the feature being calculated___________________________й."},{"name":"$layer","type":"featureSet","description":"й_A collection of features in the same layer as $feature_____________________________й."},{"name":"$datastore","type":"featureSetCollection","description":"й_A collection of layers in the same feature service or database as $feature_______________________________________й."},{"name":"$featureset","type":"featureSet","description":"й_A collection of features in the same table as $feature_____________________________й."},{"name":"$map","type":"featureSetCollection","description":"й_A collection of feature service layers in the same map as $feature___________________________________й."},{"name":"$formElement","type":"dictionary","description":"й_Information associated with the form element________________________й.","properties":[{"name":"attachmentKeyword","type":"text","description":"й_A text value identifying the content of the attachment. When a file is attached using the form, this property can be used in determining a new filename for the attachment_______________________________________________________________________________________й."},{"name":"label","type":"text","description":"й_A text value indicating what the element represents___________________________й."},{"name":"description","type":"text","description":"й_A text value that describes the element in detail__________________________й."}]}]},{"name":"Form calculation","id":"form-calculation","bundles":["core","data-access","geometry","portal-access","ai"],"variables":[{"name":"$feature","type":"feature","description":"Излага атрибутите на обекта за използване в изчислението"},{"name":"$originalFeature","type":"feature","description":"Предишното състояние на изчислявания обект."},{"name":"$layer","type":"featureSet","description":"Колекция от обекти в същия слой като $feature."},{"name":"$datastore","type":"featureSetCollection","description":"Колекция от слоеве в същата услуга с обекти или база данни като $feature."},{"name":"$featureset","type":"featureSet","description":"Колекция от обекти в същата таблица като $feature."},{"name":"$map","type":"featureSetCollection","description":"Колекция от слоеве за услуга с обекти в същата карта като $feature."},{"name":"$editcontext","type":"dictionary","properties":[{"name":"editType","type":"text","description":"Показва дали събитието за редактиране е INSERT (ВМЪКВАНЕ), UPDATE (ОБНОВЯВАНЕ), DELETE (ИЗТРИВАНЕ) или NA (не е приложимо)."}],"description":""}]},{"name":"Form Constraint","id":"form-constraint","bundles":["core","geometry","data-access","portal-access"],"variables":[{"name":"$feature","type":"feature","description":"Обектът, който се оценява за ограничението."},{"name":"$originalFeature","type":"feature","description":"Предишното състояние на обекта."},{"name":"$layer","type":"featureSet","description":"Колекция от обекти в същия слой като $feature."},{"name":"$datastore","type":"featureSetCollection","description":"Колекция от слоеве в същата услуга с обекти или база данни като $feature."},{"name":"$featureset","type":"featureSet","description":"Колекция от обекти в същата таблица като $feature."},{"name":"$map","type":"featureSetCollection","description":"Колекция от слоеве за услуга с обекти в същата карта като $feature."},{"name":"$editcontext","type":"dictionary","properties":[{"name":"editType","type":"text","description":"Показва дали събитието за редактиране е INSERT (ВМЪКВАНЕ), UPDATE (ОБНОВЯВАНЕ), DELETE (ИЗТРИВАНЕ) или NA (не е приложимо)."}],"description":""}]},{"name":"Geoanalytics","id":"geoanalytics","bundles":["core","geometry","track"],"variables":[{"name":"$feature","type":"feature","description":"Обектът, който се изчислява."}]},{"name":"Geotrigger notification","id":"geotrigger-notification","bundles":["core","geometry","data-access"],"variables":[{"name":"$feedFeature","type":"feature","description":"Входните данни (напр. местоположение на устройство или обект), които са причина за активирането на Geotrigger. Този обект трябва да включва геометрия (обикновено точка) и фиксирана схема със следните свойства: „курс“ (курс на местоположението в градуси по посока на часовниковата стрелка, като 0 е истински север) и „хоризонтална точност“ (хоризонталната точност на местоположението в метри)."},{"name":"$fenceFeature","type":"feature","description":"Обектът за ограда (напр. област на интерес), който е влязъл или излязъл и е причинил активирането на Geotrigger."},{"name":"$fenceLayer","type":"featureSet","description":"Колекция от обекти в същия слой като $fenceFeature."},{"name":"$fenceNotificationType","type":"text","description":"Описание на събитието, което се е случило - „влизане“, или „излизане“."}]},{"name":"Imagery popup","id":"popup-imagery","bundles":["core","geometry"],"variables":[{"name":"$pixel","type":"pixel","description":"й_The pixel value and other pixel-dependent information (e.g. classification category), including virtual raster fields, for the imagery layer currently displayed in the view________________________________________________________________________________________й."},{"name":"$imageCollectionItem","type":"feature","description":"й_The metadata of the selected image collection item containing the pixel represented by `$pixel`. This value will be `null` if there is no associated image collection____________________________________________________________________________________й."},{"name":"$view","type":"dictionary","description":"й_Properties available from the view___________________й.","properties":[{"name":"scale","type":"number","description":"й_Returns the scale of the map at the time the expression evaluates__________________________________й."},{"name":"timeProperties","type":"dictionary","properties":[{"name":"currentStart","type":"date","description":"й_The start time of the map's time extent as indicated by a time slider component at the time the expression evaluates. This value dynamically updates (and may trigger the re-execution of the Arcade expression) when a time slider is used to update time-aware popups based on date field. A `null` value indicates the start time is inclusive since the beginning of time________________________________________________________________________________________________________________________________________________________________________________________й."},{"name":"currentEnd","type":"date","description":"й_The end time of the map's time extent as indicated by a time slider component at the time the expression evaluates. This value dynamically updates (and may trigger the re-execution of the Arcade expression) when a time slider is used to update time-aware popups based on date field. A `null` value indicates the end time is indefinite with no end_______________________________________________________________________________________________________________________________________________________________________________й."},{"name":"startIncluded","type":"boolean","description":"й_Indicates if the `currentStart` date is included in the map's current time extent__________________________________________й."},{"name":"endIncluded","type":"boolean","description":"й_Indicates if the `currentEnd` date is included in the map's current time extent_________________________________________й."}],"description":""}]},{"name":"$userInput","description":"й_A geometry representing a user's input for a popup. Typically, this represents a location where the user clicked or tapped in a map to launch a popup. There may be cases where this value is a Point, an Extent, or `null` as popups are not always opened from map interaction. Therefore, it is advised to check the geometry type of this value before it is used____________________________________________________________________________________________________________________________________________________________________________________й.","type":"geometry"}]},{"name":"Imagery popup element","id":"popup-element-imagery","bundles":["core","geometry"],"variables":[{"name":"$pixel","type":"pixel","description":"й_The pixel value and other pixel-dependent information (e.g. classification category), including virtual raster fields, for the imagery layer currently displayed in the view________________________________________________________________________________________й."},{"name":"$imageCollectionItem","type":"feature","description":"й_The metadata of the selected image collection item containing the pixel represented by `$pixel`. This value will be `null` if there is no associated image collection____________________________________________________________________________________й."},{"name":"$view","type":"dictionary","description":"й_Properties available from the view___________________й.","properties":[{"name":"scale","type":"number","description":"й_Returns the scale of the map at the time the expression evaluates__________________________________й."},{"name":"timeProperties","type":"dictionary","properties":[{"name":"currentStart","type":"date","description":"й_The start time of the map's time extent as indicated by a time slider component at the time the expression evaluates. This value dynamically updates (and may trigger the re-execution of the Arcade expression) when a time slider is used to update time-aware popups based on date field. A `null` value indicates the start time is inclusive since the beginning of time________________________________________________________________________________________________________________________________________________________________________________________й."},{"name":"currentEnd","type":"date","description":"й_The end time of the map's time extent as indicated by a time slider component at the time the expression evaluates. This value dynamically updates (and may trigger the re-execution of the Arcade expression) when a time slider is used to update time-aware popups based on date field. A `null` value indicates the end time is indefinite with no end_______________________________________________________________________________________________________________________________________________________________________________й."},{"name":"startIncluded","type":"boolean","description":"й_Indicates if the `currentStart` date is included in the map's current time extent__________________________________________й."},{"name":"endIncluded","type":"boolean","description":"й_Indicates if the `currentEnd` date is included in the map's current time extent_________________________________________й."}],"description":""}]},{"name":"$userInput","description":"й_A geometry representing a user's input for a popup. Typically, this represents a location where the user clicked or tapped in a map to launch a popup. There may be cases where this value is a Point, an Extent, or `null` as popups are not always opened from map interaction. Therefore, it is advised to check the geometry type of this value before it is used____________________________________________________________________________________________________________________________________________________________________________________й.","type":"geometry"}]},{"name":"Labeling","id":"labeling","bundles":["core","geometry"],"variables":[{"name":"$feature","type":"feature","description":"Обектът, чийто надпис трябва да бъде начертан на картата."},{"name":"$view","type":"dictionary","description":"Свойства, достъпни от изгледа.","properties":[{"name":"scale","type":"number","description":"Връща мащаба на картата към момента, в който изразът изчислява."},{"name":"timeProperties","type":"dictionary","properties":[{"name":"currentStart","type":"date","description":"Началното време на времевия обхват на картата, както е посочено от компонента на плъзгача за време в момента на оценяване на израза. Тази стойност се актуализира динамично (и може да предизвика повторно изпълнение на израза на Arcade), когато се използва плъзгач за време за актуализиране на етикети с отчитане на времето въз основа на поле за дата. Стойност `null` означава, че началното време е включително от началото на времето."},{"name":"currentEnd","type":"date","description":"Крайното време на времевия обхват на картата, както е посочено от компонента на плъзгача за време в момента на оценяване на израза. Тази стойност се актуализира динамично (и може да предизвика повторно изпълнение на израза на Arcade), когато се използва плъзгач за време за актуализиране на етикети с отчитане на времето въз основа на поле за дата. Стойност `null` означава, че крайният срок е неопределен и няма край."},{"name":"startIncluded","type":"boolean","description":"Показва дали датата `currentStart` е включена в текущия времеви обхват на картата."},{"name":"endIncluded","type":"boolean","description":"Показва дали датата `currentEnd` е включена в текущия времеви обхват на картата."}],"description":""}]}]},{"name":"Layout","id":"layout","bundles":["core","geometry"],"variables":[{"name":"$feature","type":"feature","description":"Обектът, чиито стойности могат да бъдат показани в оформлението."}]},{"name":"Location update constraint","id":"location-update-constraint","bundles":["core","geometry"],"variables":[{"name":"$locationupdate","type":"dictionary","description":"Обектът за актуализиране на местоположението (напр. от GPS), който се оценява за ограничението.","properties":[{"name":"course","type":"number","description":"Курсът на местоположението в градуси по часовниковата стрелка, като 0 е истински север."},{"name":"horizontalaccuracy","type":"number","description":"Хоризонталната точност на местоположението в метри."},{"name":"verticalaccuracy","type":"number","description":"Вертикалната точност на местоположението в метри."},{"name":"velocity","type":"number","description":"Скоростта на местоположението в метри в секунда."}]}]},{"name":"Model Builder","id":"model-builder","bundles":["core","geometry","data-access","portal-access"],"variables":[{"name":"$variables","type":"dictionary","description":"Речник, съдържащ имена и стойности на променливи.","properties":[]}]},{"name":"Measure visualization","id":"measure-visualization","bundles":["core","geometry"],"variables":[{"name":"$measure","type":"number","description":"Интерполираната M-стойност за местоположението на маркера."},{"name":"$feature","type":"feature","description":"Обектът, който трябва да бъде начертан на картата."},{"name":"$view","type":"dictionary","properties":[{"name":"scale","type":"number","description":"Връща мащаба на картата към момента, в който изразът изчислява."}],"description":""}]},{"name":"Popup","id":"popup","bundles":["core","data-access","geometry","portal-access","knowledge-graph"],"variables":[{"name":"$feature","type":"feature","description":"Осигурява достъп до атрибутите и геометрията на обекта, чийто изскачащ прозорец трябва да се покаже в изгледа."},{"name":"$layer","description":"Колекция от обекти в същия слой като $feature, чийто изскачащ прозорец се показва в изгледа.","type":"featureSet"},{"name":"$map","description":"Колекция от слоеве в същата карта като $feature, чийто изскачащ прозорец се показва в изгледа. Тази стойност може да е \"null\" в случаите, когато с картата няма свързан изскачащ прозорец.","type":"featureSetCollection"},{"name":"$datastore","description":"Колекция от слоеве в същата услуга с обекти или база данни като $feature, чийто изскачащ прозорец се показва в изгледа.","type":"featureSetCollection"},{"name":"$userInput","description":"Геометрия, представяща въведеното от потребителя за изскачащ прозорец. Обикновено това представлява местоположение, където потребителят е натиснал или докоснал карта, за да стартира изскачащ прозорец. Може да има случаи, в които тази стойност е Точка, Степен или \"null\", тъй като изскачащите прозорци не винаги се отварят от взаимодействие с картата. Следователно е препоръчително да се провери типът геометрия на тази стойност, преди да се използва.","type":"geometry"},{"name":"$graph","description":"Диаграма knowledge graph, свързана с обекта. Ако няма налична диаграма knowledge graph, стойността ще бъде \"null\".","type":"knowledgeGraph"},{"name":"$view","type":"dictionary","description":"Свойства, достъпни от изгледа.","properties":[{"name":"scale","type":"number","description":"Връща мащаба на картата към момента, в който изразът изчислява."},{"name":"timeProperties","type":"dictionary","properties":[{"name":"currentStart","type":"date","description":"Началното време на времевия обхват на картата, както е посочено от компонента на плъзгача за време в момента на оценяване на израза. Тази стойност се актуализира динамично (и може да предизвика повторно изпълнение на израза на Arcade), когато се използва плъзгач за време за актуализиране на изскачащи прозорци с отчитане на времето въз основа на поле за дата. Стойност `null` означава, че началното време е включително от началото на времето."},{"name":"currentEnd","type":"date","description":"Крайното време на времевия обхват на картата, както е посочено от компонента на плъзгача за време в момента на оценяване на израза. Тази стойност се актуализира динамично (и може да предизвика повторно изпълнение на израза на Arcade), когато се използва плъзгач за време за актуализиране на изскачащи прозорци с отчитане на времето въз основа на поле за дата. Стойност `null` означава, че крайният срок е неопределен и няма край."},{"name":"startIncluded","type":"boolean","description":"Показва дали датата `currentStart` е включена в текущия времеви обхват на картата."},{"name":"endIncluded","type":"boolean","description":"Показва дали датата `currentEnd` е включена в текущия времеви обхват на картата."}],"description":""}]}]},{"name":"Popup element","id":"popup-element","bundles":["core","data-access","geometry","portal-access","knowledge-graph"],"variables":[{"name":"$feature","type":"feature","description":"Осигурява достъп до атрибутите и геометрията на обекта, чийто изскачащ прозорец трябва да се покаже в изгледа."},{"name":"$layer","description":"Колекция от обекти в същия слой като $feature, чийто изскачащ прозорец се показва в изгледа.","type":"featureSet"},{"name":"$map","description":"Колекция от слоеве в същата карта като $feature, чийто изскачащ прозорец се показва в изгледа. Тази стойност може да е \"null\" в случаите, когато с картата няма свързан изскачащ прозорец.","type":"featureSetCollection"},{"name":"$datastore","description":"Колекция от слоеве в същата услуга с обекти или база данни като $feature, чийто изскачащ прозорец се показва в изгледа.","type":"featureSetCollection"},{"name":"$userInput","description":"Геометрия, представяща въведеното от потребителя за изскачащ прозорец. Обикновено това представлява местоположение, където потребителят е натиснал или докоснал карта, за да стартира изскачащ прозорец. Може да има случаи, в които тази стойност е Точка, Степен или \"null\", тъй като изскачащите прозорци не винаги се отварят от взаимодействие с картата. Следователно е препоръчително да се провери типът геометрия на тази стойност, преди да се използва.","type":"geometry"},{"name":"$graph","description":"Диаграма knowledge graph, свързана с обекта. Ако няма налична диаграма knowledge graph, стойността ще бъде \"null\".","type":"knowledgeGraph"},{"name":"$view","type":"dictionary","description":"Свойства, достъпни от изгледа.","properties":[{"name":"scale","type":"number","description":"Връща мащаба на картата към момента, в който изразът изчислява."},{"name":"timeProperties","type":"dictionary","properties":[{"name":"currentStart","type":"date","description":"Началното време на времевия обхват на картата, както е посочено от компонента на плъзгача за време в момента на оценяване на израза. Тази стойност се актуализира динамично (и може да предизвика повторно изпълнение на израза на Arcade), когато се използва плъзгач за време за актуализиране на изскачащи прозорци с отчитане на времето въз основа на поле за дата. Стойност `null` означава, че началното време е включително от началото на времето."},{"name":"currentEnd","type":"date","description":"Крайното време на времевия обхват на картата, както е посочено от компонента на плъзгача за време в момента на оценяване на израза. Тази стойност се актуализира динамично (и може да предизвика повторно изпълнение на израза на Arcade), когато се използва плъзгач за време за актуализиране на изскачащи прозорци с отчитане на времето въз основа на поле за дата. Стойност `null` означава, че крайният срок е неопределен и няма край."},{"name":"startIncluded","type":"boolean","description":"Показва дали датата `currentStart` е включена в текущия времеви обхват на картата."},{"name":"endIncluded","type":"boolean","description":"Показва дали датата `currentEnd` е включена в текущия времеви обхват на картата."}],"description":""}]}]},{"name":"Popup feature reduction","id":"popup-feature-reduction","bundles":["core","data-access","geometry","portal-access"],"variables":[{"name":"$feature","type":"feature","description":"Осигурява достъп до обобщените полета, дефинирани в изскачащи прозорци за групиране по общ признак или обединяване."},{"name":"$aggregatedFeatures","description":"FeatureSet, съдържащ всички обекти, представени от клъстера или клетката.","type":"featureSet"},{"name":"$view","type":"dictionary","description":"Свойства, достъпни от изгледа.","properties":[{"name":"scale","type":"number","description":"Връща мащаба на картата към момента, в който изразът изчислява."},{"name":"timeProperties","type":"dictionary","properties":[{"name":"currentStart","type":"date","description":"Началното време на времевия обхват на картата, както е посочено от компонента на плъзгача за време в момента на оценяване на израза. Тази стойност се актуализира динамично (и може да предизвика повторно изпълнение на израза на Arcade), когато се използва плъзгач за време за актуализиране на изскачащи прозорци с отчитане на времето въз основа на поле за дата. Стойност `null` означава, че началното време е включително от началото на времето."},{"name":"currentEnd","type":"date","description":"Крайното време на времевия обхват на картата, както е посочено от компонента на плъзгача за време в момента на оценяване на израза. Тази стойност се актуализира динамично (и може да предизвика повторно изпълнение на израза на Arcade), когато се използва плъзгач за време за актуализиране на изскачащи прозорци с отчитане на времето въз основа на поле за дата. Стойност `null` означава, че крайният срок е неопределен и няма край."},{"name":"startIncluded","type":"boolean","description":"Показва дали датата `currentStart` е включена в текущия времеви обхват на картата."},{"name":"endIncluded","type":"boolean","description":"Показва дали датата `currentEnd` е включена в текущия времеви обхват на картата."}],"description":""}]}]},{"name":"Popup element feature reduction","id":"popup-element-feature-reduction","bundles":["core","data-access","geometry","portal-access"],"variables":[{"name":"$feature","type":"feature","description":"Осигурява достъп до обобщените полета, дефинирани в изскачащи прозорци за групиране по общ признак или обединяване."},{"name":"$aggregatedFeatures","description":"FeatureSet, съдържащ всички обекти, представени от клъстера или клетката.","type":"featureSet"},{"name":"$view","type":"dictionary","description":"Свойства, достъпни от изгледа.","properties":[{"name":"scale","type":"number","description":"Връща мащаба на картата към момента, в който изразът изчислява."},{"name":"timeProperties","type":"dictionary","properties":[{"name":"currentStart","type":"date","description":"Началното време на времевия обхват на картата, както е посочено от компонента на плъзгача за време в момента на оценяване на израза. Тази стойност се актуализира динамично (и може да предизвика повторно изпълнение на израза на Arcade), когато се използва плъзгач за време за актуализиране на изскачащи прозорци с отчитане на времето въз основа на поле за дата. Стойност `null` означава, че началното време е включително от началото на времето."},{"name":"currentEnd","type":"date","description":"Крайното време на времевия обхват на картата, както е посочено от компонента на плъзгача за време в момента на оценяване на израза. Тази стойност се актуализира динамично (и може да предизвика повторно изпълнение на израза на Arcade), когато се използва плъзгач за време за актуализиране на изскачащи прозорци с отчитане на времето въз основа на поле за дата. Стойност `null` означава, че крайният срок е неопределен и няма край."},{"name":"startIncluded","type":"boolean","description":"Показва дали датата `currentStart` е включена в текущия времеви обхват на картата."},{"name":"endIncluded","type":"boolean","description":"Показва дали датата `currentEnd` е включена в текущия времеви обхват на картата."}],"description":""}]}]},{"name":"Quick Capture","id":"quick-capture","bundles":["core","data-access","geometry","portal-access"],"variables":[{"name":"$feature","type":"feature","description":"Излага атрибутите на обекта за използване в изчислението"},{"name":"$layer","type":"featureSet","description":"Колекция от обекти в същия слой като $feature."},{"name":"$datastore","type":"featureSetCollection","description":"Колекция от слоеве в същата услуга с обекти или база данни като $feature."},{"name":"$map","type":"featureSetCollection","description":"Колекция от слоеве за услуга с обекти в картата, използвана от проекта QuickCapture. Тази променлива може да е \"null\"."}]},{"name":"Tasks","id":"tasks","bundles":["core","data-access","geometry","portal-access"],"variables":[{"name":"$feature","description":"Обектът, който се оценява от задачата.","type":"feature"},{"name":"$datastore","description":"Колекция от слоеве в същата услуга с обекти или база данни като $feature, която се оценява от задачата.","type":"featureSetCollection"}]},{"name":"Velocity","id":"velocity","bundles":["core","geometry","track"],"variables":[{"name":"$feature","type":"feature","description":"В аналитични инструменти с единични входове, обектът, който се изчислява, оценява или с който се работи."},{"name":"$target","type":"feature","description":"В аналитични инструменти с два входа, обектът се оценява за филтриране или обогатяване."},{"name":"$join","type":"feature","description":"В аналитични инструменти с два входа, обектът предоставя стойности за оценка или обогатяване на целевия обект."},{"name":"$analytic","type":"dictionary","description":"Времеви стойности, свързани с анализа, като начален час, последен краен час и т.н.","properties":[]}]},{"name":"Visualization","id":"visualization","bundles":["core","geometry"],"variables":[{"name":"$feature","description":"Обектът, който трябва да бъде начертан на картата.","type":"feature"},{"name":"$view","type":"dictionary","description":"Свойства, достъпни от изгледа.","properties":[{"name":"scale","type":"number","description":"Връща мащаба на картата към момента, в който изразът изчислява."},{"name":"timeProperties","type":"dictionary","properties":[{"name":"currentStart","type":"date","description":"Началното време на времевия обхват на картата, както е посочено от компонента на плъзгача за време в момента на оценяване на израза. Тази стойност се актуализира динамично (и може да предизвика повторно изпълнение на израза на Arcade), когато се използва плъзгач за време за актуализиране на визуализации с отчитане на времето въз основа на поле за дата. Стойност `null` означава, че началното време е включително от началото на времето."},{"name":"currentEnd","type":"date","description":"Крайното време на времевия обхват на картата, както е посочено от компонента на плъзгача за време в момента на оценяване на израза. Тази стойност се актуализира динамично (и може да предизвика повторно изпълнение на израза на Arcade), когато се използва плъзгач за време за актуализиране на визуализации с отчитане на времето въз основа на поле за дата. Стойност `null` означава, че крайният срок е неопределен и няма край."},{"name":"startIncluded","type":"boolean","description":"Показва дали датата `currentStart` е включена в текущия времеви обхват на картата."},{"name":"endIncluded","type":"boolean","description":"Показва дали датата `currentEnd` е включена в текущия времеви обхват на картата."}],"description":""}]}]},{"name":"Voxel popup","id":"popup-voxel","bundles":["core"],"variables":[{"name":"$voxel","type":"voxel","description":"Осигурява достъп до атрибутите на воксела, чийто изскачащ прозорец трябва да се покаже на сцената."}]},{"name":"Voxel popup element","id":"popup-element-voxel","bundles":["core"],"variables":[{"name":"$voxel","type":"voxel","description":"Осигурява достъп до атрибутите на воксела, чийто изскачащ прозорец трябва да се покаже на сцената."}]}]