[{"name":"Minimalist","id":"minimalist","bundles":["core","data-access","geometry","portal-access"],"variables":[]},{"name":"Aggregate Field","id":"aggregate-field","bundles":["core","geometry"],"variables":[{"name":"$feature","description":"Ένα μεμονωμένο γνώρισμα που περιλαμβάνεται σε μια συνάθροιση γνωρισμάτων. Αυτό παρέχει πρόσβαση σε όλα τα χαρακτηριστικά πεδίου του γνωρίσματος.","type":"feature"}]},{"name":"Alias","id":"alias","bundles":["core","geometry"],"variables":[{"name":"$value","type":"number","description":"Η αριθμητική τιμή για την οποία είναι επιθυμητό ένα ψευδώνυμο κειμένου."},{"name":"$feature","type":"feature","description":"Το στοιχείο για το οποίο επιθυμείτε ένα ψευδώνυμο κειμένου."}]},{"name":"Attribute rule calculation","id":"attribute-rule-calculation","bundles":["core","data-access","database","geometry","portal-access","ai"],"variables":[{"name":"$feature","type":"feature","description":"Το γνώρισμα που υπολογίζεται."},{"name":"$originalFeature","type":"feature","description":"Υπολογίζεται η προηγούμενη κατάσταση του γνωρίσματος."},{"name":"$featureSet","type":"featureSet","description":"Μια συλλογή γνωρισμάτων στον ίδιο πίνακα με το $feature που αξιολογεί την έκφραση."},{"name":"$datastore","type":"featureSetCollection","description":"Μια συλλογή θεματικών επιπέδων στην ίδια feature service ή database με το $feature που εκτελεί τη δέσμη ενεργειών."},{"name":"$editcontext","type":"dictionary","properties":[{"name":"editType","type":"text","description":"Υποδεικνύει εάν το συμβάν επεξεργασίας είναι ΕΙΣΑΓΩΓΗ, ΕΝΗΜΕΡΩΣΗ, ΔΙΑΓΡΑΦΗ ή Δ/Υ (δεν ισχύει)."}],"description":""}]},{"name":"Attribute rule constraint","id":"attribute-rule-constraint","bundles":["core","data-access","geometry","portal-access"],"variables":[{"name":"$feature","type":"feature","description":"Το γνώρισμα που υπολογίζεται."},{"name":"$originalFeature","type":"feature","description":"Υπολογίζεται η προηγούμενη κατάσταση του γνωρίσματος."},{"name":"$featureSet","type":"featureSet","description":"Μια συλλογή γνωρισμάτων στον ίδιο πίνακα με το $feature που αξιολογεί την έκφραση."},{"name":"$datastore","type":"featureSetCollection","description":"Μια συλλογή θεματικών επιπέδων στην ίδια feature service ή database με το $feature που εκτελεί τη δέσμη ενεργειών."},{"name":"$editcontext","type":"dictionary","properties":[{"name":"editType","type":"text","description":"Υποδεικνύει εάν το συμβάν επεξεργασίας είναι ΕΙΣΑΓΩΓΗ, ΕΝΗΜΕΡΩΣΗ, ΔΙΑΓΡΑΦΗ ή Δ/Υ (δεν ισχύει)."}],"description":""}]},{"name":"Attribute rule validation","id":"attribute-rule-validation","bundles":["core","data-access","geometry","portal-access"],"variables":[{"name":"$feature","type":"feature","description":"Το γνώρισμα που υπολογίζεται."},{"name":"$featureSet","type":"featureSet","description":"Μια συλλογή γνωρισμάτων στον ίδιο πίνακα με το $feature που αξιολογεί την έκφραση."},{"name":"$datastore","type":"featureSetCollection","description":"Μια συλλογή θεματικών επιπέδων στην ίδια feature service ή database με το $feature που εκτελεί τη δέσμη ενεργειών."}]},{"name":"Dashboard indicator formatting","id":"dashboard-indicator-formatting","bundles":["core"],"variables":[{"name":"$datapoint","type":"feature","description":"Το σημείο δεδομένων που αξιολογείται για το οπτικό στοιχείο."},{"name":"$reference","type":"dictionary","description":"Η τιμή αναφοράς που αξιολογείται για το οπτικό στοιχείο.","properties":[]}]},{"name":"Dashboard list formatting","id":"dashboard-list-formatting","bundles":["core"],"variables":[{"name":"$datapoint","type":"feature","description":"Το σημείο δεδομένων που αξιολογείται για το οπτικό στοιχείο."}]},{"name":"Dashboard table formatting","id":"dashboard-table-formatting","bundles":["core"],"variables":[{"name":"$datapoint","type":"feature","description":"Το σημείο δεδομένων που αξιολογείται για το οπτικό στοιχείο."},{"name":"$rowindex","type":"number","description":"Η θέση μιας σειράς στον πίνακα (με βάση το μηδέν)."}]},{"name":"Dashboard data","id":"dashboard-data","bundles":["core","geometry","data-access","portal-access","knowledge-graph"],"variables":[]},{"name":"Data Pipelines","id":"data-pipelines","bundles":["core"],"variables":[{"name":"$record","type":"dictionary","description":"Παρέχει πρόσβαση σε τιμές γνωρισμάτων/πεδίων της εγγραφής που υπολογίζεται.","properties":[]}]},{"name":"Dictionary renderer","id":"dictionary-renderer","bundles":["core","geometry"],"variables":[{"name":"$feature","type":"feature","description":"Το γνώρισμα που πρόκειται να σχεδιαστεί στον χάρτη."},{"name":"$config","type":"dictionary","description":"Ένα λεξικό τιμών διαμόρφωσης.","properties":[]}]},{"name":"Experience Builder data","id":"experience-builder-data","bundles":["core","data-access","geometry","portal-access"],"variables":[]},{"name":"Experience Builder list item widget formatting","id":"experience-builder-list-item-widget-formatting","bundles":["core"],"variables":[{"name":"$feature","type":"feature","description":"Αντιπροσωπεύει το στοιχείο στο αντικείμενο λίστας."}]},{"name":"Experience Builder widget formatting","id":"experience-builder-widget-formatting","bundles":["core","data-access"],"variables":[{"name":"$dataSources","type":"dictionary","description":"Οι προελεύσεις δεδομένων που χρησιμοποιούνται από το widget. Αυτό είναι ένα λεξικό που περιέχει ζεύγη κλειδιού-τιμής, όπου κάθε κλειδί είναι ένα αναγνωριστικό προέλευσης δεδομένων (π.χ. `dataSource_1-187acf797e1-layer-5-selection`).","properties":[]}]},{"name":"Feature Display Title","id":"feature-display-title","bundles":["core"],"variables":[{"name":"$feature","type":"feature","description":"Το γνώρισμα, ή σειρά, για το οποίο πρέπει να εμφανιστεί ένας τίτλος στη διεπαφή χρήστη (UI)."}]},{"name":"Feature Z","id":"feature-z","bundles":["core","geometry"],"variables":[{"name":"$feature","type":"feature","description":"Το γνώρισμα που απαιτεί μία τιμή Ζ."}]},{"name":"Field calculation","id":"field-calculation","bundles":["core","data-access","geometry","portal-access","knowledge-graph","ai"],"variables":[{"name":"$feature","type":"feature","description":"Το γνώρισμα που υπολογίζεται."},{"name":"$datastore","type":"featureSetCollection","description":"Μια συλλογή θεματικών επιπέδων στην ίδια feature service ή database με το $feature που εκτελεί τον υπολογισμό."}]},{"name":"Field mapping","id":"field-mapping","bundles":["core","data-access","geometry","portal-access"],"variables":[{"name":"$sourceFeature","type":"feature","description":"Το γνώρισμα πηγής για τον χάρτη πεδίου."},{"name":"$targetFeature","type":"feature","description":"Το γνώρισμα προορισμού για τον χάρτη πεδίου."},{"name":"$sourceLayer","type":"featureSet","description":"Μια συλλογή γνωρισμάτων στο ίδιο θεματικό επίπεδο με το $sourcefeature."},{"name":"$targetLayer","type":"featureSet","description":"Μια συλλογή γνωρισμάτων στο ίδιο θεματικό επίπεδο με το $targetfeature."},{"name":"$map","type":"featureSetCollection","description":"Μια συλλογή θεματικών επιπέδων στον χάρτη εκτέλεσης της έκφρασης arcade."},{"name":"$sourceDatastore","type":"featureSetCollection","description":"Μια συλλογή επιπέδων στο ίδιο datastore με το $sourcelayer."},{"name":"$targetDatastore","type":"featureSetCollection","description":"Μια συλλογή επιπέδων στο ίδιο datastore με το $targetlayer."}]},{"name":"Form Attachment Filename Calculation","id":"form-attachment-filename-calculation","bundles":["core","data-access","geometry","portal-access"],"variables":[{"name":"$feature","type":"feature","description":"Đ_The feature being calculated______________________________ớ."},{"name":"$originalFeature","type":"feature","description":"Đ_The previous state of the feature being calculated___________________________ớ."},{"name":"$layer","type":"featureSet","description":"Đ_A collection of features in the same layer as $feature_____________________________ớ."},{"name":"$datastore","type":"featureSetCollection","description":"Đ_A collection of layers in the same feature service or database as $feature_______________________________________ớ."},{"name":"$featureset","type":"featureSet","description":"Đ_A collection of features in the same table as $feature_____________________________ớ."},{"name":"$map","type":"featureSetCollection","description":"Đ_A collection of feature service layers in the same map as $feature___________________________________ớ."},{"name":"$formElement","type":"dictionary","description":"Đ_Information associated with the form element________________________ớ.","properties":[{"name":"attachmentKeyword","type":"text","description":"Đ_A text value identifying the content of the attachment. When a file is attached using the form, this property can be used in determining a new filename for the attachment_______________________________________________________________________________________ớ."},{"name":"label","type":"text","description":"Đ_A text value indicating what the element represents___________________________ớ."},{"name":"description","type":"text","description":"Đ_A text value that describes the element in detail__________________________ớ."}]}]},{"name":"Form calculation","id":"form-calculation","bundles":["core","data-access","geometry","portal-access","ai"],"variables":[{"name":"$feature","type":"feature","description":"Εκθέτει τα χαρακτηριστικά του γωνρίσματος για χρήση στον υπολογισμό"},{"name":"$originalFeature","type":"feature","description":"Υπολογίζεται η προηγούμενη κατάσταση του γνωρίσματος."},{"name":"$layer","type":"featureSet","description":"Μια συλλογή γνωρισμάτων στο ίδιο θεματικό επίπεδο με το $feature."},{"name":"$datastore","type":"featureSetCollection","description":"Μια συλλογή θεματικών επιπέδων στην ίδια feature service ή database με το $feature."},{"name":"$featureset","type":"featureSet","description":"Μια συλλογή γνωρισμάτων στον ίδιο πίνακα με το $feature."},{"name":"$map","type":"featureSetCollection","description":"Μια συλλογή γνωρισμάτων στα ίδια θεματικά επίπεδα στον ίδιο χάρτη με το $feature."},{"name":"$editcontext","type":"dictionary","properties":[{"name":"editType","type":"text","description":"Υποδεικνύει εάν το συμβάν επεξεργασίας είναι ΕΙΣΑΓΩΓΗ, ΕΝΗΜΕΡΩΣΗ, ΔΙΑΓΡΑΦΗ ή Δ/Υ (δεν ισχύει)."}],"description":""}]},{"name":"Form Constraint","id":"form-constraint","bundles":["core","geometry","data-access","portal-access"],"variables":[{"name":"$feature","type":"feature","description":"Το γνώρισμα που αξιολογείται από τον περιορισμό."},{"name":"$originalFeature","type":"feature","description":"Η προηγούμενη κατάσταση του γνωρίσματος."},{"name":"$layer","type":"featureSet","description":"Μια συλλογή γνωρισμάτων στο ίδιο θεματικό επίπεδο με το $feature."},{"name":"$datastore","type":"featureSetCollection","description":"Μια συλλογή θεματικών επιπέδων στην ίδια feature service ή database με το $feature."},{"name":"$featureset","type":"featureSet","description":"Μια συλλογή γνωρισμάτων στον ίδιο πίνακα με το $feature."},{"name":"$map","type":"featureSetCollection","description":"Μια συλλογή γνωρισμάτων στα ίδια θεματικά επίπεδα στον ίδιο χάρτη με το $feature."},{"name":"$editcontext","type":"dictionary","properties":[{"name":"editType","type":"text","description":"Υποδεικνύει εάν το συμβάν επεξεργασίας είναι ΕΙΣΑΓΩΓΗ, ΕΝΗΜΕΡΩΣΗ, ΔΙΑΓΡΑΦΗ ή Δ/Υ (δεν ισχύει)."}],"description":""}]},{"name":"Geoanalytics","id":"geoanalytics","bundles":["core","geometry","track"],"variables":[{"name":"$feature","type":"feature","description":"Το γνώρισμα που υπολογίζεται."}]},{"name":"Geotrigger notification","id":"geotrigger-notification","bundles":["core","geometry","data-access"],"variables":[{"name":"$feedFeature","type":"feature","description":"Η δυνατότητα εισαγωγής (π.χ. μια θέση συσκευής ή ένα γνώρισμα) που προκάλεσε την ενεργοποίηση του Geotrigger. Αυτό το γνώρισμα πρέπει να περιέχει μια γεωμετρία (συνήθως ένα σημείο) και ένα ορισμένο σχήμα με τις ακόλουθες ιδιότητες: «πορεία» (η πορεία της τοποθεσίας σε μοίρες δεξιόστροφα, το 0 είναι ο γεωγραφικός βορράς) και «οριζόντια ακρίβεια» (η οριζόντια ακρίβεια της τοποθεσίας σε μέτρα)."},{"name":"$fenceFeature","type":"feature","description":"Το γνώρισμα φράχτη (π.χ. μια θέση συσκευής ή ένα γνώρισμα) που προκάλεσε την ενεργοποίηση του Geottrigger."},{"name":"$fenceLayer","type":"featureSet","description":"Μια συλλογή γνωρισμάτων στο ίδιο θεματικό επίπεδο με το $fenceFeature."},{"name":"$fenceNotificationType","type":"text","description":"Περιγραφή του γεγονότος που συνέβη - είτε \"εισήχθη\" είτε \"εξήχθη\"."}]},{"name":"Imagery popup","id":"popup-imagery","bundles":["core","geometry"],"variables":[{"name":"$pixel","type":"pixel","description":"Đ_The pixel value and other pixel-dependent information (e.g. classification category), including virtual raster fields, for the imagery layer currently displayed in the view________________________________________________________________________________________ớ."},{"name":"$imageCollectionItem","type":"feature","description":"Đ_The metadata of the selected image collection item containing the pixel represented by `$pixel`. This value will be `null` if there is no associated image collection____________________________________________________________________________________ớ."},{"name":"$view","type":"dictionary","description":"Đ_Properties available from the view___________________ớ.","properties":[{"name":"scale","type":"number","description":"Đ_Returns the scale of the map at the time the expression evaluates__________________________________ớ."},{"name":"timeProperties","type":"dictionary","properties":[{"name":"currentStart","type":"date","description":"Đ_The start time of the map's time extent as indicated by a time slider component at the time the expression evaluates. This value dynamically updates (and may trigger the re-execution of the Arcade expression) when a time slider is used to update time-aware popups based on date field. A `null` value indicates the start time is inclusive since the beginning of time________________________________________________________________________________________________________________________________________________________________________________________ớ."},{"name":"currentEnd","type":"date","description":"Đ_The end time of the map's time extent as indicated by a time slider component at the time the expression evaluates. This value dynamically updates (and may trigger the re-execution of the Arcade expression) when a time slider is used to update time-aware popups based on date field. A `null` value indicates the end time is indefinite with no end_______________________________________________________________________________________________________________________________________________________________________________ớ."},{"name":"startIncluded","type":"boolean","description":"Đ_Indicates if the `currentStart` date is included in the map's current time extent__________________________________________ớ."},{"name":"endIncluded","type":"boolean","description":"Đ_Indicates if the `currentEnd` date is included in the map's current time extent_________________________________________ớ."}],"description":""}]},{"name":"$userInput","description":"Đ_A geometry representing a user's input for a popup. Typically, this represents a location where the user clicked or tapped in a map to launch a popup. There may be cases where this value is a Point, an Extent, or `null` as popups are not always opened from map interaction. Therefore, it is advised to check the geometry type of this value before it is used____________________________________________________________________________________________________________________________________________________________________________________ớ.","type":"geometry"}]},{"name":"Imagery popup element","id":"popup-element-imagery","bundles":["core","geometry"],"variables":[{"name":"$pixel","type":"pixel","description":"Đ_The pixel value and other pixel-dependent information (e.g. classification category), including virtual raster fields, for the imagery layer currently displayed in the view________________________________________________________________________________________ớ."},{"name":"$imageCollectionItem","type":"feature","description":"Đ_The metadata of the selected image collection item containing the pixel represented by `$pixel`. This value will be `null` if there is no associated image collection____________________________________________________________________________________ớ."},{"name":"$view","type":"dictionary","description":"Đ_Properties available from the view___________________ớ.","properties":[{"name":"scale","type":"number","description":"Đ_Returns the scale of the map at the time the expression evaluates__________________________________ớ."},{"name":"timeProperties","type":"dictionary","properties":[{"name":"currentStart","type":"date","description":"Đ_The start time of the map's time extent as indicated by a time slider component at the time the expression evaluates. This value dynamically updates (and may trigger the re-execution of the Arcade expression) when a time slider is used to update time-aware popups based on date field. A `null` value indicates the start time is inclusive since the beginning of time________________________________________________________________________________________________________________________________________________________________________________________ớ."},{"name":"currentEnd","type":"date","description":"Đ_The end time of the map's time extent as indicated by a time slider component at the time the expression evaluates. This value dynamically updates (and may trigger the re-execution of the Arcade expression) when a time slider is used to update time-aware popups based on date field. A `null` value indicates the end time is indefinite with no end_______________________________________________________________________________________________________________________________________________________________________________ớ."},{"name":"startIncluded","type":"boolean","description":"Đ_Indicates if the `currentStart` date is included in the map's current time extent__________________________________________ớ."},{"name":"endIncluded","type":"boolean","description":"Đ_Indicates if the `currentEnd` date is included in the map's current time extent_________________________________________ớ."}],"description":""}]},{"name":"$userInput","description":"Đ_A geometry representing a user's input for a popup. Typically, this represents a location where the user clicked or tapped in a map to launch a popup. There may be cases where this value is a Point, an Extent, or `null` as popups are not always opened from map interaction. Therefore, it is advised to check the geometry type of this value before it is used____________________________________________________________________________________________________________________________________________________________________________________ớ.","type":"geometry"}]},{"name":"Labeling","id":"labeling","bundles":["core","geometry"],"variables":[{"name":"$feature","type":"feature","description":"Το γνώρισμα η ετικέτα του οποίου πρόκειται να σχεδιαστεί στον χάρτη."},{"name":"$view","type":"dictionary","description":"Ιδιότητες διαθέσιμες από την προβολή.","properties":[{"name":"scale","type":"number","description":"Επιστρέφει την κλίμακα του χάρτη τη στιγμή που αξιολογείται η έκφραση."},{"name":"timeProperties","type":"dictionary","properties":[{"name":"currentStart","type":"date","description":"Ο χρόνος έναρξης της χρονικής έκτασης του χάρτη, όπως υποδεικνύεται από ένα στοιχείο μπάρας κύλισης χρόνου τη στιγμή που αξιολογείται η έκφραση. Αυτή η τιμή ενημερώνεται δυναμικά (και ενδέχεται να προκαλέσει την επανεκτέλεση της έκφρασης Arcade) όταν χρησιμοποιείται μπάρα κύλισης χρόνου για την ενημέρωση των χρονικά εξαρτώμενων ετικετών βάσει πεδίου ημερομηνίας. Η τιμή `null` υποδηλώνει ότι ο χρόνος έναρξης είναι συμπεριληπτικός από την αρχή του χρόνου."},{"name":"currentEnd","type":"date","description":"Ο χρόνος λήξης της χρονικής έκτασης του χάρτη, όπως υποδεικνύεται από ένα στοιχείο μπάρας κύλισης χρόνου τη στιγμή που αξιολογείται η έκφραση. Αυτή η τιμή ενημερώνεται δυναμικά (και ενδέχεται να προκαλέσει την επανεκτέλεση της έκφρασης Arcade) όταν χρησιμοποιείται μπάρα κύλισης χρόνου για την ενημέρωση των χρονικά εξαρτώμενων ετικετών βάσει πεδίου ημερομηνίας. Η τιμή `null` υποδηλώνει ότι ο χρόνος λήξης είναι απροσδιόριστος χωρίς τέλος."},{"name":"startIncluded","type":"boolean","description":"Υποδεικνύει αν η ημερομηνία `currentStart` περιλαμβάνεται στην τρέχουσα χρονική έκταση του χάρτη."},{"name":"endIncluded","type":"boolean","description":"Υποδεικνύει αν η ημερομηνία `currentEnd` περιλαμβάνεται στην τρέχουσα χρονική έκταση του χάρτη."}],"description":""}]}]},{"name":"Layout","id":"layout","bundles":["core","geometry"],"variables":[{"name":"$feature","type":"feature","description":"Το γνώρισμα του οποίου οι τιμές μπορούν να εμφανίζονται στη διάταξη."}]},{"name":"Location update constraint","id":"location-update-constraint","bundles":["core","geometry"],"variables":[{"name":"$locationupdate","type":"dictionary","description":"Η δυνατότητα ενημέρωσης τοποθεσίας (π.χ. από το GPS) αξιολογείται για τον περιορισμό.","properties":[{"name":"course","type":"number","description":"Η πορεία της τοποθεσίας σε μοίρες δεξιόστροφα, το 0 είναι ο γεωγραφικός Βορράς."},{"name":"horizontalaccuracy","type":"number","description":"Η οριζόντια ακρίβεια της τοποθεσίας σε μέτρα."},{"name":"verticalaccuracy","type":"number","description":"Η κατακόρυφη ακρίβεια της τοποθεσίας σε μέτρα."},{"name":"velocity","type":"number","description":"Η ταχύτητα της θέσης σε μέτρα ανά δευτερόλεπτο."}]}]},{"name":"Model Builder","id":"model-builder","bundles":["core","geometry","data-access","portal-access"],"variables":[{"name":"$variables","type":"dictionary","description":"Λεξικό που περιέχει τα ονόματα και τις τιμές μεταβλητών.","properties":[]}]},{"name":"Measure visualization","id":"measure-visualization","bundles":["core","geometry"],"variables":[{"name":"$measure","type":"number","description":"Η παρεμβαλλόμενη τιμή M για τη θέση του δείκτη."},{"name":"$feature","type":"feature","description":"Το γνώρισμα που πρόκειται να σχεδιαστεί στον χάρτη."},{"name":"$view","type":"dictionary","properties":[{"name":"scale","type":"number","description":"Επιστρέφει την κλίμακα του χάρτη τη στιγμή που αξιολογείται η έκφραση."}],"description":""}]},{"name":"Popup","id":"popup","bundles":["core","data-access","geometry","portal-access","knowledge-graph"],"variables":[{"name":"$feature","type":"feature","description":"Παρέχει πρόσβαση στα γνωρίσματα και τη γεωμετρία του γνωρίσματος του οποίου το αναδυόμενο παράθυρο θα εμφανίζεται στην προβολή."},{"name":"$layer","description":"Μια συλλογή γνωρισμάτων στο ίδιο θεματικό επίπεδο με το $feature του οποίου το αναδυόμενο παράθυρο εμφανίζεται στην προβολή.","type":"featureSet"},{"name":"$map","description":"Μια συλλογή θεματικών επιπέδων στον ίδιο χάρτη με το $feature του οποίου το αναδυόμενο παράθυρο εμφανίζεται στην προβολή. Αυτή η τιμή ενδέχεται να είναι `null` σε περιπτώσεις που ένα αναδυόμενο παράθυρο δεν είναι συνδεδεμένο με αυτόν τον χάρτη.","type":"featureSetCollection"},{"name":"$datastore","description":"Μια συλλογή θεματικών επιπέδων στο ίδιο feature service ή database με το $feature του οποίου το αναδυόμενο παράθυρο εμφανίζεται στην προβολή.","type":"featureSetCollection"},{"name":"$userInput","description":"Μια γεωμετρία που αναπαριστά τα δεδομένα εισόδου για ένα αναδυόμενο παράθυρο. Τυπικά, αυτό αναπαριστά μια τοποθεσία στην οποία ο χρήστης έκανε κλικ ή πάτησε σε έναν χάρτη για να εκκινήσει ένα αναδυόμενο παράθυρο. Μπορεί να υπάρχουν περιπτώσεις, όπου αυτή η τιμή είναι Σημείο, ένα Όριο περιοχής μελέτης ή `null` καθώς τα αναδυόμενα παράθυρα δεν ανοίγουν πάντα από τις διαδραστικές δυνατότητες του χάρτη. Επομένως, θα ήταν προτιμότερος ο έλεγχος του τύπου γεωμετρίας αυτής της τιμής πριν τη χρήση του.","type":"geometry"},{"name":"$graph","description":"Γράφημα γνώσης που είναι συνδεδεμένο με αυτό το στοιχείο. Αν δεν είναι διαθέσιμο κανένα γράφημα γνώσης, η τιμή θα είναι `null`.","type":"knowledgeGraph"},{"name":"$view","type":"dictionary","description":"Ιδιότητες διαθέσιμες από την προβολή.","properties":[{"name":"scale","type":"number","description":"Επιστρέφει την κλίμακα του χάρτη τη στιγμή που αξιολογείται η έκφραση."},{"name":"timeProperties","type":"dictionary","properties":[{"name":"currentStart","type":"date","description":"Ο χρόνος έναρξης της χρονικής έκτασης του χάρτη, όπως υποδεικνύεται από ένα στοιχείο μπάρας κύλισης χρόνου τη στιγμή που αξιολογείται η έκφραση. Αυτή η τιμή ενημερώνεται δυναμικά (και ενδέχεται να προκαλέσει την επανεκτέλεση της έκφρασης Arcade) όταν χρησιμοποιείται μπάρα κύλισης χρόνου για την ενημέρωση των χρονικά εξαρτώμενων αναδυόμενων παραθύρων βάσει πεδίου ημερομηνίας. Η τιμή `null` υποδηλώνει ότι ο χρόνος έναρξης είναι συμπεριληπτικός από την αρχή του χρόνου."},{"name":"currentEnd","type":"date","description":"Ο χρόνος λήξης της χρονικής έκτασης του χάρτη, όπως υποδεικνύεται από ένα στοιχείο μπάρας κύλισης χρόνου τη στιγμή που αξιολογείται η έκφραση. Αυτή η τιμή ενημερώνεται δυναμικά (και ενδέχεται να προκαλέσει την επανεκτέλεση της έκφρασης Arcade) όταν χρησιμοποιείται μπάρα κύλισης χρόνου για την ενημέρωση των χρονικά εξαρτώμενων αναδυόμενων παραθύρων βάσει πεδίου ημερομηνίας. Η τιμή `null` υποδηλώνει ότι ο χρόνος λήξης είναι απροσδιόριστος χωρίς τέλος."},{"name":"startIncluded","type":"boolean","description":"Υποδεικνύει αν η ημερομηνία `currentStart` περιλαμβάνεται στην τρέχουσα χρονική έκταση του χάρτη."},{"name":"endIncluded","type":"boolean","description":"Υποδεικνύει αν η ημερομηνία `currentEnd` περιλαμβάνεται στην τρέχουσα χρονική έκταση του χάρτη."}],"description":""}]}]},{"name":"Popup element","id":"popup-element","bundles":["core","data-access","geometry","portal-access","knowledge-graph"],"variables":[{"name":"$feature","type":"feature","description":"Παρέχει πρόσβαση στα γνωρίσματα και τη γεωμετρία του γνωρίσματος του οποίου το αναδυόμενο παράθυρο θα εμφανίζεται στην προβολή."},{"name":"$layer","description":"Μια συλλογή γνωρισμάτων στο ίδιο θεματικό επίπεδο με το $feature του οποίου το αναδυόμενο παράθυρο εμφανίζεται στην προβολή.","type":"featureSet"},{"name":"$map","description":"Μια συλλογή θεματικών επιπέδων στον ίδιο χάρτη με το $feature του οποίου το αναδυόμενο παράθυρο εμφανίζεται στην προβολή. Αυτή η τιμή ενδέχεται να είναι `null` σε περιπτώσεις που ένα αναδυόμενο παράθυρο δεν είναι συνδεδεμένο με αυτόν τον χάρτη.","type":"featureSetCollection"},{"name":"$datastore","description":"Μια συλλογή θεματικών επιπέδων στο ίδιο feature service ή database με το $feature του οποίου το αναδυόμενο παράθυρο εμφανίζεται στην προβολή.","type":"featureSetCollection"},{"name":"$userInput","description":"Μια γεωμετρία που αναπαριστά τα δεδομένα εισόδου για ένα αναδυόμενο παράθυρο. Τυπικά, αυτό αναπαριστά μια τοποθεσία στην οποία ο χρήστης έκανε κλικ ή πάτησε σε έναν χάρτη για να εκκινήσει ένα αναδυόμενο παράθυρο. Μπορεί να υπάρχουν περιπτώσεις, όπου αυτή η τιμή είναι Σημείο, ένα Όριο περιοχής μελέτης ή `null` καθώς τα αναδυόμενα παράθυρα δεν ανοίγουν πάντα από τις διαδραστικές δυνατότητες του χάρτη. Επομένως, θα ήταν προτιμότερος ο έλεγχος του τύπου γεωμετρίας αυτής της τιμής πριν τη χρήση του.","type":"geometry"},{"name":"$graph","description":"Γράφημα γνώσης που είναι συνδεδεμένο με αυτό το στοιχείο. Αν δεν είναι διαθέσιμο κανένα γράφημα γνώσης, η τιμή θα είναι `null`.","type":"knowledgeGraph"},{"name":"$view","type":"dictionary","description":"Ιδιότητες διαθέσιμες από την προβολή.","properties":[{"name":"scale","type":"number","description":"Επιστρέφει την κλίμακα του χάρτη τη στιγμή που αξιολογείται η έκφραση."},{"name":"timeProperties","type":"dictionary","properties":[{"name":"currentStart","type":"date","description":"Ο χρόνος έναρξης της χρονικής έκτασης του χάρτη, όπως υποδεικνύεται από ένα στοιχείο μπάρας κύλισης χρόνου τη στιγμή που αξιολογείται η έκφραση. Αυτή η τιμή ενημερώνεται δυναμικά (και ενδέχεται να προκαλέσει την επανεκτέλεση της έκφρασης Arcade) όταν χρησιμοποιείται μπάρα κύλισης χρόνου για την ενημέρωση των χρονικά εξαρτώμενων αναδυόμενων παραθύρων βάσει πεδίου ημερομηνίας. Η τιμή `null` υποδηλώνει ότι ο χρόνος έναρξης είναι συμπεριληπτικός από την αρχή του χρόνου."},{"name":"currentEnd","type":"date","description":"Ο χρόνος λήξης της χρονικής έκτασης του χάρτη, όπως υποδεικνύεται από ένα στοιχείο μπάρας κύλισης χρόνου τη στιγμή που αξιολογείται η έκφραση. Αυτή η τιμή ενημερώνεται δυναμικά (και ενδέχεται να προκαλέσει την επανεκτέλεση της έκφρασης Arcade) όταν χρησιμοποιείται μπάρα κύλισης χρόνου για την ενημέρωση των χρονικά εξαρτώμενων αναδυόμενων παραθύρων βάσει πεδίου ημερομηνίας. Η τιμή `null` υποδηλώνει ότι ο χρόνος λήξης είναι απροσδιόριστος χωρίς τέλος."},{"name":"startIncluded","type":"boolean","description":"Υποδεικνύει αν η ημερομηνία `currentStart` περιλαμβάνεται στην τρέχουσα χρονική έκταση του χάρτη."},{"name":"endIncluded","type":"boolean","description":"Υποδεικνύει αν η ημερομηνία `currentEnd` περιλαμβάνεται στην τρέχουσα χρονική έκταση του χάρτη."}],"description":""}]}]},{"name":"Popup feature reduction","id":"popup-feature-reduction","bundles":["core","data-access","geometry","portal-access"],"variables":[{"name":"$feature","type":"feature","description":"Παρέχει πρόσβαση στα συγκεντρωτικά πεδία που ορίζονται είτε σε ομαδοποίηση είτε σε αναδυόμενα παράθυρα."},{"name":"$aggregatedFeatures","description":"Ένα FeatureSet που περιέχει όλα τα γνωρίσματα που αντιπροσωπεύονται από το σύμπλεγμα ή τον κάδο.","type":"featureSet"},{"name":"$view","type":"dictionary","description":"Ιδιότητες διαθέσιμες από την προβολή.","properties":[{"name":"scale","type":"number","description":"Επιστρέφει την κλίμακα του χάρτη τη στιγμή που αξιολογείται η έκφραση."},{"name":"timeProperties","type":"dictionary","properties":[{"name":"currentStart","type":"date","description":"Ο χρόνος έναρξης της χρονικής έκτασης του χάρτη, όπως υποδεικνύεται από ένα στοιχείο μπάρας κύλισης χρόνου τη στιγμή που αξιολογείται η έκφραση. Αυτή η τιμή ενημερώνεται δυναμικά (και ενδέχεται να προκαλέσει την επανεκτέλεση της έκφρασης Arcade) όταν χρησιμοποιείται μπάρα κύλισης χρόνου για την ενημέρωση των χρονικά εξαρτώμενων αναδυόμενων παραθύρων βάσει πεδίου ημερομηνίας. Η τιμή `null` υποδηλώνει ότι ο χρόνος έναρξης είναι συμπεριληπτικός από την αρχή του χρόνου."},{"name":"currentEnd","type":"date","description":"Ο χρόνος λήξης της χρονικής έκτασης του χάρτη, όπως υποδεικνύεται από ένα στοιχείο μπάρας κύλισης χρόνου τη στιγμή που αξιολογείται η έκφραση. Αυτή η τιμή ενημερώνεται δυναμικά (και ενδέχεται να προκαλέσει την επανεκτέλεση της έκφρασης Arcade) όταν χρησιμοποιείται μπάρα κύλισης χρόνου για την ενημέρωση των χρονικά εξαρτώμενων αναδυόμενων παραθύρων βάσει πεδίου ημερομηνίας. Η τιμή `null` υποδηλώνει ότι ο χρόνος λήξης είναι απροσδιόριστος χωρίς τέλος."},{"name":"startIncluded","type":"boolean","description":"Υποδεικνύει αν η ημερομηνία `currentStart` περιλαμβάνεται στην τρέχουσα χρονική έκταση του χάρτη."},{"name":"endIncluded","type":"boolean","description":"Υποδεικνύει αν η ημερομηνία `currentEnd` περιλαμβάνεται στην τρέχουσα χρονική έκταση του χάρτη."}],"description":""}]}]},{"name":"Popup element feature reduction","id":"popup-element-feature-reduction","bundles":["core","data-access","geometry","portal-access"],"variables":[{"name":"$feature","type":"feature","description":"Παρέχει πρόσβαση στα συγκεντρωτικά πεδία που ορίζονται είτε σε ομαδοποίηση είτε σε αναδυόμενα παράθυρα."},{"name":"$aggregatedFeatures","description":"Ένα FeatureSet που περιέχει όλα τα γνωρίσματα που αντιπροσωπεύονται από το σύμπλεγμα ή τον κάδο.","type":"featureSet"},{"name":"$view","type":"dictionary","description":"Ιδιότητες διαθέσιμες από την προβολή.","properties":[{"name":"scale","type":"number","description":"Επιστρέφει την κλίμακα του χάρτη τη στιγμή που αξιολογείται η έκφραση."},{"name":"timeProperties","type":"dictionary","properties":[{"name":"currentStart","type":"date","description":"Ο χρόνος έναρξης της χρονικής έκτασης του χάρτη, όπως υποδεικνύεται από ένα στοιχείο μπάρας κύλισης χρόνου τη στιγμή που αξιολογείται η έκφραση. Αυτή η τιμή ενημερώνεται δυναμικά (και ενδέχεται να προκαλέσει την επανεκτέλεση της έκφρασης Arcade) όταν χρησιμοποιείται μπάρα κύλισης χρόνου για την ενημέρωση των χρονικά εξαρτώμενων αναδυόμενων παραθύρων βάσει πεδίου ημερομηνίας. Η τιμή `null` υποδηλώνει ότι ο χρόνος έναρξης είναι συμπεριληπτικός από την αρχή του χρόνου."},{"name":"currentEnd","type":"date","description":"Ο χρόνος λήξης της χρονικής έκτασης του χάρτη, όπως υποδεικνύεται από ένα στοιχείο μπάρας κύλισης χρόνου τη στιγμή που αξιολογείται η έκφραση. Αυτή η τιμή ενημερώνεται δυναμικά (και ενδέχεται να προκαλέσει την επανεκτέλεση της έκφρασης Arcade) όταν χρησιμοποιείται μπάρα κύλισης χρόνου για την ενημέρωση των χρονικά εξαρτώμενων αναδυόμενων παραθύρων βάσει πεδίου ημερομηνίας. Η τιμή `null` υποδηλώνει ότι ο χρόνος λήξης είναι απροσδιόριστος χωρίς τέλος."},{"name":"startIncluded","type":"boolean","description":"Υποδεικνύει αν η ημερομηνία `currentStart` περιλαμβάνεται στην τρέχουσα χρονική έκταση του χάρτη."},{"name":"endIncluded","type":"boolean","description":"Υποδεικνύει αν η ημερομηνία `currentEnd` περιλαμβάνεται στην τρέχουσα χρονική έκταση του χάρτη."}],"description":""}]}]},{"name":"Quick Capture","id":"quick-capture","bundles":["core","data-access","geometry","portal-access"],"variables":[{"name":"$feature","type":"feature","description":"Εκθέτει τα χαρακτηριστικά του γνωρίσματος για χρήση στον υπολογισμό."},{"name":"$layer","type":"featureSet","description":"Μια συλλογή γνωρισμάτων στο ίδιο θεματικό επίπεδο με το $feature."},{"name":"$datastore","type":"featureSetCollection","description":"Μια συλλογή θεματικών επιπέδων στην ίδια feature service ή database με το $feature."},{"name":"$map","type":"featureSetCollection","description":"Μια συλλογή γνωρισμάτων στα ίδια θεματικά επίπεδα στον χάρτη που χρησιμοποιείται από το έργο QuickCapture. Αυτή η μεταβλητή μπορεί να έχει τιμή `null`."}]},{"name":"Tasks","id":"tasks","bundles":["core","data-access","geometry","portal-access"],"variables":[{"name":"$feature","description":"Το γνώρισμα που αξιολογείται από την εργασία.","type":"feature"},{"name":"$datastore","description":"Μια συλλογή θεματικών επιπέδων στην ίδια feature service ή βάση δεδομένων με το $feature που αξιολογείται από την εργασία.","type":"featureSetCollection"}]},{"name":"Velocity","id":"velocity","bundles":["core","geometry","track"],"variables":[{"name":"$feature","type":"feature","description":"Στα εργαλεία ανάλυσης με μεμονωμένες εισόδους, το γνώρισμα υπολογίζεται, αξιολογείται ή λειτουργεί."},{"name":"$target","type":"feature","description":"Σε εργαλεία ανάλυσης με δύο εισόδους, το γνώρισμα αξιολογείται για φιλτράρισμα ή εμπλουτισμό."},{"name":"$join","type":"feature","description":"Σε εργαλεία ανάλυσης με δύο εισόδους, το γνώρισμα παρέχει τιμές για αξιολόγηση ή εμπλουτισμό του γνωρίσματος προορισμού."},{"name":"$analytic","type":"dictionary","description":"Τιμές ώρας που σχετίζονται με την ανάλυση, όπως ώρα έναρξης, τελευταία ώρα λήξης κλπ.","properties":[]}]},{"name":"Visualization","id":"visualization","bundles":["core","geometry"],"variables":[{"name":"$feature","description":"Το γνώρισμα που πρόκειται να σχεδιαστεί στον χάρτη.","type":"feature"},{"name":"$view","type":"dictionary","description":"Ιδιότητες διαθέσιμες από την προβολή.","properties":[{"name":"scale","type":"number","description":"Επιστρέφει την κλίμακα του χάρτη τη στιγμή που αξιολογείται η έκφραση."},{"name":"timeProperties","type":"dictionary","properties":[{"name":"currentStart","type":"date","description":"Ο χρόνος έναρξης της χρονικής έκτασης του χάρτη, όπως υποδεικνύεται από ένα στοιχείο μπάρας κύλισης χρόνου τη στιγμή που αξιολογείται η έκφραση. Αυτή η τιμή ενημερώνεται δυναμικά (και ενδέχεται να προκαλέσει την επανεκτέλεση της έκφρασης Arcade) όταν χρησιμοποιείται μπάρα κύλισης χρόνου για την ενημέρωση των χρονικά εξαρτώμενων οπτικοποιήσεων βάσει πεδίου ημερομηνίας. Η τιμή `null` υποδηλώνει ότι ο χρόνος έναρξης είναι συμπεριληπτικός από την αρχή του χρόνου."},{"name":"currentEnd","type":"date","description":"Ο χρόνος λήξης της χρονικής έκτασης του χάρτη, όπως υποδεικνύεται από ένα στοιχείο μπάρας κύλισης χρόνου τη στιγμή που αξιολογείται η έκφραση. Αυτή η τιμή ενημερώνεται δυναμικά (και ενδέχεται να προκαλέσει την επανεκτέλεση της έκφρασης Arcade) όταν χρησιμοποιείται μπάρα κύλισης χρόνου για την ενημέρωση των χρονικά εξαρτώμενων οπτικοποιήσεων βάσει πεδίου ημερομηνίας. Η τιμή `null` υποδηλώνει ότι ο χρόνος λήξης είναι απροσδιόριστος χωρίς τέλος."},{"name":"startIncluded","type":"boolean","description":"Υποδεικνύει αν η ημερομηνία `currentStart` περιλαμβάνεται στην τρέχουσα χρονική έκταση του χάρτη."},{"name":"endIncluded","type":"boolean","description":"Υποδεικνύει αν η ημερομηνία `currentEnd` περιλαμβάνεται στην τρέχουσα χρονική έκταση του χάρτη."}],"description":""}]}]},{"name":"Voxel popup","id":"popup-voxel","bundles":["core"],"variables":[{"name":"$voxel","type":"voxel","description":"Παρέχει πρόσβαση στα χαρακτηριστικά του voxel του οποίου το αναδυόμενο παράθυρο πρόκειται να εμφανιστεί στη 3D προβολή."}]},{"name":"Voxel popup element","id":"popup-element-voxel","bundles":["core"],"variables":[{"name":"$voxel","type":"voxel","description":"Παρέχει πρόσβαση στα χαρακτηριστικά του voxel του οποίου το αναδυόμενο παράθυρο πρόκειται να εμφανιστεί στη 3D προβολή."}]}]