[{"name":"Minimalist","id":"minimalist","bundles":["core","data-access","geometry","portal-access"],"variables":[]},{"name":"Aggregate Field","id":"aggregate-field","bundles":["core","geometry"],"variables":[{"name":"$feature","description":"Окремий обʼєкт додано до обʼєкту агрегування. Це забезпечує доступ до усіх атрибутів поля обʼєкту.","type":"feature"}]},{"name":"Alias","id":"alias","bundles":["core","geometry"],"variables":[{"name":"$value","type":"number","description":"Числове значення, для якого є бажаним псевдонім."},{"name":"$feature","type":"feature","description":"Об’єкт, для якого потрібен текстовий псевдонім."}]},{"name":"Attribute rule calculation","id":"attribute-rule-calculation","bundles":["core","data-access","database","geometry","portal-access","ai"],"variables":[{"name":"$feature","type":"feature","description":"Об'єкт, який обчислюється."},{"name":"$originalFeature","type":"feature","description":"Попередній стан об'єкта, який обчислюється."},{"name":"$featureSet","type":"featureSet","description":"Колекція об’єктів у тій самій таблиці, що й $feature, який оцінює вираз."},{"name":"$datastore","type":"featureSetCollection","description":"Колекція шарів у тих самих сервісі об'єктів або базі даних, що й $feature, який виконує скрипт."},{"name":"$editcontext","type":"dictionary","properties":[{"name":"editType","type":"text","description":"Указує, чи редагуванням події є INSERT (вставити), UPDATE (оновити), DELETE (видалити) або NA (незастосовне)."}],"description":""}]},{"name":"Attribute rule constraint","id":"attribute-rule-constraint","bundles":["core","data-access","geometry","portal-access"],"variables":[{"name":"$feature","type":"feature","description":"Об'єкт, який обчислюється."},{"name":"$originalFeature","type":"feature","description":"Попередній стан об'єкта, який обчислюється."},{"name":"$featureSet","type":"featureSet","description":"Колекція об’єктів у тій самій таблиці, що й $feature, який оцінює вираз."},{"name":"$datastore","type":"featureSetCollection","description":"Колекція шарів у тих самих сервісі об'єктів або базі даних, що й $feature, який виконує скрипт."},{"name":"$editcontext","type":"dictionary","properties":[{"name":"editType","type":"text","description":"Указує, чи редагуванням події є INSERT (вставити), UPDATE (оновити), DELETE (видалити) або NA (незастосовне)."}],"description":""}]},{"name":"Attribute rule validation","id":"attribute-rule-validation","bundles":["core","data-access","geometry","portal-access"],"variables":[{"name":"$feature","type":"feature","description":"Об'єкт, який обчислюється."},{"name":"$featureSet","type":"featureSet","description":"Колекція об’єктів у тій самій таблиці, що й $feature, який оцінює вираз."},{"name":"$datastore","type":"featureSetCollection","description":"Колекція шарів у тих самих сервісі об'єктів або базі даних, що й $feature, який виконує скрипт."}]},{"name":"Dashboard indicator formatting","id":"dashboard-indicator-formatting","bundles":["core"],"variables":[{"name":"$datapoint","type":"feature","description":"Точка даних, яка оцінюється за візуальним елементом."},{"name":"$reference","type":"dictionary","description":"Опорне значення, яке оцінюється за візуальним елементом.","properties":[]}]},{"name":"Dashboard list formatting","id":"dashboard-list-formatting","bundles":["core"],"variables":[{"name":"$datapoint","type":"feature","description":"Точка даних, яка оцінюється за візуальним елементом."}]},{"name":"Dashboard table formatting","id":"dashboard-table-formatting","bundles":["core"],"variables":[{"name":"$datapoint","type":"feature","description":"Точка даних, яка оцінюється за візуальним елементом."},{"name":"$rowindex","type":"number","description":"Положення рядка в таблиці (з відліком від нуля)."}]},{"name":"Dashboard data","id":"dashboard-data","bundles":["core","geometry","data-access","portal-access","knowledge-graph"],"variables":[]},{"name":"Data Pipelines","id":"data-pipelines","bundles":["core"],"variables":[{"name":"$record","type":"dictionary","description":"Надає доступ до значень атрибуту/поля обчислюваного запису.","properties":[]}]},{"name":"Dictionary renderer","id":"dictionary-renderer","bundles":["core","geometry"],"variables":[{"name":"$feature","type":"feature","description":"Об'єкт, який буде намальований на карті."},{"name":"$config","type":"dictionary","description":"Словник значень конфігурації.","properties":[]}]},{"name":"Experience Builder data","id":"experience-builder-data","bundles":["core","data-access","geometry","portal-access"],"variables":[]},{"name":"Experience Builder list item widget formatting","id":"experience-builder-list-item-widget-formatting","bundles":["core"],"variables":[{"name":"$feature","type":"feature","description":"Представляє обʼєкт у списку елементів."}]},{"name":"Experience Builder widget formatting","id":"experience-builder-widget-formatting","bundles":["core","data-access"],"variables":[{"name":"$dataSources","type":"dictionary","description":"Джерела даних, що використовуються віджентом. Цей словник, що містить пари ключ-значення, де кожен ключ є джерелом даних (н-д, «dataSource_1-187acf797e1-layer-5-selection»).","properties":[]}]},{"name":"Feature Display Title","id":"feature-display-title","bundles":["core"],"variables":[{"name":"$feature","type":"feature","description":"Обʼєкт або рядок, для якого відображати заголовок в інтерфейсі."}]},{"name":"Feature Z","id":"feature-z","bundles":["core","geometry"],"variables":[{"name":"$feature","type":"feature","description":"Об'єкт, для якого потрібне Z-значення."}]},{"name":"Field calculation","id":"field-calculation","bundles":["core","data-access","geometry","portal-access","knowledge-graph","ai"],"variables":[{"name":"$feature","type":"feature","description":"Об'єкт, який обчислюється."},{"name":"$datastore","type":"featureSetCollection","description":"Колекція шарів у тих самих сервісі об'єктів або базі даних, що й $feature, який виконує обчислення."}]},{"name":"Field mapping","id":"field-mapping","bundles":["core","data-access","geometry","portal-access"],"variables":[{"name":"$sourceFeature","type":"feature","description":"Об'єкт-джерело для карти полів."},{"name":"$targetFeature","type":"feature","description":"Цільовий об'єкт для карти полів."},{"name":"$sourceLayer","type":"featureSet","description":"Колекція об’єктів у тому самому шарі, що й $sourcefeature."},{"name":"$targetLayer","type":"featureSet","description":"Колекція об’єктів у тому самому шарі, що й $targetfeature."},{"name":"$map","type":"featureSetCollection","description":"Колекція шарів на карті виконувального виразу Arcade."},{"name":"$sourceDatastore","type":"featureSetCollection","description":"Колекція шарів у тому самому сховищі даних, що й $sourcelayer."},{"name":"$targetDatastore","type":"featureSetCollection","description":"Колекція шарів у тому самому сховищі даних, що й $targetlayer."}]},{"name":"Form Attachment Filename Calculation","id":"form-attachment-filename-calculation","bundles":["core","data-access","geometry","portal-access"],"variables":[{"name":"$feature","type":"feature","description":"ґ_The feature being calculated______________________________Ї."},{"name":"$originalFeature","type":"feature","description":"ґ_The previous state of the feature being calculated___________________________Ї."},{"name":"$layer","type":"featureSet","description":"ґ_A collection of features in the same layer as $feature_____________________________Ї."},{"name":"$datastore","type":"featureSetCollection","description":"ґ_A collection of layers in the same feature service or database as $feature_______________________________________Ї."},{"name":"$featureset","type":"featureSet","description":"ґ_A collection of features in the same table as $feature_____________________________Ї."},{"name":"$map","type":"featureSetCollection","description":"ґ_A collection of feature service layers in the same map as $feature___________________________________Ї."},{"name":"$formElement","type":"dictionary","description":"ґ_Information associated with the form element________________________Ї.","properties":[{"name":"attachmentKeyword","type":"text","description":"ґ_A text value identifying the content of the attachment. When a file is attached using the form, this property can be used in determining a new filename for the attachment_______________________________________________________________________________________Ї."},{"name":"label","type":"text","description":"ґ_A text value indicating what the element represents___________________________Ї."},{"name":"description","type":"text","description":"ґ_A text value that describes the element in detail__________________________Ї."}]}]},{"name":"Form calculation","id":"form-calculation","bundles":["core","data-access","geometry","portal-access","ai"],"variables":[{"name":"$feature","type":"feature","description":"Розкриває атрибути об'єкта для використання в обчисленні"},{"name":"$originalFeature","type":"feature","description":"Попередній стан об'єкта, який обчислюється."},{"name":"$layer","type":"featureSet","description":"Колекція об’єктів у тому самому шарі, що й $feature."},{"name":"$datastore","type":"featureSetCollection","description":"Колекція шарів у тих самих сервісі об'єктів або базі даних, що й $feature."},{"name":"$featureset","type":"featureSet","description":"Колекція об’єктів у тій самій таблиці, що й $feature."},{"name":"$map","type":"featureSetCollection","description":"Колекція шарів сервісу об'єктів у тій самій карті, що й $feature."},{"name":"$editcontext","type":"dictionary","properties":[{"name":"editType","type":"text","description":"Указує, чи редагуванням події є INSERT (вставити), UPDATE (оновити), DELETE (видалити) або NA (незастосовне)."}],"description":""}]},{"name":"Form Constraint","id":"form-constraint","bundles":["core","geometry","data-access","portal-access"],"variables":[{"name":"$feature","type":"feature","description":"Об'єкт, який оцінюється за обмеженням."},{"name":"$originalFeature","type":"feature","description":"Попередній стан об'єкта."},{"name":"$layer","type":"featureSet","description":"Колекція об’єктів у тому самому шарі, що й $feature."},{"name":"$datastore","type":"featureSetCollection","description":"Колекція шарів у тих самих сервісі об'єктів або базі даних, що й $feature."},{"name":"$featureset","type":"featureSet","description":"Колекція об’єктів у тій самій таблиці, що й $feature."},{"name":"$map","type":"featureSetCollection","description":"Колекція шарів сервісу об'єктів у тій самій карті, що й $feature."},{"name":"$editcontext","type":"dictionary","properties":[{"name":"editType","type":"text","description":"Указує, чи редагуванням події є INSERT (вставити), UPDATE (оновити), DELETE (видалити) або NA (незастосовне)."}],"description":""}]},{"name":"Geoanalytics","id":"geoanalytics","bundles":["core","geometry","track"],"variables":[{"name":"$feature","type":"feature","description":"Об'єкт, який обчислюється."}]},{"name":"Geotrigger notification","id":"geotrigger-notification","bundles":["core","geometry","data-access"],"variables":[{"name":"$feedFeature","type":"feature","description":"Вхідний об'єкт (наприклад, місце розташування пристрою або об'єкт), який спричинив активацію geotrigger. Цей об'єкт має включати геометрію (зазвичай точку) і фіксовану схему з такими властивостями: «курс» (курс місця розташування в градусах за годинниковою стрілкою, причому 0 означає істинну північ) і «горизонтальна точність» (горизонтальна точність місця розташування в метрах)."},{"name":"$fenceFeature","type":"feature","description":"Об'єкт паркану (наприклад, область інтересу), у якому здійснювався вхід або вихід та який спричинив активацію Geotrigger."},{"name":"$fenceLayer","type":"featureSet","description":"Колекція об’єктів у тому самому шарі, що й $fenceFeature."},{"name":"$fenceNotificationType","type":"text","description":"Опис події, яка відбулася - \"вхід\" або \"вихід\"."}]},{"name":"Imagery popup","id":"popup-imagery","bundles":["core","geometry"],"variables":[{"name":"$pixel","type":"pixel","description":"ґ_The pixel value and other pixel-dependent information (e.g. classification category), including virtual raster fields, for the imagery layer currently displayed in the view________________________________________________________________________________________Ї."},{"name":"$imageCollectionItem","type":"feature","description":"ґ_The metadata of the selected image collection item containing the pixel represented by `$pixel`. This value will be `null` if there is no associated image collection____________________________________________________________________________________Ї."},{"name":"$view","type":"dictionary","description":"ґ_Properties available from the view___________________Ї.","properties":[{"name":"scale","type":"number","description":"ґ_Returns the scale of the map at the time the expression evaluates__________________________________Ї."},{"name":"timeProperties","type":"dictionary","properties":[{"name":"currentStart","type":"date","description":"ґ_The start time of the map's time extent as indicated by a time slider component at the time the expression evaluates. This value dynamically updates (and may trigger the re-execution of the Arcade expression) when a time slider is used to update time-aware popups based on date field. A `null` value indicates the start time is inclusive since the beginning of time________________________________________________________________________________________________________________________________________________________________________________________Ї."},{"name":"currentEnd","type":"date","description":"ґ_The end time of the map's time extent as indicated by a time slider component at the time the expression evaluates. This value dynamically updates (and may trigger the re-execution of the Arcade expression) when a time slider is used to update time-aware popups based on date field. A `null` value indicates the end time is indefinite with no end_______________________________________________________________________________________________________________________________________________________________________________Ї."},{"name":"startIncluded","type":"boolean","description":"ґ_Indicates if the `currentStart` date is included in the map's current time extent__________________________________________Ї."},{"name":"endIncluded","type":"boolean","description":"ґ_Indicates if the `currentEnd` date is included in the map's current time extent_________________________________________Ї."}],"description":""}]},{"name":"$userInput","description":"ґ_A geometry representing a user's input for a popup. Typically, this represents a location where the user clicked or tapped in a map to launch a popup. There may be cases where this value is a Point, an Extent, or `null` as popups are not always opened from map interaction. Therefore, it is advised to check the geometry type of this value before it is used____________________________________________________________________________________________________________________________________________________________________________________Ї.","type":"geometry"}]},{"name":"Imagery popup element","id":"popup-element-imagery","bundles":["core","geometry"],"variables":[{"name":"$pixel","type":"pixel","description":"ґ_The pixel value and other pixel-dependent information (e.g. classification category), including virtual raster fields, for the imagery layer currently displayed in the view________________________________________________________________________________________Ї."},{"name":"$imageCollectionItem","type":"feature","description":"ґ_The metadata of the selected image collection item containing the pixel represented by `$pixel`. This value will be `null` if there is no associated image collection____________________________________________________________________________________Ї."},{"name":"$view","type":"dictionary","description":"ґ_Properties available from the view___________________Ї.","properties":[{"name":"scale","type":"number","description":"ґ_Returns the scale of the map at the time the expression evaluates__________________________________Ї."},{"name":"timeProperties","type":"dictionary","properties":[{"name":"currentStart","type":"date","description":"ґ_The start time of the map's time extent as indicated by a time slider component at the time the expression evaluates. This value dynamically updates (and may trigger the re-execution of the Arcade expression) when a time slider is used to update time-aware popups based on date field. A `null` value indicates the start time is inclusive since the beginning of time________________________________________________________________________________________________________________________________________________________________________________________Ї."},{"name":"currentEnd","type":"date","description":"ґ_The end time of the map's time extent as indicated by a time slider component at the time the expression evaluates. This value dynamically updates (and may trigger the re-execution of the Arcade expression) when a time slider is used to update time-aware popups based on date field. A `null` value indicates the end time is indefinite with no end_______________________________________________________________________________________________________________________________________________________________________________Ї."},{"name":"startIncluded","type":"boolean","description":"ґ_Indicates if the `currentStart` date is included in the map's current time extent__________________________________________Ї."},{"name":"endIncluded","type":"boolean","description":"ґ_Indicates if the `currentEnd` date is included in the map's current time extent_________________________________________Ї."}],"description":""}]},{"name":"$userInput","description":"ґ_A geometry representing a user's input for a popup. Typically, this represents a location where the user clicked or tapped in a map to launch a popup. There may be cases where this value is a Point, an Extent, or `null` as popups are not always opened from map interaction. Therefore, it is advised to check the geometry type of this value before it is used____________________________________________________________________________________________________________________________________________________________________________________Ї.","type":"geometry"}]},{"name":"Labeling","id":"labeling","bundles":["core","geometry"],"variables":[{"name":"$feature","type":"feature","description":"Об'єкт, напис якого буде намальований на карті."},{"name":"$view","type":"dictionary","description":"Властивості, доступні з виду.","properties":[{"name":"scale","type":"number","description":"Повертає масштаб карти на час виконання оцінювання виразом."},{"name":"timeProperties","type":"dictionary","properties":[{"name":"currentStart","type":"date","description":"Час початку екстенту часу карти, визначений компонентом бігунка часу у момент оцінювання виразу. Це значення динамічно оновлюється (і може запустити повторне виконання виразу Arcaden), коли бігунок часу використовується для оновлення написів із часовою прив’язкою на основі поля дати. Значення null відображає, що час початку відраховується з моменту відліку часу."},{"name":"currentEnd","type":"date","description":"Кінцевий час екстенту часу карти, визначений компонентом бігунка часу у момент оцінювання виразу. Це значення динамічно оновлюється (і може запустити повторне виконання виразу Arcaden), коли бігунок часу використовується для оновлення написів із часовою прив’язкою на основі поля дати. Значення null відображає, що час закінчення є невизначеним без моменту завершення."},{"name":"startIncluded","type":"boolean","description":"Відображає, чи входить дата «currentStart» поточний екстент часу карти."},{"name":"endIncluded","type":"boolean","description":"Відображає, чи входить дата «currentEnd» поточний екстент часу карти."}],"description":""}]}]},{"name":"Layout","id":"layout","bundles":["core","geometry"],"variables":[{"name":"$feature","type":"feature","description":"Об'єкт, значення якого можуть відображатися на компонуванні."}]},{"name":"Location update constraint","id":"location-update-constraint","bundles":["core","geometry"],"variables":[{"name":"$locationupdate","type":"dictionary","description":"Об'єкт оновлення місця розташування (наприклад, через GPS), який оцінюється за обмеженням.","properties":[{"name":"course","type":"number","description":"Напрямок місця розташування у градусах за годинниковою стрілкою коли 0 відповідає істинній півночі."},{"name":"horizontalaccuracy","type":"number","description":"Горизонтальна точність місця розташування в метрах."},{"name":"verticalaccuracy","type":"number","description":"Вертикальна точність місця розташування в метрах."},{"name":"velocity","type":"number","description":"Швидкість місця розташування в метрах на секунду."}]}]},{"name":"Model Builder","id":"model-builder","bundles":["core","geometry","data-access","portal-access"],"variables":[{"name":"$variables","type":"dictionary","description":"Словник, що містить назви змінних та їхні значення.","properties":[]}]},{"name":"Measure visualization","id":"measure-visualization","bundles":["core","geometry"],"variables":[{"name":"$measure","type":"number","description":"Інтерпольоване M-значення для місця розташування маркера."},{"name":"$feature","type":"feature","description":"Об'єкт, який буде намальований на карті."},{"name":"$view","type":"dictionary","properties":[{"name":"scale","type":"number","description":"Повертає масштаб карти на час виконання оцінювання виразом."}],"description":""}]},{"name":"Popup","id":"popup","bundles":["core","data-access","geometry","portal-access","knowledge-graph"],"variables":[{"name":"$feature","type":"feature","description":"Надає доступ до атрибутів і геометрії об'єкта, спливне вікно якого відображається в представленні."},{"name":"$layer","description":"Колекція об'єктів у тому самому шарі, що й $feature, спливне вікно якого відображається в представленні.","type":"featureSet"},{"name":"$map","description":"Колекція шарів у тій самій карті, що й $feature, спливне вікно якого відображається в представленні. Це значення може бути null у випадках, коли спливаюче вікно не пов’язане з картою.","type":"featureSetCollection"},{"name":"$datastore","description":"Колекція шарів у тих самих сервісі об'єктів або базі даних, що й $feature, спливне вікно якого відображається в представленні.","type":"featureSetCollection"},{"name":"$userInput","description":"Геометрія, що представляє введення користувача для спливаючого вікна. Як правило, це місце, де користувач клацнув або торкнувся карти, щоб відкрити спливаюче вікно. Можуть бути випадки, коли це значення дорівнює Точка або Екстент або null, оскільки спливаючі вікна не завжди відкриваються під час взаємодії з картою. Тому рекомендується перевірити тип геометрії цього значення перед його використанням.","type":"geometry"},{"name":"$graph","description":"Граф знань, пов’язаний із об'єктом. Якщо граф знань не доступний, значення буде null.","type":"knowledgeGraph"},{"name":"$view","type":"dictionary","description":"Властивості, доступні з виду.","properties":[{"name":"scale","type":"number","description":"Повертає масштаб карти на час виконання оцінювання виразом."},{"name":"timeProperties","type":"dictionary","properties":[{"name":"currentStart","type":"date","description":"Час початку екстенту часу карти, визначений компонентом бігунка часу у момент оцінювання виразу. Це значення динамічно оновлюється (і може запустити повторне виконання виразу Arcaden), коли бігунок часу використовується для оновлення спливаючих вікон із часовою прив’язкою на основі поля дати. Значення null відображає, що час початку відраховується з моменту відліку часу."},{"name":"currentEnd","type":"date","description":"Кінцевий час екстенту часу карти, визначений компонентом бігунка часу у момент оцінювання виразу. Це значення динамічно оновлюється (і може запустити повторне виконання виразу Arcaden), коли бігунок часу використовується для оновлення спливаючих вікон із часовою прив’язкою на основі поля дати. Значення null відображає, що час закінчення є невизначеним без моменту завершення."},{"name":"startIncluded","type":"boolean","description":"Відображає, чи входить дата «currentStart» поточний екстент часу карти."},{"name":"endIncluded","type":"boolean","description":"Відображає, чи входить дата «currentEnd» поточний екстент часу карти."}],"description":""}]}]},{"name":"Popup element","id":"popup-element","bundles":["core","data-access","geometry","portal-access","knowledge-graph"],"variables":[{"name":"$feature","type":"feature","description":"Надає доступ до атрибутів і геометрії об'єкта, спливне вікно якого відображається в представленні."},{"name":"$layer","description":"Колекція об'єктів у тому самому шарі, що й $feature, спливне вікно якого відображається в представленні.","type":"featureSet"},{"name":"$map","description":"Колекція шарів у тій самій карті, що й $feature, спливне вікно якого відображається в представленні. Це значення може бути null у випадках, коли спливаюче вікно не пов’язане з картою.","type":"featureSetCollection"},{"name":"$datastore","description":"Колекція шарів у тих самих сервісі об'єктів або базі даних, що й $feature, спливне вікно якого відображається в представленні.","type":"featureSetCollection"},{"name":"$userInput","description":"Геометрія, що представляє введення користувача для спливаючого вікна. Як правило, це місце, де користувач клацнув або торкнувся карти, щоб відкрити спливаюче вікно. Можуть бути випадки, коли це значення дорівнює Точка або Екстент або null, оскільки спливаючі вікна не завжди відкриваються під час взаємодії з картою. Тому рекомендується перевірити тип геометрії цього значення перед його використанням.","type":"geometry"},{"name":"$graph","description":"Граф знань, пов’язаний із об'єктом. Якщо граф знань не доступний, значення буде null.","type":"knowledgeGraph"},{"name":"$view","type":"dictionary","description":"Властивості, доступні з виду.","properties":[{"name":"scale","type":"number","description":"Повертає масштаб карти на час виконання оцінювання виразом."},{"name":"timeProperties","type":"dictionary","properties":[{"name":"currentStart","type":"date","description":"Час початку екстенту часу карти, визначений компонентом бігунка часу у момент оцінювання виразу. Це значення динамічно оновлюється (і може запустити повторне виконання виразу Arcaden), коли бігунок часу використовується для оновлення спливаючих вікон із часовою прив’язкою на основі поля дати. Значення null відображає, що час початку відраховується з моменту відліку часу."},{"name":"currentEnd","type":"date","description":"Кінцевий час екстенту часу карти, визначений компонентом бігунка часу у момент оцінювання виразу. Це значення динамічно оновлюється (і може запустити повторне виконання виразу Arcaden), коли бігунок часу використовується для оновлення спливаючих вікон із часовою прив’язкою на основі поля дати. Значення null відображає, що час закінчення є невизначеним без моменту завершення."},{"name":"startIncluded","type":"boolean","description":"Відображає, чи входить дата «currentStart» поточний екстент часу карти."},{"name":"endIncluded","type":"boolean","description":"Відображає, чи входить дата «currentEnd» поточний екстент часу карти."}],"description":""}]}]},{"name":"Popup feature reduction","id":"popup-feature-reduction","bundles":["core","data-access","geometry","portal-access"],"variables":[{"name":"$feature","type":"feature","description":"Надає доступ до агрегованих полів, визначених у спливних вікнах кластеризації або бінінгу."},{"name":"$aggregatedFeatures","description":"FeatureSet, який містить усі об'єкти, представлені кластером або контейнером.","type":"featureSet"},{"name":"$view","type":"dictionary","description":"Властивості, доступні з виду.","properties":[{"name":"scale","type":"number","description":"Повертає масштаб карти на час виконання оцінювання виразом."},{"name":"timeProperties","type":"dictionary","properties":[{"name":"currentStart","type":"date","description":"Час початку екстенту часу карти, визначений компонентом бігунка часу у момент оцінювання виразу. Це значення динамічно оновлюється (і може запустити повторне виконання виразу Arcaden), коли бігунок часу використовується для оновлення спливаючих вікон із часовою прив’язкою на основі поля дати. Значення null відображає, що час початку відраховується з моменту відліку часу."},{"name":"currentEnd","type":"date","description":"Кінцевий час екстенту часу карти, визначений компонентом бігунка часу у момент оцінювання виразу. Це значення динамічно оновлюється (і може запустити повторне виконання виразу Arcaden), коли бігунок часу використовується для оновлення спливаючих вікон із часовою прив’язкою на основі поля дати. Значення null відображає, що час закінчення є невизначеним без моменту завершення."},{"name":"startIncluded","type":"boolean","description":"Відображає, чи входить дата «currentStart» поточний екстент часу карти."},{"name":"endIncluded","type":"boolean","description":"Відображає, чи входить дата «currentEnd» поточний екстент часу карти."}],"description":""}]}]},{"name":"Popup element feature reduction","id":"popup-element-feature-reduction","bundles":["core","data-access","geometry","portal-access"],"variables":[{"name":"$feature","type":"feature","description":"Надає доступ до агрегованих полів, визначених у спливних вікнах кластеризації або бінінгу."},{"name":"$aggregatedFeatures","description":"FeatureSet, який містить усі об'єкти, представлені кластером або контейнером.","type":"featureSet"},{"name":"$view","type":"dictionary","description":"Властивості, доступні з виду.","properties":[{"name":"scale","type":"number","description":"Повертає масштаб карти на час виконання оцінювання виразом."},{"name":"timeProperties","type":"dictionary","properties":[{"name":"currentStart","type":"date","description":"Час початку екстенту часу карти, визначений компонентом бігунка часу у момент оцінювання виразу. Це значення динамічно оновлюється (і може запустити повторне виконання виразу Arcaden), коли бігунок часу використовується для оновлення спливаючих вікон із часовою прив’язкою на основі поля дати. Значення null відображає, що час початку відраховується з моменту відліку часу."},{"name":"currentEnd","type":"date","description":"Кінцевий час екстенту часу карти, визначений компонентом бігунка часу у момент оцінювання виразу. Це значення динамічно оновлюється (і може запустити повторне виконання виразу Arcaden), коли бігунок часу використовується для оновлення спливаючих вікон із часовою прив’язкою на основі поля дати. Значення null відображає, що час закінчення є невизначеним без моменту завершення."},{"name":"startIncluded","type":"boolean","description":"Відображає, чи входить дата «currentStart» поточний екстент часу карти."},{"name":"endIncluded","type":"boolean","description":"Відображає, чи входить дата «currentEnd» поточний екстент часу карти."}],"description":""}]}]},{"name":"Quick Capture","id":"quick-capture","bundles":["core","data-access","geometry","portal-access"],"variables":[{"name":"$feature","type":"feature","description":"Розкриває атрибути об'єкта для використання в обчисленні."},{"name":"$layer","type":"featureSet","description":"Колекція об’єктів у тому самому шарі, що й $feature."},{"name":"$datastore","type":"featureSetCollection","description":"Колекція шарів у тих самих сервісі об'єктів або базі даних, що й $feature."},{"name":"$map","type":"featureSetCollection","description":"Колекція шарів сервісу об'єктів у карті, яка використовується в проєкті QuickCapture. Ця змінна може мати значення null."}]},{"name":"Tasks","id":"tasks","bundles":["core","data-access","geometry","portal-access"],"variables":[{"name":"$feature","description":"Об'єкт, який оцінюється задачею.","type":"feature"},{"name":"$datastore","description":"Колекція шарів у тих самих сервісі об'єктів або базі даних, що й $feature, оцінюваний у задачі.","type":"featureSetCollection"}]},{"name":"Velocity","id":"velocity","bundles":["core","geometry","track"],"variables":[{"name":"$feature","type":"feature","description":"В інструментах аналітики з одинарним введенням початкових даних об'єкт обчислюється, оцінюється або з ним виконується операція."},{"name":"$target","type":"feature","description":"В інструментах аналітики з подвійним введенням початкових даних об'єкт оцінюється для фільтрації або збагачення."},{"name":"$join","type":"feature","description":"В інструментах аналітики з подвійним введенням початкових даних об'єкт надає значення для оцінювання або збагачення цільового об'єкта."},{"name":"$analytic","type":"dictionary","description":"Значення часу, пов’язані з аналітикою, як-от час початку, останній час закінчення тощо.","properties":[]}]},{"name":"Visualization","id":"visualization","bundles":["core","geometry"],"variables":[{"name":"$feature","description":"Об'єкт, який буде намальований на карті.","type":"feature"},{"name":"$view","type":"dictionary","description":"Властивості, доступні з виду.","properties":[{"name":"scale","type":"number","description":"Повертає масштаб карти на час виконання оцінювання виразом."},{"name":"timeProperties","type":"dictionary","properties":[{"name":"currentStart","type":"date","description":"Час початку екстенту часу карти, визначений компонентом бігунка часу у момент оцінювання виразу. Це значення динамічно оновлюється (і може запустити повторне виконання виразу Arcaden), коли бігунок часу використовується для оновлення візуалізацій із часовою прив’язкою на основі поля дати. Значення null відображає, що час початку відраховується з моменту відліку часу."},{"name":"currentEnd","type":"date","description":"Кінцевий час екстенту часу карти, визначений компонентом бігунка часу у момент оцінювання виразу. Це значення динамічно оновлюється (і може запустити повторне виконання виразу Arcaden), коли бігунок часу використовується для оновлення візуалізацій із часовою прив’язкою на основі поля дати. Значення null відображає, що час закінчення є невизначеним без моменту завершення."},{"name":"startIncluded","type":"boolean","description":"Відображає, чи входить дата «currentStart» поточний екстент часу карти."},{"name":"endIncluded","type":"boolean","description":"Відображає, чи входить дата «currentEnd» поточний екстент часу карти."}],"description":""}]}]},{"name":"Voxel popup","id":"popup-voxel","bundles":["core"],"variables":[{"name":"$voxel","type":"voxel","description":"Надає доступ до атрибутів вокселя, спливаюче вікно якого відображається в сцені."}]},{"name":"Voxel popup element","id":"popup-element-voxel","bundles":["core"],"variables":[{"name":"$voxel","type":"voxel","description":"Надає доступ до атрибутів вокселя, спливаюче вікно якого відображається в сцені."}]}]