[{"name":"Minimalist","id":"minimalist","bundles":["core","data-access","geometry","portal-access"],"variables":[]},{"name":"Aggregate Field","id":"aggregate-field","bundles":["core","geometry"],"variables":[{"name":"$feature","description":"Entitat individual inclosa en una entitat agregada. Proporciona accés a tots els atributs de camp de l'entitat.","type":"feature"}]},{"name":"Alias","id":"alias","bundles":["core","geometry"],"variables":[{"name":"$value","type":"number","description":"Valor numèric per al qual es vol un àlies de text."},{"name":"$feature","type":"feature","description":"Entitat per a la qual es vol un àlies de text."}]},{"name":"Attribute rule calculation","id":"attribute-rule-calculation","bundles":["core","data-access","database","geometry","portal-access","ai"],"variables":[{"name":"$feature","type":"feature","description":"Entitat que s'està calculant."},{"name":"$originalFeature","type":"feature","description":"Estat anterior de l'entitat que s'està calculant."},{"name":"$featureSet","type":"featureSet","description":"Col·lecció d'entitats de la mateixa taula que l'entitat $feature que avalua l'expressió."},{"name":"$datastore","type":"featureSetCollection","description":"Col·lecció de capes del mateix servei d'entitats o la mateixa base de dades que l'entitat $feature que executa l'script."},{"name":"$editcontext","type":"dictionary","properties":[{"name":"editType","type":"text","description":"Indica si l'esdeveniment d'edició és INSEREIX, ACTUALITZA, SUPRIMEIX o NA (no aplicable)."}],"description":""}]},{"name":"Attribute rule constraint","id":"attribute-rule-constraint","bundles":["core","data-access","geometry","portal-access"],"variables":[{"name":"$feature","type":"feature","description":"Entitat que s'està calculant."},{"name":"$originalFeature","type":"feature","description":"Estat anterior de l'entitat que s'està calculant."},{"name":"$featureSet","type":"featureSet","description":"Col·lecció d'entitats de la mateixa taula que l'entitat $feature que avalua l'expressió."},{"name":"$datastore","type":"featureSetCollection","description":"Col·lecció de capes del mateix servei d'entitats o la mateixa base de dades que l'entitat $feature que executa l'script."},{"name":"$editcontext","type":"dictionary","properties":[{"name":"editType","type":"text","description":"Indica si l'esdeveniment d'edició és INSEREIX, ACTUALITZA, SUPRIMEIX o NA (no aplicable)."}],"description":""}]},{"name":"Attribute rule validation","id":"attribute-rule-validation","bundles":["core","data-access","geometry","portal-access"],"variables":[{"name":"$feature","type":"feature","description":"Entitat que s'està calculant."},{"name":"$featureSet","type":"featureSet","description":"Col·lecció d'entitats de la mateixa taula que l'entitat $feature que avalua l'expressió."},{"name":"$datastore","type":"featureSetCollection","description":"Col·lecció de capes del mateix servei d'entitats o la mateixa base de dades que l'entitat $feature que executa l'script."}]},{"name":"Dashboard indicator formatting","id":"dashboard-indicator-formatting","bundles":["core"],"variables":[{"name":"$datapoint","type":"feature","description":"Punt de dades que s'està avaluant per a l'element visual."},{"name":"$reference","type":"dictionary","description":"Valor de referència que s'està avaluant per a l'element visual.","properties":[]}]},{"name":"Dashboard list formatting","id":"dashboard-list-formatting","bundles":["core"],"variables":[{"name":"$datapoint","type":"feature","description":"Punt de dades que s'està avaluant per a l'element visual."}]},{"name":"Dashboard table formatting","id":"dashboard-table-formatting","bundles":["core"],"variables":[{"name":"$datapoint","type":"feature","description":"Punt de dades que s'està avaluant per a l'element visual."},{"name":"$rowindex","type":"number","description":"Posició d'una fila a la taula (basada en zero)."}]},{"name":"Dashboard data","id":"dashboard-data","bundles":["core","geometry","data-access","portal-access","knowledge-graph"],"variables":[]},{"name":"Data Pipelines","id":"data-pipelines","bundles":["core"],"variables":[{"name":"$record","type":"dictionary","description":"Proporciona accés als valors d'atribut/camp del registre que s'està calculant.","properties":[]}]},{"name":"Dictionary renderer","id":"dictionary-renderer","bundles":["core","geometry"],"variables":[{"name":"$feature","type":"feature","description":"Entitat que es dibuixarà al mapa."},{"name":"$config","type":"dictionary","description":"Diccionari de valors de configuració.","properties":[]}]},{"name":"Experience Builder data","id":"experience-builder-data","bundles":["core","data-access","geometry","portal-access"],"variables":[]},{"name":"Experience Builder list item widget formatting","id":"experience-builder-list-item-widget-formatting","bundles":["core"],"variables":[{"name":"$feature","type":"feature","description":"Representa l'entitat a l'element de la llista."}]},{"name":"Experience Builder widget formatting","id":"experience-builder-widget-formatting","bundles":["core","data-access"],"variables":[{"name":"$dataSources","type":"dictionary","description":"Fonts de dades utilitzades pel widget. Diccionari que conté parells de clau-valor, en els quals cada clau és un Id. de font de dades (per exemple, \"dataSource_1-187acf797e1-layer-5-selection\").","properties":[]}]},{"name":"Feature Display Title","id":"feature-display-title","bundles":["core"],"variables":[{"name":"$feature","type":"feature","description":"Entitat o fila per a la qual es mostrarà un títol a la IU."}]},{"name":"Feature Z","id":"feature-z","bundles":["core","geometry"],"variables":[{"name":"$feature","type":"feature","description":"Entitat que requereix un valor Z."}]},{"name":"Field calculation","id":"field-calculation","bundles":["core","data-access","geometry","portal-access","knowledge-graph","ai"],"variables":[{"name":"$feature","type":"feature","description":"Entitat que s'està calculant."},{"name":"$datastore","type":"featureSetCollection","description":"Col·lecció de capes del mateix servei d'entitats o la mateixa base de dades que l'entitat $feature que executa el càlcul."}]},{"name":"Field mapping","id":"field-mapping","bundles":["core","data-access","geometry","portal-access"],"variables":[{"name":"$sourceFeature","type":"feature","description":"Entitat d'origen del mapa de camp."},{"name":"$targetFeature","type":"feature","description":"Entitat de destinació del mapa de camp."},{"name":"$sourceLayer","type":"featureSet","description":"Col·lecció d'entitats de la mateixa capa que $sourcefeature."},{"name":"$targetLayer","type":"featureSet","description":"Col·lecció d'entitats de la mateixa capa que $targetfeature."},{"name":"$map","type":"featureSetCollection","description":"Col·lecció de capes del mapa de l'expressió de l'Arcade que s'està executant."},{"name":"$sourceDatastore","type":"featureSetCollection","description":"Col·lecció de capes del mateix magatzem de dades que $sourcelayer."},{"name":"$targetDatastore","type":"featureSetCollection","description":"Col·lecció de capes del mateix magatzem de dades que $targetlayer."}]},{"name":"Form Attachment Filename Calculation","id":"form-attachment-filename-calculation","bundles":["core","data-access","geometry","portal-access"],"variables":[{"name":"$feature","type":"feature","description":"ó_The feature being calculated______________________________à."},{"name":"$originalFeature","type":"feature","description":"ó_The previous state of the feature being calculated___________________________à."},{"name":"$layer","type":"featureSet","description":"ó_A collection of features in the same layer as $feature_____________________________à."},{"name":"$datastore","type":"featureSetCollection","description":"ó_A collection of layers in the same feature service or database as $feature_______________________________________à."},{"name":"$featureset","type":"featureSet","description":"ó_A collection of features in the same table as $feature_____________________________à."},{"name":"$map","type":"featureSetCollection","description":"ó_A collection of feature service layers in the same map as $feature___________________________________à."},{"name":"$formElement","type":"dictionary","description":"ó_Information associated with the form element________________________à.","properties":[{"name":"attachmentKeyword","type":"text","description":"ó_A text value identifying the content of the attachment. When a file is attached using the form, this property can be used in determining a new filename for the attachment_______________________________________________________________________________________à."},{"name":"label","type":"text","description":"ó_A text value indicating what the element represents___________________________à."},{"name":"description","type":"text","description":"ó_A text value that describes the element in detail__________________________à."}]}]},{"name":"Form calculation","id":"form-calculation","bundles":["core","data-access","geometry","portal-access","ai"],"variables":[{"name":"$feature","type":"feature","description":"Exposa els atributs de l'entitat per utilitzar-los al càlcul."},{"name":"$originalFeature","type":"feature","description":"Estat anterior de l'entitat que s'està calculant."},{"name":"$layer","type":"featureSet","description":"Col·lecció d'entitats de la mateixa capa que $feature."},{"name":"$datastore","type":"featureSetCollection","description":"Col·lecció de capes del mateix servei d'entitats o la mateixa base de dades que $feature."},{"name":"$featureset","type":"featureSet","description":"Col·lecció d'entitats de la mateixa taula que $feature."},{"name":"$map","type":"featureSetCollection","description":"Col·lecció de capes de servei d'entitats del mateix mapa que $feature."},{"name":"$editcontext","type":"dictionary","properties":[{"name":"editType","type":"text","description":"Indica si l'esdeveniment d'edició és INSEREIX, ACTUALITZA, SUPRIMEIX o NA (no aplicable)."}],"description":""}]},{"name":"Form Constraint","id":"form-constraint","bundles":["core","geometry","data-access","portal-access"],"variables":[{"name":"$feature","type":"feature","description":"Entitat que s'està avaluant per a la restricció."},{"name":"$originalFeature","type":"feature","description":"Estat anterior de l'entitat."},{"name":"$layer","type":"featureSet","description":"Col·lecció d'entitats de la mateixa capa que $feature."},{"name":"$datastore","type":"featureSetCollection","description":"Col·lecció de capes del mateix servei d'entitats o la mateixa base de dades que $feature."},{"name":"$featureset","type":"featureSet","description":"Col·lecció d'entitats de la mateixa taula que $feature."},{"name":"$map","type":"featureSetCollection","description":"Col·lecció de capes de servei d'entitats del mateix mapa que $feature."},{"name":"$editcontext","type":"dictionary","properties":[{"name":"editType","type":"text","description":"Indica si l'esdeveniment d'edició és INSEREIX, ACTUALITZA, SUPRIMEIX o NA (no aplicable)."}],"description":""}]},{"name":"Geoanalytics","id":"geoanalytics","bundles":["core","geometry","track"],"variables":[{"name":"$feature","type":"feature","description":"Entitat que s'està calculant."}]},{"name":"Geotrigger notification","id":"geotrigger-notification","bundles":["core","geometry","data-access"],"variables":[{"name":"$feedFeature","type":"feature","description":"Entitat d'entrada (per exemple, la ubicació d'un dispositiu o una entitat) que ha provocat que s'activés el geotrigger. Aquesta entitat ha d'incloure una geometria (normalment un punt) i un esquema fix amb les propietats següents: `course` (curs de la ubicació en graus en sentit horari, en què el 0 és el nord vertader) i `horizontalaccuracy` (precisió horitzontal de la ubicació en metres)."},{"name":"$fenceFeature","type":"feature","description":"Entitat de tanca (per exemple, una àrea d'interès) a la qual s'ha accedit o de la qual s'ha sortit i que ha provocat que s'activés el Geotrigger."},{"name":"$fenceLayer","type":"featureSet","description":"Col·lecció d'entitats de la mateixa capa que $fenceFeature."},{"name":"$fenceNotificationType","type":"text","description":"Descripció de l'esdeveniment que s'ha produït, sigui \"s'ha accedit\" o \"s'ha sortit\"."}]},{"name":"Imagery popup","id":"popup-imagery","bundles":["core","geometry"],"variables":[{"name":"$pixel","type":"pixel","description":"ó_The pixel value and other pixel-dependent information (e.g. classification category), including virtual raster fields, for the imagery layer currently displayed in the view________________________________________________________________________________________à."},{"name":"$imageCollectionItem","type":"feature","description":"ó_The metadata of the selected image collection item containing the pixel represented by `$pixel`. This value will be `null` if there is no associated image collection____________________________________________________________________________________à."},{"name":"$view","type":"dictionary","description":"ó_Properties available from the view___________________à.","properties":[{"name":"scale","type":"number","description":"ó_Returns the scale of the map at the time the expression evaluates__________________________________à."},{"name":"timeProperties","type":"dictionary","properties":[{"name":"currentStart","type":"date","description":"ó_The start time of the map's time extent as indicated by a time slider component at the time the expression evaluates. This value dynamically updates (and may trigger the re-execution of the Arcade expression) when a time slider is used to update time-aware popups based on date field. A `null` value indicates the start time is inclusive since the beginning of time________________________________________________________________________________________________________________________________________________________________________________________à."},{"name":"currentEnd","type":"date","description":"ó_The end time of the map's time extent as indicated by a time slider component at the time the expression evaluates. This value dynamically updates (and may trigger the re-execution of the Arcade expression) when a time slider is used to update time-aware popups based on date field. A `null` value indicates the end time is indefinite with no end_______________________________________________________________________________________________________________________________________________________________________________à."},{"name":"startIncluded","type":"boolean","description":"ó_Indicates if the `currentStart` date is included in the map's current time extent__________________________________________à."},{"name":"endIncluded","type":"boolean","description":"ó_Indicates if the `currentEnd` date is included in the map's current time extent_________________________________________à."}],"description":""}]},{"name":"$userInput","description":"ó_A geometry representing a user's input for a popup. Typically, this represents a location where the user clicked or tapped in a map to launch a popup. There may be cases where this value is a Point, an Extent, or `null` as popups are not always opened from map interaction. Therefore, it is advised to check the geometry type of this value before it is used____________________________________________________________________________________________________________________________________________________________________________________à.","type":"geometry"}]},{"name":"Imagery popup element","id":"popup-element-imagery","bundles":["core","geometry"],"variables":[{"name":"$pixel","type":"pixel","description":"ó_The pixel value and other pixel-dependent information (e.g. classification category), including virtual raster fields, for the imagery layer currently displayed in the view________________________________________________________________________________________à."},{"name":"$imageCollectionItem","type":"feature","description":"ó_The metadata of the selected image collection item containing the pixel represented by `$pixel`. This value will be `null` if there is no associated image collection____________________________________________________________________________________à."},{"name":"$view","type":"dictionary","description":"ó_Properties available from the view___________________à.","properties":[{"name":"scale","type":"number","description":"ó_Returns the scale of the map at the time the expression evaluates__________________________________à."},{"name":"timeProperties","type":"dictionary","properties":[{"name":"currentStart","type":"date","description":"ó_The start time of the map's time extent as indicated by a time slider component at the time the expression evaluates. This value dynamically updates (and may trigger the re-execution of the Arcade expression) when a time slider is used to update time-aware popups based on date field. A `null` value indicates the start time is inclusive since the beginning of time________________________________________________________________________________________________________________________________________________________________________________________à."},{"name":"currentEnd","type":"date","description":"ó_The end time of the map's time extent as indicated by a time slider component at the time the expression evaluates. This value dynamically updates (and may trigger the re-execution of the Arcade expression) when a time slider is used to update time-aware popups based on date field. A `null` value indicates the end time is indefinite with no end_______________________________________________________________________________________________________________________________________________________________________________à."},{"name":"startIncluded","type":"boolean","description":"ó_Indicates if the `currentStart` date is included in the map's current time extent__________________________________________à."},{"name":"endIncluded","type":"boolean","description":"ó_Indicates if the `currentEnd` date is included in the map's current time extent_________________________________________à."}],"description":""}]},{"name":"$userInput","description":"ó_A geometry representing a user's input for a popup. Typically, this represents a location where the user clicked or tapped in a map to launch a popup. There may be cases where this value is a Point, an Extent, or `null` as popups are not always opened from map interaction. Therefore, it is advised to check the geometry type of this value before it is used____________________________________________________________________________________________________________________________________________________________________________________à.","type":"geometry"}]},{"name":"Labeling","id":"labeling","bundles":["core","geometry"],"variables":[{"name":"$feature","type":"feature","description":"Entitat de la qual se'n dibuixarà l'etiqueta al mapa."},{"name":"$view","type":"dictionary","description":"Propietats disponibles des de la visualització.","properties":[{"name":"scale","type":"number","description":"Retorna l'escala del mapa en el moment que avalua l'expressió."},{"name":"timeProperties","type":"dictionary","properties":[{"name":"currentStart","type":"date","description":"Temps inicial de l'extensió de temps del mapa tal com s'indica en un component de control lliscant de temps en el moment en què s'avalua l'expressió. Aquest valor s'actualitza dinàmicament (i pot desencadenar que es torni a executar l'expressió de l'Arcade) quan es fa servir un control lliscant de temps per actualitzar etiquetes amb el temps habilitat en funció del camp de data. Un valor `null` indica que el temps inicial és inclusiu des del principi del temps."},{"name":"currentEnd","type":"date","description":"Temps final de l'extensió de temps del mapa tal com s'indica en un component de control lliscant de temps en el moment en què s'avalua l'expressió. Aquest valor s'actualitza dinàmicament (i pot desencadenar que es torni a executar l'expressió de l'Arcade) quan es fa servir un control lliscant de temps per actualitzar etiquetes amb el temps habilitat en funció del camp de data. Un valor `null` indica que el temps final és indefinit sense final."},{"name":"startIncluded","type":"boolean","description":"Indica si la data de `currentStart` està inclosa en l'extensió de temps actual del mapa."},{"name":"endIncluded","type":"boolean","description":"Indica si la data de `currentEnd` està inclosa en l'extensió de temps actual del mapa."}],"description":""}]}]},{"name":"Layout","id":"layout","bundles":["core","geometry"],"variables":[{"name":"$feature","type":"feature","description":"Entitat de la qual se'n mostraran els valors al disseny."}]},{"name":"Location update constraint","id":"location-update-constraint","bundles":["core","geometry"],"variables":[{"name":"$locationupdate","type":"dictionary","description":"Entitat d'actualització de la ubicació (per exemple, des de GPS) que s'està avaluant per a la restricció.","properties":[{"name":"course","type":"number","description":"Curs de la ubicació en graus en sentit horari, en què el 0 és el nord vertader."},{"name":"horizontalaccuracy","type":"number","description":"Precisió horitzontal de la ubicació en metres."},{"name":"verticalaccuracy","type":"number","description":"Precisió vertical de la ubicació en metres."},{"name":"velocity","type":"number","description":"Velocitat de la ubicació en metres per segon."}]}]},{"name":"Model Builder","id":"model-builder","bundles":["core","geometry","data-access","portal-access"],"variables":[{"name":"$variables","type":"dictionary","description":"Diccionari que conté noms i valors de variables.","properties":[]}]},{"name":"Measure visualization","id":"measure-visualization","bundles":["core","geometry"],"variables":[{"name":"$measure","type":"number","description":"Valor M interpolat per a la ubicació del marcador."},{"name":"$feature","type":"feature","description":"Entitat que es dibuixarà al mapa."},{"name":"$view","type":"dictionary","properties":[{"name":"scale","type":"number","description":"Retorna l'escala del mapa en el moment que avalua l'expressió."}],"description":""}]},{"name":"Popup","id":"popup","bundles":["core","data-access","geometry","portal-access","knowledge-graph"],"variables":[{"name":"$feature","type":"feature","description":"Proporciona accés als atributs i a la geometria de l'entitat de la qual es mostrarà la finestra emergent a la visualització."},{"name":"$layer","description":"Col·lecció d'entitats de la mateixa capa que l'entitat $feature de la qual es mostra la finestra emergent a la visualització.","type":"featureSet"},{"name":"$map","description":"Col·lecció de capes del mateix mapa que l'entitat $feature de la qual es mostra la finestra emergent a la visualització. Aquest valor pot ser `null` en aquells casos en què una finestra emergent no estigui associada amb cap mapa.","type":"featureSetCollection"},{"name":"$datastore","description":"Col·lecció de capes del mateix servei d'entitats o la mateixa base de dades que l'entitat $feature de la qual es mostra la finestra emergent a la visualització.","type":"featureSetCollection"},{"name":"$userInput","description":"Una geometria que representa l'entrada d'un usuari per a una finestra emergent. Sol representar una ubicació on un usuari ha tocat un mapa o hi ha fet clic per iniciar una finestra emergent. Hi pot haver alguns casos en què aquest valor sigui un punt, una extensió o `null`, ja que les finestres emergents no sempre s'obren a partir de la interacció amb el mapa. Per tant, es recomana comprovar el tipus de geometria d'aquest valor abans d'utilitzar-lo.","type":"geometry"},{"name":"$graph","description":"Gràfic de coneixements associat amb l'entitat. Si no hi ha cap gràfic de coneixements disponible, el valor serà `null`.","type":"knowledgeGraph"},{"name":"$view","type":"dictionary","description":"Propietats disponibles des de la visualització.","properties":[{"name":"scale","type":"number","description":"Retorna l'escala del mapa en el moment que avalua l'expressió."},{"name":"timeProperties","type":"dictionary","properties":[{"name":"currentStart","type":"date","description":"Temps inicial de l'extensió de temps del mapa tal com s'indica en un component de control lliscant de temps en el moment en què s'avalua l'expressió. Aquest valor s'actualitza dinàmicament (i pot desencadenar que es torni a executar l'expressió de l'Arcade) quan es fa servir un control lliscant de temps per actualitzar finestres emergents amb el temps habilitat en funció del camp de data. Un valor `null` indica que el temps inicial és inclusiu des del principi del temps."},{"name":"currentEnd","type":"date","description":"Temps final de l'extensió de temps del mapa tal com s'indica en un component de control lliscant de temps en el moment en què s'avalua l'expressió. Aquest valor s'actualitza dinàmicament (i pot desencadenar que es torni a executar l'expressió de l'Arcade) quan es fa servir un control lliscant de temps per actualitzar finestres emergents amb el temps habilitat en funció del camp de data. Un valor `null` indica que el temps final és indefinit sense final."},{"name":"startIncluded","type":"boolean","description":"Indica si la data de `currentStart` està inclosa en l'extensió de temps actual del mapa."},{"name":"endIncluded","type":"boolean","description":"Indica si la data de `currentEnd` està inclosa en l'extensió de temps actual del mapa."}],"description":""}]}]},{"name":"Popup element","id":"popup-element","bundles":["core","data-access","geometry","portal-access","knowledge-graph"],"variables":[{"name":"$feature","type":"feature","description":"Proporciona accés als atributs i a la geometria de l'entitat de la qual es mostrarà la finestra emergent a la visualització."},{"name":"$layer","description":"Col·lecció d'entitats de la mateixa capa que l'entitat $feature de la qual es mostra la finestra emergent a la visualització.","type":"featureSet"},{"name":"$map","description":"Col·lecció de capes del mateix mapa que l'entitat $feature de la qual es mostra la finestra emergent a la visualització. Aquest valor pot ser `null` en aquells casos en què una finestra emergent no estigui associada amb cap mapa.","type":"featureSetCollection"},{"name":"$datastore","description":"Col·lecció de capes del mateix servei d'entitats o la mateixa base de dades que l'entitat $feature de la qual es mostra la finestra emergent a la visualització.","type":"featureSetCollection"},{"name":"$userInput","description":"Una geometria que representa l'entrada d'un usuari per a una finestra emergent. Sol representar una ubicació on un usuari ha tocat un mapa o hi ha fet clic per iniciar una finestra emergent. Hi pot haver alguns casos en què aquest valor sigui un punt, una extensió o `null`, ja que les finestres emergents no sempre s'obren a partir de la interacció amb el mapa. Per tant, es recomana comprovar el tipus de geometria d'aquest valor abans d'utilitzar-lo.","type":"geometry"},{"name":"$graph","description":"Gràfic de coneixements associat amb l'entitat. Si no hi ha cap gràfic de coneixements disponible, el valor serà `null`.","type":"knowledgeGraph"},{"name":"$view","type":"dictionary","description":"Propietats disponibles des de la visualització.","properties":[{"name":"scale","type":"number","description":"Retorna l'escala del mapa en el moment que avalua l'expressió."},{"name":"timeProperties","type":"dictionary","properties":[{"name":"currentStart","type":"date","description":"Temps inicial de l'extensió de temps del mapa tal com s'indica en un component de control lliscant de temps en el moment en què s'avalua l'expressió. Aquest valor s'actualitza dinàmicament (i pot desencadenar que es torni a executar l'expressió de l'Arcade) quan es fa servir un control lliscant de temps per actualitzar finestres emergents amb el temps habilitat en funció del camp de data. Un valor `null` indica que el temps inicial és inclusiu des del principi del temps."},{"name":"currentEnd","type":"date","description":"Temps final de l'extensió de temps del mapa tal com s'indica en un component de control lliscant de temps en el moment en què s'avalua l'expressió. Aquest valor s'actualitza dinàmicament (i pot desencadenar que es torni a executar l'expressió de l'Arcade) quan es fa servir un control lliscant de temps per actualitzar finestres emergents amb el temps habilitat en funció del camp de data. Un valor `null` indica que el temps final és indefinit sense final."},{"name":"startIncluded","type":"boolean","description":"Indica si la data de `currentStart` està inclosa en l'extensió de temps actual del mapa."},{"name":"endIncluded","type":"boolean","description":"Indica si la data de `currentEnd` està inclosa en l'extensió de temps actual del mapa."}],"description":""}]}]},{"name":"Popup feature reduction","id":"popup-feature-reduction","bundles":["core","data-access","geometry","portal-access"],"variables":[{"name":"$feature","type":"feature","description":"Proporciona accés als camps agregats definits en finestres emergents de clustering o agrupació en bins."},{"name":"$aggregatedFeatures","description":"FeatureSet que conté totes les entitats representades pel clúster o el bin.","type":"featureSet"},{"name":"$view","type":"dictionary","description":"Propietats disponibles des de la visualització.","properties":[{"name":"scale","type":"number","description":"Retorna l'escala del mapa en el moment que avalua l'expressió."},{"name":"timeProperties","type":"dictionary","properties":[{"name":"currentStart","type":"date","description":"Temps inicial de l'extensió de temps del mapa tal com s'indica en un component de control lliscant de temps en el moment en què s'avalua l'expressió. Aquest valor s'actualitza dinàmicament (i pot desencadenar que es torni a executar l'expressió de l'Arcade) quan es fa servir un control lliscant de temps per actualitzar finestres emergents amb el temps habilitat en funció del camp de data. Un valor `null` indica que el temps inicial és inclusiu des del principi del temps."},{"name":"currentEnd","type":"date","description":"Temps final de l'extensió de temps del mapa tal com s'indica en un component de control lliscant de temps en el moment en què s'avalua l'expressió. Aquest valor s'actualitza dinàmicament (i pot desencadenar que es torni a executar l'expressió de l'Arcade) quan es fa servir un control lliscant de temps per actualitzar finestres emergents amb el temps habilitat en funció del camp de data. Un valor `null` indica que el temps final és indefinit sense final."},{"name":"startIncluded","type":"boolean","description":"Indica si la data de `currentStart` està inclosa en l'extensió de temps actual del mapa."},{"name":"endIncluded","type":"boolean","description":"Indica si la data de `currentEnd` està inclosa en l'extensió de temps actual del mapa."}],"description":""}]}]},{"name":"Popup element feature reduction","id":"popup-element-feature-reduction","bundles":["core","data-access","geometry","portal-access"],"variables":[{"name":"$feature","type":"feature","description":"Proporciona accés als camps agregats definits en finestres emergents de clustering o agrupació en bins."},{"name":"$aggregatedFeatures","description":"FeatureSet que conté totes les entitats representades pel clúster o el bin.","type":"featureSet"},{"name":"$view","type":"dictionary","description":"Propietats disponibles des de la visualització.","properties":[{"name":"scale","type":"number","description":"Retorna l'escala del mapa en el moment que avalua l'expressió."},{"name":"timeProperties","type":"dictionary","properties":[{"name":"currentStart","type":"date","description":"Temps inicial de l'extensió de temps del mapa tal com s'indica en un component de control lliscant de temps en el moment en què s'avalua l'expressió. Aquest valor s'actualitza dinàmicament (i pot desencadenar que es torni a executar l'expressió de l'Arcade) quan es fa servir un control lliscant de temps per actualitzar finestres emergents amb el temps habilitat en funció del camp de data. Un valor `null` indica que el temps inicial és inclusiu des del principi del temps."},{"name":"currentEnd","type":"date","description":"Temps final de l'extensió de temps del mapa tal com s'indica en un component de control lliscant de temps en el moment en què s'avalua l'expressió. Aquest valor s'actualitza dinàmicament (i pot desencadenar que es torni a executar l'expressió de l'Arcade) quan es fa servir un control lliscant de temps per actualitzar finestres emergents amb el temps habilitat en funció del camp de data. Un valor `null` indica que el temps final és indefinit sense final."},{"name":"startIncluded","type":"boolean","description":"Indica si la data de `currentStart` està inclosa en l'extensió de temps actual del mapa."},{"name":"endIncluded","type":"boolean","description":"Indica si la data de `currentEnd` està inclosa en l'extensió de temps actual del mapa."}],"description":""}]}]},{"name":"Quick Capture","id":"quick-capture","bundles":["core","data-access","geometry","portal-access"],"variables":[{"name":"$feature","type":"feature","description":"Exposa els atributs de l'entitat per utilitzar-los al càlcul."},{"name":"$layer","type":"featureSet","description":"Col·lecció d'entitats de la mateixa capa que $feature."},{"name":"$datastore","type":"featureSetCollection","description":"Col·lecció de capes del mateix servei d'entitats o la mateixa base de dades que $feature."},{"name":"$map","type":"featureSetCollection","description":"Col·lecció de capes de servei d'entitats del mapa que utilitza el projecte del QuickCapture. Aquesta variable pot ser `null`."}]},{"name":"Tasks","id":"tasks","bundles":["core","data-access","geometry","portal-access"],"variables":[{"name":"$feature","description":"Entitat que avalua la tasca.","type":"feature"},{"name":"$datastore","description":"Col·lecció de capes del mateix servei d'entitats o la mateixa base de dades que l'entitat $feature que avalua la tasca.","type":"featureSetCollection"}]},{"name":"Velocity","id":"velocity","bundles":["core","geometry","track"],"variables":[{"name":"$feature","type":"feature","description":"En eines d'anàlisi amb entrades úniques, l'entitat que es calcula, s'avalua o s'opera."},{"name":"$target","type":"feature","description":"En eines d'anàlisi amb dues entrades, l'entitat que s'avalua per al filtratge o l'enriquiment."},{"name":"$join","type":"feature","description":"En eines d'anàlisi amb dues entrades, l'entitat que proporciona valors per a l'avaluació o l'enriquiment de l'entitat de destinació."},{"name":"$analytic","type":"dictionary","description":"Valors de temps associats a l'anàlisi, com ara l'hora d'inici, l'hora de finalització, etc.","properties":[]}]},{"name":"Visualization","id":"visualization","bundles":["core","geometry"],"variables":[{"name":"$feature","description":"Entitat que es dibuixarà al mapa.","type":"feature"},{"name":"$view","type":"dictionary","description":"Propietats disponibles des de la visualització.","properties":[{"name":"scale","type":"number","description":"Retorna l'escala del mapa en el moment que avalua l'expressió."},{"name":"timeProperties","type":"dictionary","properties":[{"name":"currentStart","type":"date","description":"Temps inicial de l'extensió de temps del mapa tal com s'indica en un component de control lliscant de temps en el moment en què s'avalua l'expressió. Aquest valor s'actualitza dinàmicament (i pot desencadenar que es torni a executar l'expressió de l'Arcade) quan es fa servir un control lliscant de temps per actualitzar visualitzacions amb el temps habilitat en funció del camp de data. Un valor `null` indica que el temps inicial és inclusiu des del principi del temps."},{"name":"currentEnd","type":"date","description":"Temps final de l'extensió de temps del mapa tal com s'indica en un component de control lliscant de temps en el moment en què s'avalua l'expressió. Aquest valor s'actualitza dinàmicament (i pot desencadenar que es torni a executar l'expressió de l'Arcade) quan es fa servir un control lliscant de temps per actualitzar visualitzacions amb el temps habilitat en funció del camp de data. Un valor `null` indica que el temps final és indefinit sense final."},{"name":"startIncluded","type":"boolean","description":"Indica si la data de `currentStart` està inclosa en l'extensió de temps actual del mapa."},{"name":"endIncluded","type":"boolean","description":"Indica si la data de `currentEnd` està inclosa en l'extensió de temps actual del mapa."}],"description":""}]}]},{"name":"Voxel popup","id":"popup-voxel","bundles":["core"],"variables":[{"name":"$voxel","type":"voxel","description":"Proporciona accés als atributs del vòxel la finestra emergent del qual es mostrarà a l'escena."}]},{"name":"Voxel popup element","id":"popup-element-voxel","bundles":["core"],"variables":[{"name":"$voxel","type":"voxel","description":"Proporciona accés als atributs del vòxel la finestra emergent del qual es mostrarà a l'escena."}]}]