[{"name":"Minimalist","id":"minimalist","bundles":["core","data-access","geometry","portal-access"],"variables":[]},{"name":"Aggregate Field","id":"aggregate-field","bundles":["core","geometry"],"variables":[{"name":"$feature","description":"معلم فردي متضمن في معلم تجميع. يتيح ذلك الوصول إلى جميع بيانات الحقل الجدولية الخاصة بالمعلم.","type":"feature"}]},{"name":"Alias","id":"alias","bundles":["core","geometry"],"variables":[{"name":"$value","type":"number","description":"القيمة الرقمية المطلوب لها اسم مستعار نصي."},{"name":"$feature","type":"feature","description":"المعلم المطلوب له اسم مستعار نصي."}]},{"name":"Attribute rule calculation","id":"attribute-rule-calculation","bundles":["core","data-access","database","geometry","portal-access","ai"],"variables":[{"name":"$feature","type":"feature","description":"يُجرى حساب المعلم."},{"name":"$originalFeature","type":"feature","description":"الحالة السابقة للمعلم التي يُجرى حسابها."},{"name":"$featureSet","type":"featureSet","description":"مجموعة من المعالم في نفس الجدول مثل $feature التي تقيم التعبير."},{"name":"$datastore","type":"featureSetCollection","description":"مجموعة من الطبقات في نفس خدمة المعالم أو قاعدة البيانات مثل $feature التي تنفذ البرنامج النصي."},{"name":"$editcontext","type":"dictionary","properties":[{"name":"editType","type":"text","description":"يشير إلى ما إذا كان حدث التحرير هو INSERT (الإدراج) أو UPDATE (التحديث) أو DELETE (الحذف) أو NA (غير متاح) (غير قابل للتطبيق)."}],"description":""}]},{"name":"Attribute rule constraint","id":"attribute-rule-constraint","bundles":["core","data-access","geometry","portal-access"],"variables":[{"name":"$feature","type":"feature","description":"يُجرى حساب المعلم."},{"name":"$originalFeature","type":"feature","description":"الحالة السابقة للمعلم التي يُجرى حسابها."},{"name":"$featureSet","type":"featureSet","description":"مجموعة من المعالم في نفس الجدول مثل $feature التي تقيم التعبير."},{"name":"$datastore","type":"featureSetCollection","description":"مجموعة من الطبقات في نفس خدمة المعالم أو قاعدة البيانات مثل $feature التي تنفذ البرنامج النصي."},{"name":"$editcontext","type":"dictionary","properties":[{"name":"editType","type":"text","description":"يشير إلى ما إذا كان حدث التحرير هو INSERT (الإدراج) أو UPDATE (التحديث) أو DELETE (الحذف) أو NA (غير متاح) (غير قابل للتطبيق)."}],"description":""}]},{"name":"Attribute rule validation","id":"attribute-rule-validation","bundles":["core","data-access","geometry","portal-access"],"variables":[{"name":"$feature","type":"feature","description":"يُجرى حساب المعلم."},{"name":"$featureSet","type":"featureSet","description":"مجموعة من المعالم في نفس الجدول مثل $feature التي تقيم التعبير."},{"name":"$datastore","type":"featureSetCollection","description":"مجموعة من الطبقات في نفس خدمة المعالم أو قاعدة البيانات مثل $feature التي تنفذ البرنامج النصي."}]},{"name":"Dashboard indicator formatting","id":"dashboard-indicator-formatting","bundles":["core"],"variables":[{"name":"$datapoint","type":"feature","description":"يُجرى تقييم نقطة البيانات للعنصر البصري."},{"name":"$reference","type":"dictionary","description":"القيمة المرجعية التي يُجرى تقييمها للعنصر البصري.","properties":[]}]},{"name":"Dashboard list formatting","id":"dashboard-list-formatting","bundles":["core"],"variables":[{"name":"$datapoint","type":"feature","description":"يُجرى تقييم نقطة البيانات للعنصر البصري."}]},{"name":"Dashboard table formatting","id":"dashboard-table-formatting","bundles":["core"],"variables":[{"name":"$datapoint","type":"feature","description":"يُجرى تقييم نقطة البيانات للعنصر البصري."},{"name":"$rowindex","type":"number","description":"موضع الصف في الجدول (أساسه صفر)."}]},{"name":"Dashboard data","id":"dashboard-data","bundles":["core","geometry","data-access","portal-access","knowledge-graph"],"variables":[]},{"name":"Data Pipelines","id":"data-pipelines","bundles":["core"],"variables":[{"name":"$record","type":"dictionary","description":"يوفر الوصول إلى قيم البيانات الجدولية/الحقل للسجل الذي يجري حسابه.","properties":[]}]},{"name":"Dictionary renderer","id":"dictionary-renderer","bundles":["core","geometry"],"variables":[{"name":"$feature","type":"feature","description":"المعلم الذي سيُرسم على الخريطة."},{"name":"$config","type":"dictionary","description":"قاموس قيم التكوين.","properties":[]}]},{"name":"Experience Builder data","id":"experience-builder-data","bundles":["core","data-access","geometry","portal-access"],"variables":[]},{"name":"Experience Builder list item widget formatting","id":"experience-builder-list-item-widget-formatting","bundles":["core"],"variables":[{"name":"$feature","type":"feature","description":"يمثل المعلم الموجود في عنصر القائمة."}]},{"name":"Experience Builder widget formatting","id":"experience-builder-widget-formatting","bundles":["core","data-access"],"variables":[{"name":"$dataSources","type":"dictionary","description":"مصادر البيانات التي تستخدمها عنصر واجهة المستخدم. هذا قاموس يحتوي على أزواج قيمة أساسية، حيث يكون كل مفتاح عبارة عن معرف مصدر بيانات (على سبيل المثال `dataSource_1-187acf797e1-layer-5-selection`).","properties":[]}]},{"name":"Feature Display Title","id":"feature-display-title","bundles":["core"],"variables":[{"name":"$feature","type":"feature","description":"المعلم أو الصف الذي سيتم عرض عنوانه في واجهة المستخدم."}]},{"name":"Feature Z","id":"feature-z","bundles":["core","geometry"],"variables":[{"name":"$feature","type":"feature","description":"المعلم الذي يتطلب قيمة Z."}]},{"name":"Field calculation","id":"field-calculation","bundles":["core","data-access","geometry","portal-access","knowledge-graph","ai"],"variables":[{"name":"$feature","type":"feature","description":"يُجرى حساب المعلم."},{"name":"$datastore","type":"featureSetCollection","description":"مجموعة من الطبقات في نفس خدمة المعالم أو قاعدة البيانات مثل $feature التي تنفذ الحساب."}]},{"name":"Field mapping","id":"field-mapping","bundles":["core","data-access","geometry","portal-access"],"variables":[{"name":"$sourceFeature","type":"feature","description":"معلم المصدر لخريطة الحقل."},{"name":"$targetFeature","type":"feature","description":"المعلم المستهدف لخريطة الحقل."},{"name":"$sourceLayer","type":"featureSet","description":"مجموعة من المعالم في نفس طبقة $sourcefeature."},{"name":"$targetLayer","type":"featureSet","description":"مجموعة من المعالم في نفس طبقة $targetfeature."},{"name":"$map","type":"featureSetCollection","description":"مجموعة من الطبقات في خريطة تعبير الأقواس المنفذة."},{"name":"$sourceDatastore","type":"featureSetCollection","description":"مجموعة من الطبقات في نفس مخزن البيانات مثل $sourcelayer."},{"name":"$targetDatastore","type":"featureSetCollection","description":"مجموعة من الطبقات في نفس مخزن البيانات مثل $targetlayer."}]},{"name":"Form Attachment Filename Calculation","id":"form-attachment-filename-calculation","bundles":["core","data-access","geometry","portal-access"],"variables":[{"name":"$feature","type":"feature","description":"بيت_The feature being calculated______________________________لاحقة."},{"name":"$originalFeature","type":"feature","description":"بيت_The previous state of the feature being calculated___________________________لاحقة."},{"name":"$layer","type":"featureSet","description":"بيت_A collection of features in the same layer as $feature_____________________________لاحقة."},{"name":"$datastore","type":"featureSetCollection","description":"بيت_A collection of layers in the same feature service or database as $feature_______________________________________لاحقة."},{"name":"$featureset","type":"featureSet","description":"بيت_A collection of features in the same table as $feature_____________________________لاحقة."},{"name":"$map","type":"featureSetCollection","description":"بيت_A collection of feature service layers in the same map as $feature___________________________________لاحقة."},{"name":"$formElement","type":"dictionary","description":"بيت_Information associated with the form element________________________لاحقة.","properties":[{"name":"attachmentKeyword","type":"text","description":"بيت_A text value identifying the content of the attachment. When a file is attached using the form, this property can be used in determining a new filename for the attachment_______________________________________________________________________________________لاحقة."},{"name":"label","type":"text","description":"بيت_A text value indicating what the element represents___________________________لاحقة."},{"name":"description","type":"text","description":"بيت_A text value that describes the element in detail__________________________لاحقة."}]}]},{"name":"Form calculation","id":"form-calculation","bundles":["core","data-access","geometry","portal-access","ai"],"variables":[{"name":"$feature","type":"feature","description":"يعرض سمات المعلم للاستخدام في الحساب"},{"name":"$originalFeature","type":"feature","description":"الحالة السابقة للمعلم التي يُجرى حسابها."},{"name":"$layer","type":"featureSet","description":"مجموعة من المعالم في نفس طبقة $feature."},{"name":"$datastore","type":"featureSetCollection","description":"مجموعة من الطبقات في نفس خدمة المعالم أو قاعدة البيانات مثل $feature."},{"name":"$featureset","type":"featureSet","description":"مجموعة من المعالم في نفس الجدول مثل $feature."},{"name":"$map","type":"featureSetCollection","description":"مجموعة من طبقات خدمة المعالم في نفس الخريطة مثل $feature."},{"name":"$editcontext","type":"dictionary","properties":[{"name":"editType","type":"text","description":"يشير إلى ما إذا كان حدث التحرير هو INSERT (الإدراج) أو UPDATE (التحديث) أو DELETE (الحذف) أو NA (غير متاح) (غير قابل للتطبيق)."}],"description":""}]},{"name":"Form Constraint","id":"form-constraint","bundles":["core","geometry","data-access","portal-access"],"variables":[{"name":"$feature","type":"feature","description":"المعلم الذي يُجرى تقييمه للقيود."},{"name":"$originalFeature","type":"feature","description":"الحالة السابقة للمعلم."},{"name":"$layer","type":"featureSet","description":"مجموعة من المعالم في نفس طبقة $feature."},{"name":"$datastore","type":"featureSetCollection","description":"مجموعة من الطبقات في نفس خدمة المعالم أو قاعدة البيانات مثل $feature."},{"name":"$featureset","type":"featureSet","description":"مجموعة من المعالم في نفس الجدول مثل $feature."},{"name":"$map","type":"featureSetCollection","description":"مجموعة من طبقات خدمة المعالم في نفس الخريطة مثل $feature."},{"name":"$editcontext","type":"dictionary","properties":[{"name":"editType","type":"text","description":"يشير إلى ما إذا كان حدث التحرير هو INSERT (الإدراج) أو UPDATE (التحديث) أو DELETE (الحذف) أو NA (غير متاح) (غير قابل للتطبيق)."}],"description":""}]},{"name":"Geoanalytics","id":"geoanalytics","bundles":["core","geometry","track"],"variables":[{"name":"$feature","type":"feature","description":"يُجرى حساب المعلم."}]},{"name":"Geotrigger notification","id":"geotrigger-notification","bundles":["core","geometry","data-access"],"variables":[{"name":"$feedFeature","type":"feature","description":"خاصية الإدخال (مثل موقع الجهاز أو معلم) التي تسببت في تنشيط المشغل الأرضي. يجب أن يتضمن هذا المعلم شكلًا هندسيًا (عادةً نقطة) ومخططًا ثابتًا بالخصائص التالية: `course` (مسار الموقع بالدرجات في اتجاه عقارب الساعة، 0 هو الشمال الحقيقي) و`horizontalaccuracy` (الدقة الأفقية للموقع بالأمتار)."},{"name":"$fenceFeature","type":"feature","description":"معلم السياج (على سبيل المثال، منطقة مثيرة للاهتمام) التي تم إدخالها أو الخروج منها وتسبب في تنشيط المُشغل الجغرافي (Geotrigger)."},{"name":"$fenceLayer","type":"featureSet","description":"مجموعة من المعالم في نفس الطبقة مثل $fenceFeature."},{"name":"$fenceNotificationType","type":"text","description":"وصف للحدث الذي وقع إما \"دخل\" أو \"خرج\"."}]},{"name":"Imagery popup","id":"popup-imagery","bundles":["core","geometry"],"variables":[{"name":"$pixel","type":"pixel","description":"بيت_The pixel value and other pixel-dependent information (e.g. classification category), including virtual raster fields, for the imagery layer currently displayed in the view________________________________________________________________________________________لاحقة."},{"name":"$imageCollectionItem","type":"feature","description":"بيت_The metadata of the selected image collection item containing the pixel represented by `$pixel`. This value will be `null` if there is no associated image collection____________________________________________________________________________________لاحقة."},{"name":"$view","type":"dictionary","description":"بيت_Properties available from the view___________________لاحقة.","properties":[{"name":"scale","type":"number","description":"بيت_Returns the scale of the map at the time the expression evaluates__________________________________لاحقة."},{"name":"timeProperties","type":"dictionary","properties":[{"name":"currentStart","type":"date","description":"بيت_The start time of the map's time extent as indicated by a time slider component at the time the expression evaluates. This value dynamically updates (and may trigger the re-execution of the Arcade expression) when a time slider is used to update time-aware popups based on date field. A `null` value indicates the start time is inclusive since the beginning of time________________________________________________________________________________________________________________________________________________________________________________________لاحقة."},{"name":"currentEnd","type":"date","description":"بيت_The end time of the map's time extent as indicated by a time slider component at the time the expression evaluates. This value dynamically updates (and may trigger the re-execution of the Arcade expression) when a time slider is used to update time-aware popups based on date field. A `null` value indicates the end time is indefinite with no end_______________________________________________________________________________________________________________________________________________________________________________لاحقة."},{"name":"startIncluded","type":"boolean","description":"بيت_Indicates if the `currentStart` date is included in the map's current time extent__________________________________________لاحقة."},{"name":"endIncluded","type":"boolean","description":"بيت_Indicates if the `currentEnd` date is included in the map's current time extent_________________________________________لاحقة."}],"description":""}]},{"name":"$userInput","description":"بيت_A geometry representing a user's input for a popup. Typically, this represents a location where the user clicked or tapped in a map to launch a popup. There may be cases where this value is a Point, an Extent, or `null` as popups are not always opened from map interaction. Therefore, it is advised to check the geometry type of this value before it is used____________________________________________________________________________________________________________________________________________________________________________________لاحقة.","type":"geometry"}]},{"name":"Imagery popup element","id":"popup-element-imagery","bundles":["core","geometry"],"variables":[{"name":"$pixel","type":"pixel","description":"بيت_The pixel value and other pixel-dependent information (e.g. classification category), including virtual raster fields, for the imagery layer currently displayed in the view________________________________________________________________________________________لاحقة."},{"name":"$imageCollectionItem","type":"feature","description":"بيت_The metadata of the selected image collection item containing the pixel represented by `$pixel`. This value will be `null` if there is no associated image collection____________________________________________________________________________________لاحقة."},{"name":"$view","type":"dictionary","description":"بيت_Properties available from the view___________________لاحقة.","properties":[{"name":"scale","type":"number","description":"بيت_Returns the scale of the map at the time the expression evaluates__________________________________لاحقة."},{"name":"timeProperties","type":"dictionary","properties":[{"name":"currentStart","type":"date","description":"بيت_The start time of the map's time extent as indicated by a time slider component at the time the expression evaluates. This value dynamically updates (and may trigger the re-execution of the Arcade expression) when a time slider is used to update time-aware popups based on date field. A `null` value indicates the start time is inclusive since the beginning of time________________________________________________________________________________________________________________________________________________________________________________________لاحقة."},{"name":"currentEnd","type":"date","description":"بيت_The end time of the map's time extent as indicated by a time slider component at the time the expression evaluates. This value dynamically updates (and may trigger the re-execution of the Arcade expression) when a time slider is used to update time-aware popups based on date field. A `null` value indicates the end time is indefinite with no end_______________________________________________________________________________________________________________________________________________________________________________لاحقة."},{"name":"startIncluded","type":"boolean","description":"بيت_Indicates if the `currentStart` date is included in the map's current time extent__________________________________________لاحقة."},{"name":"endIncluded","type":"boolean","description":"بيت_Indicates if the `currentEnd` date is included in the map's current time extent_________________________________________لاحقة."}],"description":""}]},{"name":"$userInput","description":"بيت_A geometry representing a user's input for a popup. Typically, this represents a location where the user clicked or tapped in a map to launch a popup. There may be cases where this value is a Point, an Extent, or `null` as popups are not always opened from map interaction. Therefore, it is advised to check the geometry type of this value before it is used____________________________________________________________________________________________________________________________________________________________________________________لاحقة.","type":"geometry"}]},{"name":"Labeling","id":"labeling","bundles":["core","geometry"],"variables":[{"name":"$feature","type":"feature","description":"المعلم الذي ستُرسم تسميته على الخريطة."},{"name":"$view","type":"dictionary","description":"الخصائص المتاحة من العرض.","properties":[{"name":"scale","type":"number","description":"ترجع مقياس الخريطة في وقت تقييم التعبير."},{"name":"timeProperties","type":"dictionary","properties":[{"name":"currentStart","type":"date","description":"وقت بدء النطاق الزمني للخريطة كما هو موضح بواسطة مكون شريط تمرير الوقت في وقت تقييم التعبير. يتم تحديث هذه القيمة ديناميكيًا (وقد تؤدي إلى إعادة تنفيذ تعبير Arcade) عند استخدام شريط تمرير الوقت لتحديث التسميات المدركة للوقت بناءً على حقل التاريخ. تشير القيمة `null` إلى أن وقت البدء شامل منذ بداية الوقت."},{"name":"currentEnd","type":"date","description":"وقت نهاية النطاق الزمني للخريطة كما هو موضح بواسطة مكون شريط تمرير الوقت في وقت تقييم التعبير. يتم تحديث هذه القيمة ديناميكيًا (وقد تؤدي إلى إعادة تنفيذ تعبير Arcade) عند استخدام شريط تمرير الوقت لتحديث التسميات المدركة للوقت بناءً على حقل التاريخ. تشير القيمة `null` إلى أن وقت النهاية غير محدد ولا نهاية له."},{"name":"startIncluded","type":"boolean","description":"تشير إلى ما إذا كان تاريخ `currentStart` مدرجًا في النطاق الزمني الحالي للخريطة."},{"name":"endIncluded","type":"boolean","description":"تشير إلى ما إذا كان تاريخ `currentEnd` مدرجًا في النطاق الزمني الحالي للخريطة."}],"description":""}]}]},{"name":"Layout","id":"layout","bundles":["core","geometry"],"variables":[{"name":"$feature","type":"feature","description":"المعلم الذي قد تُعرض قيمه في التخطيط."}]},{"name":"Location update constraint","id":"location-update-constraint","bundles":["core","geometry"],"variables":[{"name":"$locationupdate","type":"dictionary","description":"يتم تقييم معلم تحديث الموقع (على سبيل المثال من GPS) للقيود.","properties":[{"name":"course","type":"number","description":"مسار الموقع بالدرجات في اتجاه عقارب الساعة، 0 هو الشمال الصحيح."},{"name":"horizontalaccuracy","type":"number","description":"الدقة الأفقية للموقع بالمتر."},{"name":"verticalaccuracy","type":"number","description":"الدقة الرأسية للموقع بالمتر."},{"name":"velocity","type":"number","description":"سرعة الموقع بالمتر في الثانية."}]}]},{"name":"Model Builder","id":"model-builder","bundles":["core","geometry","data-access","portal-access"],"variables":[{"name":"$variables","type":"dictionary","description":"قاموس يحتوي على أسماء المتغيرات وقيمها.","properties":[]}]},{"name":"Measure visualization","id":"measure-visualization","bundles":["core","geometry"],"variables":[{"name":"$measure","type":"number","description":"قيمة M المستوفية لموقع العلامة."},{"name":"$feature","type":"feature","description":"المعلم الذي سيُرسم على الخريطة."},{"name":"$view","type":"dictionary","properties":[{"name":"scale","type":"number","description":"ترجع مقياس الخريطة في وقت تقييم التعبير."}],"description":""}]},{"name":"Popup","id":"popup","bundles":["core","data-access","geometry","portal-access","knowledge-graph"],"variables":[{"name":"$feature","type":"feature","description":"يوفر الوصول إلى سمات والشكل الهندسي للمعلم التي سيظهر في العرض."},{"name":"$layer","description":"مجموعة من المعالم في نفس طبقة $feature التي تظهر في العرض.","type":"featureSet"},{"name":"$map","description":"مجموعة من الطبقات في نفس خريطة $feature التي تظهر في العرض. قد تكون هذه القيمة فارغة في الحالات التي لا يتم فيها ربط النافذة المنبثقة ​​بالخريطة.","type":"featureSetCollection"},{"name":"$datastore","description":"مجموعة من الطبقات في نفس خدمة المعالم أو قاعدة البيانات مثل $feature التي يتم عرضها في العرض.","type":"featureSetCollection"},{"name":"$userInput","description":"شكل هندسي يمثل مدخلات المستخدم لنافذة منبثقة. عادةً ما يمثل هذا الموقع الذي قام فيه المستخدم بالنقر أو النقر فوق الخريطة لبدء تشغيل نافذة منبثقة. قد تكون هذه القيمة نقطة، مدى، أو فارغة في الحالات التي لا تتم فتح النافذة المنبثقة ​​عند التفاعل مع الخريطة. لذلك، يُنصح بالتحقق من نوع الشكل الهندسي لهذه القيمة قبل استخدامها.","type":"geometry"},{"name":"$graph","description":"رسم المعرفة البياني مرتبط بالمعلم. إذا لم يتوفر رسم المعرفة البياني، ستكون القيمة \"فارغة\".","type":"knowledgeGraph"},{"name":"$view","type":"dictionary","description":"الخصائص المتاحة من العرض.","properties":[{"name":"scale","type":"number","description":"ترجع مقياس الخريطة في وقت تقييم التعبير."},{"name":"timeProperties","type":"dictionary","properties":[{"name":"currentStart","type":"date","description":"وقت بدء النطاق الزمني للخريطة كما هو موضح بواسطة مكون شريط تمرير الوقت في وقت تقييم التعبير. يتم تحديث هذه القيمة ديناميكيًا (وقد تؤدي إلى إعادة تنفيذ تعبير Arcade) عند استخدام شريط تمرير الوقت لتحديث النوافذ المنبثقة المدركة للوقت بناءً على حقل التاريخ. تشير القيمة `null` إلى أن وقت البدء شامل منذ بداية الوقت."},{"name":"currentEnd","type":"date","description":"وقت نهاية النطاق الزمني للخريطة كما هو موضح بواسطة مكون شريط تمرير الوقت في وقت تقييم التعبير. يتم تحديث هذه القيمة ديناميكيًا (وقد تؤدي إلى إعادة تنفيذ تعبير Arcade) عند استخدام شريط تمرير الوقت لتحديث النوافذ المنبثقة المدركة للوقت بناءً على حقل التاريخ. تشير القيمة `null` إلى أن وقت النهاية غير محدد ولا نهاية له."},{"name":"startIncluded","type":"boolean","description":"تشير إلى ما إذا كان تاريخ `currentStart` مدرجًا في النطاق الزمني الحالي للخريطة."},{"name":"endIncluded","type":"boolean","description":"تشير إلى ما إذا كان تاريخ `currentEnd` مدرجًا في النطاق الزمني الحالي للخريطة."}],"description":""}]}]},{"name":"Popup element","id":"popup-element","bundles":["core","data-access","geometry","portal-access","knowledge-graph"],"variables":[{"name":"$feature","type":"feature","description":"يوفر الوصول إلى سمات والشكل الهندسي للمعلم التي سيظهر في العرض."},{"name":"$layer","description":"مجموعة من المعالم في نفس طبقة $feature التي تظهر في العرض.","type":"featureSet"},{"name":"$map","description":"مجموعة من الطبقات في نفس خريطة $feature التي تظهر في العرض. قد تكون هذه القيمة فارغة في الحالات التي لا يتم فيها ربط النافذة المنبثقة ​​بالخريطة.","type":"featureSetCollection"},{"name":"$datastore","description":"مجموعة من الطبقات في نفس خدمة المعالم أو قاعدة البيانات مثل $feature التي يتم عرضها في العرض.","type":"featureSetCollection"},{"name":"$userInput","description":"شكل هندسي يمثل مدخلات المستخدم لنافذة منبثقة. عادةً ما يمثل هذا الموقع الذي قام فيه المستخدم بالنقر أو النقر فوق الخريطة لبدء تشغيل نافذة منبثقة. قد تكون هذه القيمة نقطة، مدى، أو فارغة في الحالات التي لا تتم فتح النافذة المنبثقة ​​عند التفاعل مع الخريطة. لذلك، يُنصح بالتحقق من نوع الشكل الهندسي لهذه القيمة قبل استخدامها.","type":"geometry"},{"name":"$graph","description":"رسم المعرفة البياني مرتبط بالمعلم. إذا لم يتوفر رسم المعرفة البياني، ستكون القيمة \"فارغة\".","type":"knowledgeGraph"},{"name":"$view","type":"dictionary","description":"الخصائص المتاحة من العرض.","properties":[{"name":"scale","type":"number","description":"ترجع مقياس الخريطة في وقت تقييم التعبير."},{"name":"timeProperties","type":"dictionary","properties":[{"name":"currentStart","type":"date","description":"وقت بدء النطاق الزمني للخريطة كما هو موضح بواسطة مكون شريط تمرير الوقت في وقت تقييم التعبير. يتم تحديث هذه القيمة ديناميكيًا (وقد تؤدي إلى إعادة تنفيذ تعبير Arcade) عند استخدام شريط تمرير الوقت لتحديث النوافذ المنبثقة المدركة للوقت بناءً على حقل التاريخ. تشير القيمة `null` إلى أن وقت البدء شامل منذ بداية الوقت."},{"name":"currentEnd","type":"date","description":"وقت نهاية النطاق الزمني للخريطة كما هو موضح بواسطة مكون شريط تمرير الوقت في وقت تقييم التعبير. يتم تحديث هذه القيمة ديناميكيًا (وقد تؤدي إلى إعادة تنفيذ تعبير Arcade) عند استخدام شريط تمرير الوقت لتحديث النوافذ المنبثقة المدركة للوقت بناءً على حقل التاريخ. تشير القيمة `null` إلى أن وقت النهاية غير محدد ولا نهاية له."},{"name":"startIncluded","type":"boolean","description":"تشير إلى ما إذا كان تاريخ `currentStart` مدرجًا في النطاق الزمني الحالي للخريطة."},{"name":"endIncluded","type":"boolean","description":"تشير إلى ما إذا كان تاريخ `currentEnd` مدرجًا في النطاق الزمني الحالي للخريطة."}],"description":""}]}]},{"name":"Popup feature reduction","id":"popup-feature-reduction","bundles":["core","data-access","geometry","portal-access"],"variables":[{"name":"$feature","type":"feature","description":"يوفر الوصول إلى الحقول المجمعة المحددة إما في التجميع أو توزيع النوافذ المنبثقة."},{"name":"$aggregatedFeatures","description":"FeatureSet التي تحتوي على جميع المعالم التي تمثلها المجموعة أو الحاوية.","type":"featureSet"},{"name":"$view","type":"dictionary","description":"الخصائص المتاحة من العرض.","properties":[{"name":"scale","type":"number","description":"ترجع مقياس الخريطة في وقت تقييم التعبير."},{"name":"timeProperties","type":"dictionary","properties":[{"name":"currentStart","type":"date","description":"وقت بدء النطاق الزمني للخريطة كما هو موضح بواسطة مكون شريط تمرير الوقت في وقت تقييم التعبير. يتم تحديث هذه القيمة ديناميكيًا (وقد تؤدي إلى إعادة تنفيذ تعبير Arcade) عند استخدام شريط تمرير الوقت لتحديث النوافذ المنبثقة المدركة للوقت بناءً على حقل التاريخ. تشير القيمة `null` إلى أن وقت البدء شامل منذ بداية الوقت."},{"name":"currentEnd","type":"date","description":"وقت نهاية النطاق الزمني للخريطة كما هو موضح بواسطة مكون شريط تمرير الوقت في وقت تقييم التعبير. يتم تحديث هذه القيمة ديناميكيًا (وقد تؤدي إلى إعادة تنفيذ تعبير Arcade) عند استخدام شريط تمرير الوقت لتحديث النوافذ المنبثقة المدركة للوقت بناءً على حقل التاريخ. تشير القيمة `null` إلى أن وقت النهاية غير محدد ولا نهاية له."},{"name":"startIncluded","type":"boolean","description":"تشير إلى ما إذا كان تاريخ `currentStart` مدرجًا في النطاق الزمني الحالي للخريطة."},{"name":"endIncluded","type":"boolean","description":"تشير إلى ما إذا كان تاريخ `currentEnd` مدرجًا في النطاق الزمني الحالي للخريطة."}],"description":""}]}]},{"name":"Popup element feature reduction","id":"popup-element-feature-reduction","bundles":["core","data-access","geometry","portal-access"],"variables":[{"name":"$feature","type":"feature","description":"يوفر الوصول إلى الحقول المجمعة المحددة إما في التجميع أو توزيع النوافذ المنبثقة."},{"name":"$aggregatedFeatures","description":"FeatureSet التي تحتوي على جميع المعالم التي تمثلها المجموعة أو الحاوية.","type":"featureSet"},{"name":"$view","type":"dictionary","description":"الخصائص المتاحة من العرض.","properties":[{"name":"scale","type":"number","description":"ترجع مقياس الخريطة في وقت تقييم التعبير."},{"name":"timeProperties","type":"dictionary","properties":[{"name":"currentStart","type":"date","description":"وقت بدء النطاق الزمني للخريطة كما هو موضح بواسطة مكون شريط تمرير الوقت في وقت تقييم التعبير. يتم تحديث هذه القيمة ديناميكيًا (وقد تؤدي إلى إعادة تنفيذ تعبير Arcade) عند استخدام شريط تمرير الوقت لتحديث النوافذ المنبثقة المدركة للوقت بناءً على حقل التاريخ. تشير القيمة `null` إلى أن وقت البدء شامل منذ بداية الوقت."},{"name":"currentEnd","type":"date","description":"وقت نهاية النطاق الزمني للخريطة كما هو موضح بواسطة مكون شريط تمرير الوقت في وقت تقييم التعبير. يتم تحديث هذه القيمة ديناميكيًا (وقد تؤدي إلى إعادة تنفيذ تعبير Arcade) عند استخدام شريط تمرير الوقت لتحديث النوافذ المنبثقة المدركة للوقت بناءً على حقل التاريخ. تشير القيمة `null` إلى أن وقت النهاية غير محدد ولا نهاية له."},{"name":"startIncluded","type":"boolean","description":"تشير إلى ما إذا كان تاريخ `currentStart` مدرجًا في النطاق الزمني الحالي للخريطة."},{"name":"endIncluded","type":"boolean","description":"تشير إلى ما إذا كان تاريخ `currentEnd` مدرجًا في النطاق الزمني الحالي للخريطة."}],"description":""}]}]},{"name":"Quick Capture","id":"quick-capture","bundles":["core","data-access","geometry","portal-access"],"variables":[{"name":"$feature","type":"feature","description":"يكشف جداول بيانات المعلم لاستخدامها في الحساب."},{"name":"$layer","type":"featureSet","description":"مجموعة من المعالم في نفس طبقة $feature."},{"name":"$datastore","type":"featureSetCollection","description":"مجموعة من الطبقات في نفس خدمة المعالم أو قاعدة البيانات مثل $feature."},{"name":"$map","type":"featureSetCollection","description":"مجموعة من طبقات خدمة المعالم في الخريطة يستخدمها مشروع QuickCapture. قد يكون هذا المتغير \"فارغًا\"."}]},{"name":"Tasks","id":"tasks","bundles":["core","data-access","geometry","portal-access"],"variables":[{"name":"$feature","description":"المعلم الذي يُجرى تقييمه حسب المهمة.","type":"feature"},{"name":"$datastore","description":"مجموعة من الطبقات في نفس خدمة المعالم أو قاعدة البيانات مثل $feature التي يُجرى تقييمها حسب المهمة.","type":"featureSetCollection"}]},{"name":"Velocity","id":"velocity","bundles":["core","geometry","track"],"variables":[{"name":"$feature","type":"feature","description":"في الأدوات التحليلية ذات المدخلات المفردة، يتم حساب المعلم أو تقييمها أو تشغيلها."},{"name":"$target","type":"feature","description":"في الأدوات التحليلية ذات المدخلين، يتم تقييم المعلم للترشيح أو الإثراء."},{"name":"$join","type":"feature","description":"في الأدوات التحليلية المزودة بمدخلين، يوفر المعلم قيمًا لتقييم أو إثراء المعلم المستهدفة."},{"name":"$analytic","type":"dictionary","description":"القيم الزمنية المرتبطة بالتحليل مثل وقت البدء ووقت الانتهاء الأخير وما إلى ذلك.","properties":[]}]},{"name":"Visualization","id":"visualization","bundles":["core","geometry"],"variables":[{"name":"$feature","description":"المعلم الذي سيُرسم على الخريطة.","type":"feature"},{"name":"$view","type":"dictionary","description":"الخصائص المتاحة من العرض.","properties":[{"name":"scale","type":"number","description":"ترجع مقياس الخريطة في وقت تقييم التعبير."},{"name":"timeProperties","type":"dictionary","properties":[{"name":"currentStart","type":"date","description":"وقت بدء النطاق الزمني للخريطة كما هو موضح بواسطة مكون شريط تمرير الوقت في وقت تقييم التعبير. يتم تحديث هذه القيمة ديناميكيًا (وقد تؤدي إلى إعادة تنفيذ تعبير Arcade) عند استخدام شريط تمرير الوقت لتحديث التصورات المدركة للوقت بناءً على حقل التاريخ. تشير القيمة `null` إلى أن وقت البدء شامل منذ بداية الوقت."},{"name":"currentEnd","type":"date","description":"وقت نهاية النطاق الزمني للخريطة كما هو موضح بواسطة مكون شريط تمرير الوقت في وقت تقييم التعبير. يتم تحديث هذه القيمة ديناميكيًا (وقد تؤدي إلى إعادة تنفيذ تعبير Arcade) عند استخدام شريط تمرير الوقت لتحديث التصورات المدركة للوقت بناءً على حقل التاريخ. تشير القيمة `null` إلى أن وقت النهاية غير محدد ولا نهاية له."},{"name":"startIncluded","type":"boolean","description":"تشير إلى ما إذا كان تاريخ `currentStart` مدرجًا في النطاق الزمني الحالي للخريطة."},{"name":"endIncluded","type":"boolean","description":"تشير إلى ما إذا كان تاريخ `currentEnd` مدرجًا في النطاق الزمني الحالي للخريطة."}],"description":""}]}]},{"name":"Voxel popup","id":"popup-voxel","bundles":["core"],"variables":[{"name":"$voxel","type":"voxel","description":"يوفر إمكانية الوصول إلى سمات الفوكسل الذي سيتم عرض النافذة المنبثقة له في المشهد."}]},{"name":"Voxel popup element","id":"popup-element-voxel","bundles":["core"],"variables":[{"name":"$voxel","type":"voxel","description":"يوفر إمكانية الوصول إلى سمات الفوكسل الذي سيتم عرض النافذة المنبثقة له في المشهد."}]}]