[{"name":"Minimalist","id":"minimalist","bundles":["core","data-access","geometry","portal-access"],"variables":[]},{"name":"Aggregate Field","id":"aggregate-field","bundles":["core","geometry"],"variables":[{"name":"$feature","description":"Une entité individuelle incluse dans une entité agrégée. Ceci donne accès à tous les attributs des champs de l’entité.","type":"feature"}]},{"name":"Alias","id":"alias","bundles":["core","geometry"],"variables":[{"name":"$value","type":"number","description":"Valeur numérique pour laquelle un alias textuel est souhaité."},{"name":"$feature","type":"feature","description":"Entité pour laquelle un alias textuel est souhaité."}]},{"name":"Attribute rule calculation","id":"attribute-rule-calculation","bundles":["core","data-access","database","geometry","portal-access","ai"],"variables":[{"name":"$feature","type":"feature","description":"Entité calculée."},{"name":"$originalFeature","type":"feature","description":"État précédent de l’entité calculée."},{"name":"$featureSet","type":"featureSet","description":"Collection d’entités dans la même table que la variable $feature qui évalue l’expression."},{"name":"$datastore","type":"featureSetCollection","description":"Collection de couches dans le même service d’entités ou la même base de données que la variable $feature qui exécute le script."},{"name":"$editcontext","type":"dictionary","properties":[{"name":"editType","type":"text","description":"Indique si l’événement de mise à jour est INSERT, UPDATE, DELETE ou NA (non applicable)."}],"description":""}]},{"name":"Attribute rule constraint","id":"attribute-rule-constraint","bundles":["core","data-access","geometry","portal-access"],"variables":[{"name":"$feature","type":"feature","description":"Entité calculée."},{"name":"$originalFeature","type":"feature","description":"État précédent de l’entité calculée."},{"name":"$featureSet","type":"featureSet","description":"Collection d’entités dans la même table que la variable $feature qui évalue l’expression."},{"name":"$datastore","type":"featureSetCollection","description":"Collection de couches dans le même service d’entités ou la même base de données que la variable $feature qui exécute le script."},{"name":"$editcontext","type":"dictionary","properties":[{"name":"editType","type":"text","description":"Indique si l’événement de mise à jour est INSERT, UPDATE, DELETE ou NA (non applicable)."}],"description":""}]},{"name":"Attribute rule validation","id":"attribute-rule-validation","bundles":["core","data-access","geometry","portal-access"],"variables":[{"name":"$feature","type":"feature","description":"Entité calculée."},{"name":"$featureSet","type":"featureSet","description":"Collection d’entités dans la même table que la variable $feature qui évalue l’expression."},{"name":"$datastore","type":"featureSetCollection","description":"Collection de couches dans le même service d’entités ou la même base de données que la variable $feature qui exécute le script."}]},{"name":"Dashboard indicator formatting","id":"dashboard-indicator-formatting","bundles":["core"],"variables":[{"name":"$datapoint","type":"feature","description":"Point de données évalué pour l’élément visuel."},{"name":"$reference","type":"dictionary","description":"Valeur de référence évaluée pour l’élément visuel.","properties":[]}]},{"name":"Dashboard list formatting","id":"dashboard-list-formatting","bundles":["core"],"variables":[{"name":"$datapoint","type":"feature","description":"Point de données évalué pour l’élément visuel."}]},{"name":"Dashboard table formatting","id":"dashboard-table-formatting","bundles":["core"],"variables":[{"name":"$datapoint","type":"feature","description":"Point de données évalué pour l’élément visuel."},{"name":"$rowindex","type":"number","description":"Position d’une ligne dans la table (par rapport à zéro)."}]},{"name":"Dashboard data","id":"dashboard-data","bundles":["core","geometry","data-access","portal-access","knowledge-graph"],"variables":[]},{"name":"Data Pipelines","id":"data-pipelines","bundles":["core"],"variables":[{"name":"$record","type":"dictionary","description":"Permet d’accéder aux valeurs de champ/attributaires de l’enregistrement en cours de calcul.","properties":[]}]},{"name":"Dictionary renderer","id":"dictionary-renderer","bundles":["core","geometry"],"variables":[{"name":"$feature","type":"feature","description":"Entité à afficher sur la carte."},{"name":"$config","type":"dictionary","description":"Dictionnaire de valeurs de configuration.","properties":[]}]},{"name":"Experience Builder data","id":"experience-builder-data","bundles":["core","data-access","geometry","portal-access"],"variables":[]},{"name":"Experience Builder list item widget formatting","id":"experience-builder-list-item-widget-formatting","bundles":["core"],"variables":[{"name":"$feature","type":"feature","description":"Représente l’entité dans l’élément de liste."}]},{"name":"Experience Builder widget formatting","id":"experience-builder-widget-formatting","bundles":["core","data-access"],"variables":[{"name":"$dataSources","type":"dictionary","description":"Les sources de données utilisées par le widget. Ceci est un dictionnaire contenant des paires clé-valeur, dans lesquelles chaque clé est un ID de source de données (p. ex. `dataSource_1-187acf797e1-layer-5-selection`).","properties":[]}]},{"name":"Feature Display Title","id":"feature-display-title","bundles":["core"],"variables":[{"name":"$feature","type":"feature","description":"L’entité, ou la ligne, pour laquelle afficher un titre dans l’interface utilisateur."}]},{"name":"Feature Z","id":"feature-z","bundles":["core","geometry"],"variables":[{"name":"$feature","type":"feature","description":"Entité nécessitant une valeur Z."}]},{"name":"Field calculation","id":"field-calculation","bundles":["core","data-access","geometry","portal-access","knowledge-graph","ai"],"variables":[{"name":"$feature","type":"feature","description":"Entité calculée."},{"name":"$datastore","type":"featureSetCollection","description":"Collection de couches dans le même service d’entités ou la même base de données que la variable $feature qui exécute le calcul."}]},{"name":"Field mapping","id":"field-mapping","bundles":["core","data-access","geometry","portal-access"],"variables":[{"name":"$sourceFeature","type":"feature","description":"Entité source pour l’appariement de champs."},{"name":"$targetFeature","type":"feature","description":"Entité cible pour l’appariement de champs."},{"name":"$sourceLayer","type":"featureSet","description":"Collection d’entités dans la même couche que la variable $sourcefeature."},{"name":"$targetLayer","type":"featureSet","description":"Collection d’entités dans la même couche que la variable $targetfeature."},{"name":"$map","type":"featureSetCollection","description":"Collection de couches dans la carte de l’expression Arcade en cours d’exécution."},{"name":"$sourceDatastore","type":"featureSetCollection","description":"Collection de couches dans le même data store que la variable $sourcelayer."},{"name":"$targetDatastore","type":"featureSetCollection","description":"Collection de couches dans le même data store que la variable $targetlayer."}]},{"name":"Form Attachment Filename Calculation","id":"form-attachment-filename-calculation","bundles":["core","data-access","geometry","portal-access"],"variables":[{"name":"$feature","type":"feature","description":"æ_The feature being calculated______________________________Â."},{"name":"$originalFeature","type":"feature","description":"æ_The previous state of the feature being calculated___________________________Â."},{"name":"$layer","type":"featureSet","description":"æ_A collection of features in the same layer as $feature_____________________________Â."},{"name":"$datastore","type":"featureSetCollection","description":"æ_A collection of layers in the same feature service or database as $feature_______________________________________Â."},{"name":"$featureset","type":"featureSet","description":"æ_A collection of features in the same table as $feature_____________________________Â."},{"name":"$map","type":"featureSetCollection","description":"æ_A collection of feature service layers in the same map as $feature___________________________________Â."},{"name":"$formElement","type":"dictionary","description":"æ_Information associated with the form element________________________Â.","properties":[{"name":"attachmentKeyword","type":"text","description":"æ_A text value identifying the content of the attachment. When a file is attached using the form, this property can be used in determining a new filename for the attachment_______________________________________________________________________________________Â."},{"name":"label","type":"text","description":"æ_A text value indicating what the element represents___________________________Â."},{"name":"description","type":"text","description":"æ_A text value that describes the element in detail__________________________Â."}]}]},{"name":"Form calculation","id":"form-calculation","bundles":["core","data-access","geometry","portal-access","ai"],"variables":[{"name":"$feature","type":"feature","description":"Expose les attributs de l’entité à utiliser dans le calcul."},{"name":"$originalFeature","type":"feature","description":"État précédent de l’entité calculée."},{"name":"$layer","type":"featureSet","description":"Collection d’entités dans la même couche que la variable $feature."},{"name":"$datastore","type":"featureSetCollection","description":"Collection de couches dans le même service d’entités ou la même base de données que la variable $feature."},{"name":"$featureset","type":"featureSet","description":"Collection d’entités dans la même table que la variable $feature."},{"name":"$map","type":"featureSetCollection","description":"Collection de couches de service d’entités dans la même carte que la variable $feature."},{"name":"$editcontext","type":"dictionary","properties":[{"name":"editType","type":"text","description":"Indique si l’événement de mise à jour est INSERT, UPDATE, DELETE ou NA (non applicable)."}],"description":""}]},{"name":"Form Constraint","id":"form-constraint","bundles":["core","geometry","data-access","portal-access"],"variables":[{"name":"$feature","type":"feature","description":"Entité évaluée pour la contrainte."},{"name":"$originalFeature","type":"feature","description":"État précédent de l’entité."},{"name":"$layer","type":"featureSet","description":"Collection d’entités dans la même couche que la variable $feature."},{"name":"$datastore","type":"featureSetCollection","description":"Collection de couches dans le même service d’entités ou la même base de données que la variable $feature."},{"name":"$featureset","type":"featureSet","description":"Collection d’entités dans la même table que la variable $feature."},{"name":"$map","type":"featureSetCollection","description":"Collection de couches de service d’entités dans la même carte que la variable $feature."},{"name":"$editcontext","type":"dictionary","properties":[{"name":"editType","type":"text","description":"Indique si l’événement de mise à jour est INSERT, UPDATE, DELETE ou NA (non applicable)."}],"description":""}]},{"name":"Geoanalytics","id":"geoanalytics","bundles":["core","geometry","track"],"variables":[{"name":"$feature","type":"feature","description":"Entité calculée."}]},{"name":"Geotrigger notification","id":"geotrigger-notification","bundles":["core","geometry","data-access"],"variables":[{"name":"$feedFeature","type":"feature","description":"Entité en entrée (par exemple, localisation d’un appareil ou entité) ayant entraîné l’activation du geotrigger. Cette entité doit inclure une géométrie (généralement un point) et une structure fixe avec les propriétés suivantes : `course` (cap de la localisation en degrés dans le sens horaire, 0 correspondant au nord géographique.) et `horizontalaccuracy` (précision horizontale de la localisation, en mètres)."},{"name":"$fenceFeature","type":"feature","description":"Entité de délimitation (par exemple, une zone d’intérêt) pénétrée ou quittée et ayant entraîné l’activation de Geotrigger."},{"name":"$fenceLayer","type":"featureSet","description":"Ensemble d’entités dans la même couche que la variable $fenceFeature."},{"name":"$fenceNotificationType","type":"text","description":"Description de l’événement qui s’est produit (\"entrée\" ou \"sortie\")."}]},{"name":"Imagery popup","id":"popup-imagery","bundles":["core","geometry"],"variables":[{"name":"$pixel","type":"pixel","description":"æ_The pixel value and other pixel-dependent information (e.g. classification category), including virtual raster fields, for the imagery layer currently displayed in the view________________________________________________________________________________________Â."},{"name":"$imageCollectionItem","type":"feature","description":"æ_The metadata of the selected image collection item containing the pixel represented by `$pixel`. This value will be `null` if there is no associated image collection____________________________________________________________________________________Â."},{"name":"$view","type":"dictionary","description":"æ_Properties available from the view___________________Â.","properties":[{"name":"scale","type":"number","description":"æ_Returns the scale of the map at the time the expression evaluates__________________________________Â."},{"name":"timeProperties","type":"dictionary","properties":[{"name":"currentStart","type":"date","description":"æ_The start time of the map's time extent as indicated by a time slider component at the time the expression evaluates. This value dynamically updates (and may trigger the re-execution of the Arcade expression) when a time slider is used to update time-aware popups based on date field. A `null` value indicates the start time is inclusive since the beginning of time________________________________________________________________________________________________________________________________________________________________________________________Â."},{"name":"currentEnd","type":"date","description":"æ_The end time of the map's time extent as indicated by a time slider component at the time the expression evaluates. This value dynamically updates (and may trigger the re-execution of the Arcade expression) when a time slider is used to update time-aware popups based on date field. A `null` value indicates the end time is indefinite with no end_______________________________________________________________________________________________________________________________________________________________________________Â."},{"name":"startIncluded","type":"boolean","description":"æ_Indicates if the `currentStart` date is included in the map's current time extent__________________________________________Â."},{"name":"endIncluded","type":"boolean","description":"æ_Indicates if the `currentEnd` date is included in the map's current time extent_________________________________________Â."}],"description":""}]},{"name":"$userInput","description":"æ_A geometry representing a user's input for a popup. Typically, this represents a location where the user clicked or tapped in a map to launch a popup. There may be cases where this value is a Point, an Extent, or `null` as popups are not always opened from map interaction. Therefore, it is advised to check the geometry type of this value before it is used____________________________________________________________________________________________________________________________________________________________________________________Â.","type":"geometry"}]},{"name":"Imagery popup element","id":"popup-element-imagery","bundles":["core","geometry"],"variables":[{"name":"$pixel","type":"pixel","description":"æ_The pixel value and other pixel-dependent information (e.g. classification category), including virtual raster fields, for the imagery layer currently displayed in the view________________________________________________________________________________________Â."},{"name":"$imageCollectionItem","type":"feature","description":"æ_The metadata of the selected image collection item containing the pixel represented by `$pixel`. This value will be `null` if there is no associated image collection____________________________________________________________________________________Â."},{"name":"$view","type":"dictionary","description":"æ_Properties available from the view___________________Â.","properties":[{"name":"scale","type":"number","description":"æ_Returns the scale of the map at the time the expression evaluates__________________________________Â."},{"name":"timeProperties","type":"dictionary","properties":[{"name":"currentStart","type":"date","description":"æ_The start time of the map's time extent as indicated by a time slider component at the time the expression evaluates. This value dynamically updates (and may trigger the re-execution of the Arcade expression) when a time slider is used to update time-aware popups based on date field. A `null` value indicates the start time is inclusive since the beginning of time________________________________________________________________________________________________________________________________________________________________________________________Â."},{"name":"currentEnd","type":"date","description":"æ_The end time of the map's time extent as indicated by a time slider component at the time the expression evaluates. This value dynamically updates (and may trigger the re-execution of the Arcade expression) when a time slider is used to update time-aware popups based on date field. A `null` value indicates the end time is indefinite with no end_______________________________________________________________________________________________________________________________________________________________________________Â."},{"name":"startIncluded","type":"boolean","description":"æ_Indicates if the `currentStart` date is included in the map's current time extent__________________________________________Â."},{"name":"endIncluded","type":"boolean","description":"æ_Indicates if the `currentEnd` date is included in the map's current time extent_________________________________________Â."}],"description":""}]},{"name":"$userInput","description":"æ_A geometry representing a user's input for a popup. Typically, this represents a location where the user clicked or tapped in a map to launch a popup. There may be cases where this value is a Point, an Extent, or `null` as popups are not always opened from map interaction. Therefore, it is advised to check the geometry type of this value before it is used____________________________________________________________________________________________________________________________________________________________________________________Â.","type":"geometry"}]},{"name":"Labeling","id":"labeling","bundles":["core","geometry"],"variables":[{"name":"$feature","type":"feature","description":"Entité dont l’étiquette doit être affichée sur la carte."},{"name":"$view","type":"dictionary","description":"Propriétés disponibles dans la vue.","properties":[{"name":"scale","type":"number","description":"Renvoie l’échelle de la carte au moment de l’évaluation de l’expression."},{"name":"timeProperties","type":"dictionary","properties":[{"name":"currentStart","type":"date","description":"Date/heure de début de l’étendue temporelle de la carte, telle qu’indiquée par un composant de curseur temporel au moment de l’évaluation de l’expression. Cette valeur est mise à jour dynamiquement (et peut déclencher la réexécution de l’expression Arcade) lorsqu’un curseur temporel est utilisé pour mettre à jour des étiquettes temporelles basées sur un champ de date. Si la valeur est `null`, cela signifie que la date/l’heure de début remonte au début des temps."},{"name":"currentEnd","type":"date","description":"Date/heure de fin de l’étendue temporelle de la carte, telle qu’indiquée par un composant de curseur temporel au moment de l’évaluation de l’expression. Cette valeur est mise à jour dynamiquement (et peut déclencher la réexécution de l’expression Arcade) lorsqu’un curseur temporel est utilisé pour mettre à jour des étiquettes temporelles basées sur un champ de date. Si la valeur est `null`, cela signifie que la date/l’heure de fin n’est pas définie (sans fin)."},{"name":"startIncluded","type":"boolean","description":"Indique si la date `currentStart` est incluse dans l’étendue temporelle actuelle de la carte."},{"name":"endIncluded","type":"boolean","description":"Indique si la date `currentEnd` est incluse dans l’étendue temporelle actuelle de la carte."}],"description":""}]}]},{"name":"Layout","id":"layout","bundles":["core","geometry"],"variables":[{"name":"$feature","type":"feature","description":"Entité dont les valeurs peuvent être affichées dans la mise en page."}]},{"name":"Location update constraint","id":"location-update-constraint","bundles":["core","geometry"],"variables":[{"name":"$locationupdate","type":"dictionary","description":"Entité de mise à jour de la localisation (par exemple, à partir d’un GPS) évaluée pour la contrainte.","properties":[{"name":"course","type":"number","description":"Cap de la localisation en degrés dans le sens horaire, 0 correspondant au nord géographique."},{"name":"horizontalaccuracy","type":"number","description":"Précision horizontale de la localisation, en mètres."},{"name":"verticalaccuracy","type":"number","description":"Précision verticale de la localisation, en mètres."},{"name":"velocity","type":"number","description":"Vitesse de la localisation, en mètres par seconde."}]}]},{"name":"Model Builder","id":"model-builder","bundles":["core","geometry","data-access","portal-access"],"variables":[{"name":"$variables","type":"dictionary","description":"Dictionnaire contenant des noms de variables et des valeurs.","properties":[]}]},{"name":"Measure visualization","id":"measure-visualization","bundles":["core","geometry"],"variables":[{"name":"$measure","type":"number","description":"Valeur M interpolée pour la localisation du symbole ponctuel."},{"name":"$feature","type":"feature","description":"Entité à afficher sur la carte."},{"name":"$view","type":"dictionary","properties":[{"name":"scale","type":"number","description":"Renvoie l’échelle de la carte au moment de l’évaluation de l’expression."}],"description":""}]},{"name":"Popup","id":"popup","bundles":["core","data-access","geometry","portal-access","knowledge-graph"],"variables":[{"name":"$feature","type":"feature","description":"Permet d’accéder aux attributs et à la géométrie de l’entité dont la fenêtre contextuelle doit être affichée dans la vue."},{"name":"$layer","description":"Collection d’entités dans la même couche que la variable $feature dont la fenêtre contextuelle est affichée dans la vue.","type":"featureSet"},{"name":"$map","description":"Ensemble de couches dans la même carte que l’entité $feature dont la fenêtre contextuelle est affichée dans la vue. Cette valeur peut valoir `null` lorsque aucune fenêtre contextuelle n’est associée à une carte.","type":"featureSetCollection"},{"name":"$datastore","description":"Collection de couches dans le même service d’entités ou la même base de données que la variable $feature dont la fenêtre contextuelle est affichée dans la vue.","type":"featureSetCollection"},{"name":"$userInput","description":"Géométrie représentant une entrée utilisateur pour une fenêtre contextuelle. En général, il s’agit de l’endroit où l’utilisateur a cliqué ou appuyé sur une carte pour ouvrir une fenêtre contextuelle. Dans certains cas, cette valeur est un point ou une étendue, ou vaut `null`, car les fenêtres contextuelles ne s’ouvrent pas systématiquement par le biais d’une interaction avec la carte. Ainsi, il est conseillé de vérifier le type de géométrie de cette valeur avant de l’utiliser.","type":"geometry"},{"name":"$graph","description":"Graphe de connaissances associé à l’entité. Si aucun graphe de connaissances n’est disponible, la valeur vaut `null`.","type":"knowledgeGraph"},{"name":"$view","type":"dictionary","description":"Propriétés disponibles dans la vue.","properties":[{"name":"scale","type":"number","description":"Renvoie l’échelle de la carte au moment de l’évaluation de l’expression."},{"name":"timeProperties","type":"dictionary","properties":[{"name":"currentStart","type":"date","description":"Date/heure de début de l’étendue temporelle de la carte, telle qu’indiquée par un composant de curseur temporel au moment de l’évaluation de l’expression. Cette valeur est mise à jour dynamiquement (et peut déclencher la réexécution de l’expression Arcade) lorsqu’un curseur temporel est utilisé pour mettre à jour des fenêtres contextuelles temporelles basées sur un champ de date. Si la valeur est `null`, cela signifie que la date/l’heure de début remonte au début des temps."},{"name":"currentEnd","type":"date","description":"Date/heure de fin de l’étendue temporelle de la carte, telle qu’indiquée par un composant de curseur temporel au moment de l’évaluation de l’expression. Cette valeur est mise à jour dynamiquement (et peut déclencher la réexécution de l’expression Arcade) lorsqu’un curseur temporel est utilisé pour mettre à jour des fenêtres contextuelles temporelles basées sur un champ de date. Si la valeur est `null`, cela signifie que la date/l’heure de fin n’est pas définie (sans fin)."},{"name":"startIncluded","type":"boolean","description":"Indique si la date `currentStart` est incluse dans l’étendue temporelle actuelle de la carte."},{"name":"endIncluded","type":"boolean","description":"Indique si la date `currentEnd` est incluse dans l’étendue temporelle actuelle de la carte."}],"description":""}]}]},{"name":"Popup element","id":"popup-element","bundles":["core","data-access","geometry","portal-access","knowledge-graph"],"variables":[{"name":"$feature","type":"feature","description":"Permet d’accéder aux attributs et à la géométrie de l’entité dont la fenêtre contextuelle doit être affichée dans la vue."},{"name":"$layer","description":"Collection d’entités dans la même couche que la variable $feature dont la fenêtre contextuelle est affichée dans la vue.","type":"featureSet"},{"name":"$map","description":"Ensemble de couches dans la même carte que l’entité $feature dont la fenêtre contextuelle est affichée dans la vue. Cette valeur peut valoir `null` lorsque aucune fenêtre contextuelle n’est associée à une carte.","type":"featureSetCollection"},{"name":"$datastore","description":"Collection de couches dans le même service d’entités ou la même base de données que la variable $feature dont la fenêtre contextuelle est affichée dans la vue.","type":"featureSetCollection"},{"name":"$userInput","description":"Géométrie représentant une entrée utilisateur pour une fenêtre contextuelle. En général, il s’agit de l’endroit où l’utilisateur a cliqué ou appuyé sur une carte pour ouvrir une fenêtre contextuelle. Dans certains cas, cette valeur est un point ou une étendue, ou vaut `null`, car les fenêtres contextuelles ne s’ouvrent pas systématiquement par le biais d’une interaction avec la carte. Ainsi, il est conseillé de vérifier le type de géométrie de cette valeur avant de l’utiliser.","type":"geometry"},{"name":"$graph","description":"Graphe de connaissances associé à l’entité. Si aucun graphe de connaissances n’est disponible, la valeur vaut `null`.","type":"knowledgeGraph"},{"name":"$view","type":"dictionary","description":"Propriétés disponibles dans la vue.","properties":[{"name":"scale","type":"number","description":"Renvoie l’échelle de la carte au moment de l’évaluation de l’expression."},{"name":"timeProperties","type":"dictionary","properties":[{"name":"currentStart","type":"date","description":"Date/heure de début de l’étendue temporelle de la carte, telle qu’indiquée par un composant de curseur temporel au moment de l’évaluation de l’expression. Cette valeur est mise à jour dynamiquement (et peut déclencher la réexécution de l’expression Arcade) lorsqu’un curseur temporel est utilisé pour mettre à jour des fenêtres contextuelles temporelles basées sur un champ de date. Si la valeur est `null`, cela signifie que la date/l’heure de début remonte au début des temps."},{"name":"currentEnd","type":"date","description":"Date/heure de fin de l’étendue temporelle de la carte, telle qu’indiquée par un composant de curseur temporel au moment de l’évaluation de l’expression. Cette valeur est mise à jour dynamiquement (et peut déclencher la réexécution de l’expression Arcade) lorsqu’un curseur temporel est utilisé pour mettre à jour des fenêtres contextuelles temporelles basées sur un champ de date. Si la valeur est `null`, cela signifie que la date/l’heure de fin n’est pas définie (sans fin)."},{"name":"startIncluded","type":"boolean","description":"Indique si la date `currentStart` est incluse dans l’étendue temporelle actuelle de la carte."},{"name":"endIncluded","type":"boolean","description":"Indique si la date `currentEnd` est incluse dans l’étendue temporelle actuelle de la carte."}],"description":""}]}]},{"name":"Popup feature reduction","id":"popup-feature-reduction","bundles":["core","data-access","geometry","portal-access"],"variables":[{"name":"$feature","type":"feature","description":"Permet d’accéder aux champs d’agrégation définis dans les fenêtres contextuelles d’agrégation ou de regroupement."},{"name":"$aggregatedFeatures","description":"Jeu d’entités contenant toutes les entités représentées par l’agrégat ou le groupe.","type":"featureSet"},{"name":"$view","type":"dictionary","description":"Propriétés disponibles dans la vue.","properties":[{"name":"scale","type":"number","description":"Renvoie l’échelle de la carte au moment de l’évaluation de l’expression."},{"name":"timeProperties","type":"dictionary","properties":[{"name":"currentStart","type":"date","description":"Date/heure de début de l’étendue temporelle de la carte, telle qu’indiquée par un composant de curseur temporel au moment de l’évaluation de l’expression. Cette valeur est mise à jour dynamiquement (et peut déclencher la réexécution de l’expression Arcade) lorsqu’un curseur temporel est utilisé pour mettre à jour des fenêtres contextuelles temporelles basées sur un champ de date. Si la valeur est `null`, cela signifie que la date/l’heure de début remonte au début des temps."},{"name":"currentEnd","type":"date","description":"Date/heure de fin de l’étendue temporelle de la carte, telle qu’indiquée par un composant de curseur temporel au moment de l’évaluation de l’expression. Cette valeur est mise à jour dynamiquement (et peut déclencher la réexécution de l’expression Arcade) lorsqu’un curseur temporel est utilisé pour mettre à jour des fenêtres contextuelles temporelles basées sur un champ de date. Si la valeur est `null`, cela signifie que la date/l’heure de fin n’est pas définie (sans fin)."},{"name":"startIncluded","type":"boolean","description":"Indique si la date `currentStart` est incluse dans l’étendue temporelle actuelle de la carte."},{"name":"endIncluded","type":"boolean","description":"Indique si la date `currentEnd` est incluse dans l’étendue temporelle actuelle de la carte."}],"description":""}]}]},{"name":"Popup element feature reduction","id":"popup-element-feature-reduction","bundles":["core","data-access","geometry","portal-access"],"variables":[{"name":"$feature","type":"feature","description":"Permet d’accéder aux champs d’agrégation définis dans les fenêtres contextuelles d’agrégation ou de regroupement."},{"name":"$aggregatedFeatures","description":"Jeu d’entités contenant toutes les entités représentées par l’agrégat ou le groupe.","type":"featureSet"},{"name":"$view","type":"dictionary","description":"Propriétés disponibles dans la vue.","properties":[{"name":"scale","type":"number","description":"Renvoie l’échelle de la carte au moment de l’évaluation de l’expression."},{"name":"timeProperties","type":"dictionary","properties":[{"name":"currentStart","type":"date","description":"Date/heure de début de l’étendue temporelle de la carte, telle qu’indiquée par un composant de curseur temporel au moment de l’évaluation de l’expression. Cette valeur est mise à jour dynamiquement (et peut déclencher la réexécution de l’expression Arcade) lorsqu’un curseur temporel est utilisé pour mettre à jour des fenêtres contextuelles temporelles basées sur un champ de date. Si la valeur est `null`, cela signifie que la date/l’heure de début remonte au début des temps."},{"name":"currentEnd","type":"date","description":"Date/heure de fin de l’étendue temporelle de la carte, telle qu’indiquée par un composant de curseur temporel au moment de l’évaluation de l’expression. Cette valeur est mise à jour dynamiquement (et peut déclencher la réexécution de l’expression Arcade) lorsqu’un curseur temporel est utilisé pour mettre à jour des fenêtres contextuelles temporelles basées sur un champ de date. Si la valeur est `null`, cela signifie que la date/l’heure de fin n’est pas définie (sans fin)."},{"name":"startIncluded","type":"boolean","description":"Indique si la date `currentStart` est incluse dans l’étendue temporelle actuelle de la carte."},{"name":"endIncluded","type":"boolean","description":"Indique si la date `currentEnd` est incluse dans l’étendue temporelle actuelle de la carte."}],"description":""}]}]},{"name":"Quick Capture","id":"quick-capture","bundles":["core","data-access","geometry","portal-access"],"variables":[{"name":"$feature","type":"feature","description":"Expose les attributs de l’entité à utiliser dans le calcul."},{"name":"$layer","type":"featureSet","description":"Collection d’entités dans la même couche que la variable $feature."},{"name":"$datastore","type":"featureSetCollection","description":"Collection de couches dans le même service d’entités ou la même base de données que la variable $feature."},{"name":"$map","type":"featureSetCollection","description":"Ensemble de couches de service d’entités dans la carte utilisé par le projet QuickCapture. Cette variable peut valoir `null`."}]},{"name":"Tasks","id":"tasks","bundles":["core","data-access","geometry","portal-access"],"variables":[{"name":"$feature","description":"Entité évaluée par la tâche.","type":"feature"},{"name":"$datastore","description":"Collection de couches dans le même service d’entités ou la même base de données que la variable $feature évaluée par la tâche.","type":"featureSetCollection"}]},{"name":"Velocity","id":"velocity","bundles":["core","geometry","track"],"variables":[{"name":"$feature","type":"feature","description":"Dans les outils d’analyse à entrées uniques, entité calculée, évaluée ou utilisée."},{"name":"$target","type":"feature","description":"Dans les outils d’analyse à deux entrées, entité évaluée pour le filtrage ou l’enrichissement."},{"name":"$join","type":"feature","description":"Dans les outils d’analyse à deux entrées, entité fournissant les valeurs pour l’évaluation ou l’enrichissement de l’entité cible."},{"name":"$analytic","type":"dictionary","description":"Valeurs temporelles associées à l’analyse, telles que l’heure de début, la dernière heure de fin, etc.","properties":[]}]},{"name":"Visualization","id":"visualization","bundles":["core","geometry"],"variables":[{"name":"$feature","description":"Entité à afficher sur la carte.","type":"feature"},{"name":"$view","type":"dictionary","description":"Propriétés disponibles dans la vue.","properties":[{"name":"scale","type":"number","description":"Renvoie l’échelle de la carte au moment de l’évaluation de l’expression."},{"name":"timeProperties","type":"dictionary","properties":[{"name":"currentStart","type":"date","description":"Date/heure de début de l’étendue temporelle de la carte, telle qu’indiquée par un composant de curseur temporel au moment de l’évaluation de l’expression. Cette valeur est mise à jour dynamiquement (et peut déclencher la réexécution de l’expression Arcade) lorsqu’un curseur temporel est utilisé pour mettre à jour des visualisations temporelles basées sur un champ de date. Si la valeur est `null`, cela signifie que la date/l’heure de début remonte au début des temps."},{"name":"currentEnd","type":"date","description":"Date/heure de fin de l’étendue temporelle de la carte, telle qu’indiquée par un composant de curseur temporel au moment de l’évaluation de l’expression. Cette valeur est mise à jour dynamiquement (et peut déclencher la réexécution de l’expression Arcade) lorsqu’un curseur temporel est utilisé pour mettre à jour des visualisations temporelles basées sur un champ de date. Si la valeur est `null`, cela signifie que la date/l’heure de fin n’est pas définie (sans fin)."},{"name":"startIncluded","type":"boolean","description":"Indique si la date `currentStart` est incluse dans l’étendue temporelle actuelle de la carte."},{"name":"endIncluded","type":"boolean","description":"Indique si la date `currentEnd` est incluse dans l’étendue temporelle actuelle de la carte."}],"description":""}]}]},{"name":"Voxel popup","id":"popup-voxel","bundles":["core"],"variables":[{"name":"$voxel","type":"voxel","description":"Permet d’accéder aux attributs du voxel dont la fenêtre contextuelle doit être affichée dans la scène."}]},{"name":"Voxel popup element","id":"popup-element-voxel","bundles":["core"],"variables":[{"name":"$voxel","type":"voxel","description":"Permet d’accéder aux attributs du voxel dont la fenêtre contextuelle doit être affichée dans la scène."}]}]