[{"name":"Minimalist","id":"minimalist","bundles":["core","data-access","geometry","portal-access"],"variables":[]},{"name":"Aggregate Field","id":"aggregate-field","bundles":["core","geometry"],"variables":[{"name":"$feature","description":"Đối tượng riêng lẻ đã được bao gồm trong một đối tượng tổng hợp. Đối tượng riêng lẻ cung cấp quyền truy cập vào tất cả các thuộc tính trường của đối tượng.","type":"feature"}]},{"name":"Alias","id":"alias","bundles":["core","geometry"],"variables":[{"name":"$value","type":"number","description":"Giá trị dạng số mà văn bản hiển thị mong muốn."},{"name":"$feature","type":"feature","description":"Đối tượng mà văn bản hiển thị mong muốn."}]},{"name":"Attribute rule calculation","id":"attribute-rule-calculation","bundles":["core","data-access","database","geometry","portal-access","ai"],"variables":[{"name":"$feature","type":"feature","description":"Đối tượng đang được tính toán."},{"name":"$originalFeature","type":"feature","description":"Trạng thái trước đó của đối tượng đang được tính toán."},{"name":"$featureSet","type":"featureSet","description":"Một bộ sưu tập gồm các đối tượng trong cùng một bảng với $feature đánh giá biểu thức."},{"name":"$datastore","type":"featureSetCollection","description":"Một bộ sưu tập gồm các lớp trong cùng một dịch vụ đối tượng hoặc cơ sở dữ liệu với $feature thực hiện script."},{"name":"$editcontext","type":"dictionary","properties":[{"name":"editType","type":"text","description":"Cho biết sự kiện chỉnh sửa là CHÈN, CẬP NHẬT, XÓA hay NA (không áp dụng)."}],"description":""}]},{"name":"Attribute rule constraint","id":"attribute-rule-constraint","bundles":["core","data-access","geometry","portal-access"],"variables":[{"name":"$feature","type":"feature","description":"Đối tượng đang được tính toán."},{"name":"$originalFeature","type":"feature","description":"Trạng thái trước đó của đối tượng đang được tính toán."},{"name":"$featureSet","type":"featureSet","description":"Một bộ sưu tập gồm các đối tượng trong cùng một bảng với $feature đánh giá biểu thức."},{"name":"$datastore","type":"featureSetCollection","description":"Một bộ sưu tập gồm các lớp trong cùng một dịch vụ đối tượng hoặc cơ sở dữ liệu với $feature thực hiện script."},{"name":"$editcontext","type":"dictionary","properties":[{"name":"editType","type":"text","description":"Cho biết sự kiện chỉnh sửa là CHÈN, CẬP NHẬT, XÓA hay NA (không áp dụng)."}],"description":""}]},{"name":"Attribute rule validation","id":"attribute-rule-validation","bundles":["core","data-access","geometry","portal-access"],"variables":[{"name":"$feature","type":"feature","description":"Đối tượng đang được tính toán."},{"name":"$featureSet","type":"featureSet","description":"Một bộ sưu tập gồm các đối tượng trong cùng một bảng với $feature đánh giá biểu thức."},{"name":"$datastore","type":"featureSetCollection","description":"Một bộ sưu tập gồm các lớp trong cùng một dịch vụ đối tượng hoặc cơ sở dữ liệu với $feature thực hiện script."}]},{"name":"Dashboard indicator formatting","id":"dashboard-indicator-formatting","bundles":["core"],"variables":[{"name":"$datapoint","type":"feature","description":"Điểm dữ liệu đang được đánh giá cho phần tử trực quan."},{"name":"$reference","type":"dictionary","description":"Giá trị tham chiếu đang được đánh giá cho phần tử trực quan.","properties":[]}]},{"name":"Dashboard list formatting","id":"dashboard-list-formatting","bundles":["core"],"variables":[{"name":"$datapoint","type":"feature","description":"Điểm dữ liệu đang được đánh giá cho phần tử trực quan."}]},{"name":"Dashboard table formatting","id":"dashboard-table-formatting","bundles":["core"],"variables":[{"name":"$datapoint","type":"feature","description":"Điểm dữ liệu đang được đánh giá cho phần tử trực quan."},{"name":"$rowindex","type":"number","description":"Vị trí của một hàng trong bảng (bắt đầu từ 0)."}]},{"name":"Dashboard data","id":"dashboard-data","bundles":["core","geometry","data-access","portal-access","knowledge-graph"],"variables":[]},{"name":"Data Pipelines","id":"data-pipelines","bundles":["core"],"variables":[{"name":"$record","type":"dictionary","description":"Cấp quyền truy cập vào các giá trị thuộc tính/trường của bản ghi đang được tính toán.","properties":[]}]},{"name":"Dictionary renderer","id":"dictionary-renderer","bundles":["core","geometry"],"variables":[{"name":"$feature","type":"feature","description":"Đối tượng sẽ được vẽ trên bản đồ."},{"name":"$config","type":"dictionary","description":"Từ điển các giá trị cấu hình.","properties":[]}]},{"name":"Experience Builder data","id":"experience-builder-data","bundles":["core","data-access","geometry","portal-access"],"variables":[]},{"name":"Experience Builder list item widget formatting","id":"experience-builder-list-item-widget-formatting","bundles":["core"],"variables":[{"name":"$feature","type":"feature","description":"Thể hiện đối tượng trong mục liệt kê."}]},{"name":"Experience Builder widget formatting","id":"experience-builder-widget-formatting","bundles":["core","data-access"],"variables":[{"name":"$dataSources","type":"dictionary","description":"Tiện ích đã sử dụng nguồn dữ liệu. Từ điển này chứa các cặp khóa-giá trị, trong đó mỗi khóa là một ID nguồn dữ liệu (e.g. `dataSource_1-187acf797e1-layer-5-selection`).","properties":[]}]},{"name":"Feature Display Title","id":"feature-display-title","bundles":["core"],"variables":[{"name":"$feature","type":"feature","description":"Đối tượng hoặc hàng cần hiển thị tiêu đề trong UI."}]},{"name":"Feature Z","id":"feature-z","bundles":["core","geometry"],"variables":[{"name":"$feature","type":"feature","description":"Đối tượng yêu cầu giá trị Z."}]},{"name":"Field calculation","id":"field-calculation","bundles":["core","data-access","geometry","portal-access","knowledge-graph","ai"],"variables":[{"name":"$feature","type":"feature","description":"Đối tượng đang được tính toán."},{"name":"$datastore","type":"featureSetCollection","description":"Một bộ sưu tập gồm các lớp trong cùng một dịch vụ đối tượng hoặc cơ sở dữ liệu với $feature thực hiện tính toán."}]},{"name":"Field mapping","id":"field-mapping","bundles":["core","data-access","geometry","portal-access"],"variables":[{"name":"$sourceFeature","type":"feature","description":"Đối tượng nguồn cho bản đồ trường."},{"name":"$targetFeature","type":"feature","description":"Đối tượng đích cho bản đồ trường."},{"name":"$sourceLayer","type":"featureSet","description":"Một bộ sưu tập các đối tượng trong cùng một lớp với $sourcefeature."},{"name":"$targetLayer","type":"featureSet","description":"Một bộ sưu tập các đối tượng trong cùng một lớp với $targetfeature."},{"name":"$map","type":"featureSetCollection","description":"Một bộ sưu gồm các lớp trong bản đồ của biểu thức Arcade đang thực hiện."},{"name":"$sourceDatastore","type":"featureSetCollection","description":"Một bộ sưu tập gồm các lớp trong cùng một kho dữ liệu với $sourcelayer."},{"name":"$targetDatastore","type":"featureSetCollection","description":"Một bộ sưu tập gồm các lớp trong cùng một kho dữ liệu với $targetlayer."}]},{"name":"Form Attachment Filename Calculation","id":"form-attachment-filename-calculation","bundles":["core","data-access","geometry","portal-access"],"variables":[{"name":"$feature","type":"feature","description":"Đ_The feature being calculated______________________________ớ."},{"name":"$originalFeature","type":"feature","description":"Đ_The previous state of the feature being calculated___________________________ớ."},{"name":"$layer","type":"featureSet","description":"Đ_A collection of features in the same layer as $feature_____________________________ớ."},{"name":"$datastore","type":"featureSetCollection","description":"Đ_A collection of layers in the same feature service or database as $feature_______________________________________ớ."},{"name":"$featureset","type":"featureSet","description":"Đ_A collection of features in the same table as $feature_____________________________ớ."},{"name":"$map","type":"featureSetCollection","description":"Đ_A collection of feature service layers in the same map as $feature___________________________________ớ."},{"name":"$formElement","type":"dictionary","description":"Đ_Information associated with the form element________________________ớ.","properties":[{"name":"attachmentKeyword","type":"text","description":"Đ_A text value identifying the content of the attachment. When a file is attached using the form, this property can be used in determining a new filename for the attachment_______________________________________________________________________________________ớ."},{"name":"label","type":"text","description":"Đ_A text value indicating what the element represents___________________________ớ."},{"name":"description","type":"text","description":"Đ_A text value that describes the element in detail__________________________ớ."}]}]},{"name":"Form calculation","id":"form-calculation","bundles":["core","data-access","geometry","portal-access","ai"],"variables":[{"name":"$feature","type":"feature","description":"Hiển thị các thuộc tính của đối tượng để sử dụng trong tính toán"},{"name":"$originalFeature","type":"feature","description":"Trạng thái trước đó của đối tượng đang được tính toán."},{"name":"$layer","type":"featureSet","description":"Một bộ sưu tập gồm các đối tượng trong cùng một lớp với $feature."},{"name":"$datastore","type":"featureSetCollection","description":"Một bộ sưu tập các lớp trong cùng một dịch vụ đối tượng hoặc cơ sở dữ liệu với $feature."},{"name":"$featureset","type":"featureSet","description":"Một bộ sưu tập gồm các đối tượng trong cùng một bảng với $feature."},{"name":"$map","type":"featureSetCollection","description":"Một bộ sưu tập gồm các lớp dịch vụ đối tượng trong cùng một bản đồ với $feature."},{"name":"$editcontext","type":"dictionary","properties":[{"name":"editType","type":"text","description":"Cho biết sự kiện chỉnh sửa là CHÈN, CẬP NHẬT, XÓA hay NA (không áp dụng)."}],"description":""}]},{"name":"Form Constraint","id":"form-constraint","bundles":["core","geometry","data-access","portal-access"],"variables":[{"name":"$feature","type":"feature","description":"Đối tượng đang được đánh giá cho ràng buộc."},{"name":"$originalFeature","type":"feature","description":"Trạng thái trước đó của đối tượng."},{"name":"$layer","type":"featureSet","description":"Một bộ sưu tập gồm các đối tượng trong cùng một lớp với $feature."},{"name":"$datastore","type":"featureSetCollection","description":"Một bộ sưu tập các lớp trong cùng một dịch vụ đối tượng hoặc cơ sở dữ liệu với $feature."},{"name":"$featureset","type":"featureSet","description":"Một bộ sưu tập gồm các đối tượng trong cùng một bảng với $feature."},{"name":"$map","type":"featureSetCollection","description":"Một bộ sưu tập gồm các lớp dịch vụ đối tượng trong cùng một bản đồ với $feature."},{"name":"$editcontext","type":"dictionary","properties":[{"name":"editType","type":"text","description":"Cho biết sự kiện chỉnh sửa là CHÈN, CẬP NHẬT, XÓA hay NA (không áp dụng)."}],"description":""}]},{"name":"Geoanalytics","id":"geoanalytics","bundles":["core","geometry","track"],"variables":[{"name":"$feature","type":"feature","description":"Đối tượng đang được tính toán."}]},{"name":"Geotrigger notification","id":"geotrigger-notification","bundles":["core","geometry","data-access"],"variables":[{"name":"$feedFeature","type":"feature","description":"Đối tượng đầu vào (ví dụ: vị trí thiết bị hoặc đối tượng) khiến geotrigger được kích hoạt. Đối tượng này phải bao gồm một hình học (thường là một điểm) và một lược đồ cố định với các thuộc tính sau: `course` (hướng di chuyển của vị trí tính bằng độ theo chiều kim đồng hồ, 0 là chính bắc) và `horizontalaccuracy` (độ chính xác theo chiều ngang của vị trí tính bằng mét)."},{"name":"$fenceFeature","type":"feature","description":"Đối tượng hàng rào (ví dụ: khu vực quan tâm) đã vào hoặc thoát ra và khiến Geotrigger được kích hoạt."},{"name":"$fenceLayer","type":"featureSet","description":"Một bộ sưu tập gồm các đối tượng trong cùng một lớp với $fenceFeature."},{"name":"$fenceNotificationType","type":"text","description":"Mô tả về sự kiện đã xảy ra - \"đã vào\" hoặc \"đã thoát\"."}]},{"name":"Imagery popup","id":"popup-imagery","bundles":["core","geometry"],"variables":[{"name":"$pixel","type":"pixel","description":"Đ_The pixel value and other pixel-dependent information (e.g. classification category), including virtual raster fields, for the imagery layer currently displayed in the view________________________________________________________________________________________ớ."},{"name":"$imageCollectionItem","type":"feature","description":"Đ_The metadata of the selected image collection item containing the pixel represented by `$pixel`. This value will be `null` if there is no associated image collection____________________________________________________________________________________ớ."},{"name":"$view","type":"dictionary","description":"Đ_Properties available from the view___________________ớ.","properties":[{"name":"scale","type":"number","description":"Đ_Returns the scale of the map at the time the expression evaluates__________________________________ớ."},{"name":"timeProperties","type":"dictionary","properties":[{"name":"currentStart","type":"date","description":"Đ_The start time of the map's time extent as indicated by a time slider component at the time the expression evaluates. This value dynamically updates (and may trigger the re-execution of the Arcade expression) when a time slider is used to update time-aware popups based on date field. A `null` value indicates the start time is inclusive since the beginning of time________________________________________________________________________________________________________________________________________________________________________________________ớ."},{"name":"currentEnd","type":"date","description":"Đ_The end time of the map's time extent as indicated by a time slider component at the time the expression evaluates. This value dynamically updates (and may trigger the re-execution of the Arcade expression) when a time slider is used to update time-aware popups based on date field. A `null` value indicates the end time is indefinite with no end_______________________________________________________________________________________________________________________________________________________________________________ớ."},{"name":"startIncluded","type":"boolean","description":"Đ_Indicates if the `currentStart` date is included in the map's current time extent__________________________________________ớ."},{"name":"endIncluded","type":"boolean","description":"Đ_Indicates if the `currentEnd` date is included in the map's current time extent_________________________________________ớ."}],"description":""}]},{"name":"$userInput","description":"Đ_A geometry representing a user's input for a popup. Typically, this represents a location where the user clicked or tapped in a map to launch a popup. There may be cases where this value is a Point, an Extent, or `null` as popups are not always opened from map interaction. Therefore, it is advised to check the geometry type of this value before it is used____________________________________________________________________________________________________________________________________________________________________________________ớ.","type":"geometry"}]},{"name":"Imagery popup element","id":"popup-element-imagery","bundles":["core","geometry"],"variables":[{"name":"$pixel","type":"pixel","description":"Đ_The pixel value and other pixel-dependent information (e.g. classification category), including virtual raster fields, for the imagery layer currently displayed in the view________________________________________________________________________________________ớ."},{"name":"$imageCollectionItem","type":"feature","description":"Đ_The metadata of the selected image collection item containing the pixel represented by `$pixel`. This value will be `null` if there is no associated image collection____________________________________________________________________________________ớ."},{"name":"$view","type":"dictionary","description":"Đ_Properties available from the view___________________ớ.","properties":[{"name":"scale","type":"number","description":"Đ_Returns the scale of the map at the time the expression evaluates__________________________________ớ."},{"name":"timeProperties","type":"dictionary","properties":[{"name":"currentStart","type":"date","description":"Đ_The start time of the map's time extent as indicated by a time slider component at the time the expression evaluates. This value dynamically updates (and may trigger the re-execution of the Arcade expression) when a time slider is used to update time-aware popups based on date field. A `null` value indicates the start time is inclusive since the beginning of time________________________________________________________________________________________________________________________________________________________________________________________ớ."},{"name":"currentEnd","type":"date","description":"Đ_The end time of the map's time extent as indicated by a time slider component at the time the expression evaluates. This value dynamically updates (and may trigger the re-execution of the Arcade expression) when a time slider is used to update time-aware popups based on date field. A `null` value indicates the end time is indefinite with no end_______________________________________________________________________________________________________________________________________________________________________________ớ."},{"name":"startIncluded","type":"boolean","description":"Đ_Indicates if the `currentStart` date is included in the map's current time extent__________________________________________ớ."},{"name":"endIncluded","type":"boolean","description":"Đ_Indicates if the `currentEnd` date is included in the map's current time extent_________________________________________ớ."}],"description":""}]},{"name":"$userInput","description":"Đ_A geometry representing a user's input for a popup. Typically, this represents a location where the user clicked or tapped in a map to launch a popup. There may be cases where this value is a Point, an Extent, or `null` as popups are not always opened from map interaction. Therefore, it is advised to check the geometry type of this value before it is used____________________________________________________________________________________________________________________________________________________________________________________ớ.","type":"geometry"}]},{"name":"Labeling","id":"labeling","bundles":["core","geometry"],"variables":[{"name":"$feature","type":"feature","description":"Đối tượng có nhãn sẽ được vẽ trên bản đồ."},{"name":"$view","type":"dictionary","description":"Thuộc tính có sẵn trong chế độ xem.","properties":[{"name":"scale","type":"number","description":"Trả về tỷ lệ của bản đồ tại thời điểm biểu thức đánh giá."},{"name":"timeProperties","type":"dictionary","properties":[{"name":"currentStart","type":"date","description":"Thời gian bắt đầu khung thời gian của bản đồ được biểu thị bằng thành phần thanh trượt thời gian tại thời điểm biểu thức đánh giá. Giá trị này được cập nhật linh hoạt (và có thể kích hoạt việc thực hiện lại biểu thức Arcade) khi cập nhật nhãn có nhận biết thời gian dựa trên trường ngày bằng thanh trượt thời gian. Giá trị `null` biểu thị thời gian bắt đầu được tính từ thời điểm bắt đầu."},{"name":"currentEnd","type":"date","description":"Thời gian kết thúc khung thời gian của bản đồ được biểu thị bằng thành phần thanh trượt thời gian tại thời điểm biểu thức đánh giá. Giá trị này được cập nhật linh hoạt (và có thể kích hoạt việc thực hiện lại biểu thức Arcade) khi cập nhật nhãn có nhận biết thời gian dựa trên trường ngày bằng thanh trượt thời gian. Giá trị `null` biểu thị thời gian kết thúc không xác định và vô thời hạn."},{"name":"startIncluded","type":"boolean","description":"Cho biết liệu ngày `currentStart` có nằm trong khung thời gian hiện tại của bản đồ không."},{"name":"endIncluded","type":"boolean","description":"Cho biết liệu ngày `currentEnd` có nằm trong khung thời gian hiện tại của bản đồ không."}],"description":""}]}]},{"name":"Layout","id":"layout","bundles":["core","geometry"],"variables":[{"name":"$feature","type":"feature","description":"Đối tượng có các giá trị có thể được hiển thị trong bố cục."}]},{"name":"Location update constraint","id":"location-update-constraint","bundles":["core","geometry"],"variables":[{"name":"$locationupdate","type":"dictionary","description":"Đối tượng cập nhật vị trí (ví dụ: từ GPS) đang được đánh giá cho ràng buộc.","properties":[{"name":"course","type":"number","description":"Hướng di chuyển của vị trí tính bằng độ theo chiều kim đồng hồ, 0 là hướng chính Bắc."},{"name":"horizontalaccuracy","type":"number","description":"Độ chính xác theo chiều ngang của vị trí tính bằng mét."},{"name":"verticalaccuracy","type":"number","description":"Độ chính xác theo chiều dọc của vị trí tính bằng mét."},{"name":"velocity","type":"number","description":"Vận tốc của vị trí tính bằng mét trên giây."}]}]},{"name":"Model Builder","id":"model-builder","bundles":["core","geometry","data-access","portal-access"],"variables":[{"name":"$variables","type":"dictionary","description":"Một từ điển chứa giá trị và tên các biến.","properties":[]}]},{"name":"Measure visualization","id":"measure-visualization","bundles":["core","geometry"],"variables":[{"name":"$measure","type":"number","description":"Giá trị M nội suy cho vị trí đánh dấu."},{"name":"$feature","type":"feature","description":"Đối tượng sẽ được vẽ trên bản đồ."},{"name":"$view","type":"dictionary","properties":[{"name":"scale","type":"number","description":"Trả về tỷ lệ của bản đồ tại thời điểm biểu thức đánh giá."}],"description":""}]},{"name":"Popup","id":"popup","bundles":["core","data-access","geometry","portal-access","knowledge-graph"],"variables":[{"name":"$feature","type":"feature","description":"Cung cấp quyền truy cập vào các thuộc tính và hình học của đối tượng có cửa sổ pop-up được hiển thị trong chế độ xem."},{"name":"$layer","description":"Một bộ sưu tập gồm các đối tượng trong cùng một lớp với $feature có cửa sổ pop-up được hiển thị trong chế độ xem.","type":"featureSet"},{"name":"$map","description":"Một bộ sưu tập gồm các lớp trong cùng một bản đồ với $feature có cửa sổ pop-up được hiển thị trong chế độ xem. Giá trị này có thể là `null` trong trường hợp cửa sổ pop-up không liên kết với bản đồ.","type":"featureSetCollection"},{"name":"$datastore","description":"Một bộ sưu tập gồm các lớp trong cùng một dịch vụ đối tượng hoặc cơ sở dữ liệu với $feature có cửa sổ pop-up được hiển thị trong chế độ xem.","type":"featureSetCollection"},{"name":"$userInput","description":"Hình học đại diện cho thông tin đầu vào của người dùng cho cửa sổ pop-up. Thông thường, thông tin này đại diện cho vị trí mà người dùng đã nhấp hoặc nhấn vào bản đồ để khởi chạy cửa sổ pop-up. Có thể có trường hợp giá trị này là Điểm, Phạm vi hoặc `null` vì cửa sổ pop-up không phải lúc nào cũng được mở từ tương tác bản đồ. Do đó, bạn nên kiểm tra loại hình học của giá trị này trước khi sử dụng.","type":"geometry"},{"name":"$graph","description":"Đồ thị kiến thức liên kết với đối tượng. Nếu không có đồ thị kiến thức nào khả dụng, giá trị sẽ là `null`.","type":"knowledgeGraph"},{"name":"$view","type":"dictionary","description":"Thuộc tính có sẵn trong chế độ xem.","properties":[{"name":"scale","type":"number","description":"Trả về tỷ lệ của bản đồ tại thời điểm biểu thức đánh giá."},{"name":"timeProperties","type":"dictionary","properties":[{"name":"currentStart","type":"date","description":"Thời gian bắt đầu khung thời gian của bản đồ được biểu thị bằng thành phần thanh trượt thời gian tại thời điểm biểu thức đánh giá. Giá trị này được cập nhật linh hoạt (và có thể kích hoạt việc thực hiện lại biểu thức Arcade) khi cập nhật cửa sổ pop-up có nhận biết thời gian dựa trên trường ngày bằng thanh trượt thời gian. Giá trị `null` biểu thị thời gian bắt đầu được tính từ thời điểm bắt đầu."},{"name":"currentEnd","type":"date","description":"Thời gian kết thúc khung thời gian của bản đồ được biểu thị bằng thành phần thanh trượt thời gian tại thời điểm biểu thức đánh giá. Giá trị này được cập nhật linh hoạt (và có thể kích hoạt việc thực hiện lại biểu thức Arcade) khi cập nhật cửa sổ pop-up có nhận biết thời gian dựa trên trường ngày bằng thanh trượt thời gian. Giá trị `null` biểu thị thời gian kết thúc không xác định và vô thời hạn."},{"name":"startIncluded","type":"boolean","description":"Cho biết liệu ngày `currentStart` có nằm trong khung thời gian hiện tại của bản đồ không."},{"name":"endIncluded","type":"boolean","description":"Cho biết liệu ngày `currentEnd` có nằm trong khung thời gian hiện tại của bản đồ không."}],"description":""}]}]},{"name":"Popup element","id":"popup-element","bundles":["core","data-access","geometry","portal-access","knowledge-graph"],"variables":[{"name":"$feature","type":"feature","description":"Cung cấp quyền truy cập vào các thuộc tính và hình học của đối tượng có cửa sổ pop-up được hiển thị trong chế độ xem."},{"name":"$layer","description":"Một bộ sưu tập gồm các đối tượng trong cùng một lớp với $feature có cửa sổ pop-up được hiển thị trong chế độ xem.","type":"featureSet"},{"name":"$map","description":"Một bộ sưu tập gồm các lớp trong cùng một bản đồ với $feature có cửa sổ pop-up được hiển thị trong chế độ xem. Giá trị này có thể là `null` trong trường hợp cửa sổ pop-up không liên kết với bản đồ.","type":"featureSetCollection"},{"name":"$datastore","description":"Một bộ sưu tập gồm các lớp trong cùng một dịch vụ đối tượng hoặc cơ sở dữ liệu với $feature có cửa sổ pop-up được hiển thị trong chế độ xem.","type":"featureSetCollection"},{"name":"$userInput","description":"Hình học đại diện cho thông tin đầu vào của người dùng cho cửa sổ pop-up. Thông thường, thông tin này đại diện cho vị trí mà người dùng đã nhấp hoặc nhấn vào bản đồ để khởi chạy cửa sổ pop-up. Có thể có trường hợp giá trị này là Điểm, Phạm vi hoặc `null` vì cửa sổ pop-up không phải lúc nào cũng được mở từ tương tác bản đồ. Do đó, bạn nên kiểm tra loại hình học của giá trị này trước khi sử dụng.","type":"geometry"},{"name":"$graph","description":"Đồ thị kiến thức liên kết với đối tượng. Nếu không có đồ thị kiến thức nào khả dụng, giá trị sẽ là `null`.","type":"knowledgeGraph"},{"name":"$view","type":"dictionary","description":"Thuộc tính có sẵn trong chế độ xem.","properties":[{"name":"scale","type":"number","description":"Trả về tỷ lệ của bản đồ tại thời điểm biểu thức đánh giá."},{"name":"timeProperties","type":"dictionary","properties":[{"name":"currentStart","type":"date","description":"Thời gian bắt đầu khung thời gian của bản đồ được biểu thị bằng thành phần thanh trượt thời gian tại thời điểm biểu thức đánh giá. Giá trị này được cập nhật linh hoạt (và có thể kích hoạt việc thực hiện lại biểu thức Arcade) khi cập nhật cửa sổ pop-up có nhận biết thời gian dựa trên trường ngày bằng thanh trượt thời gian. Giá trị `null` biểu thị thời gian bắt đầu được tính từ thời điểm bắt đầu."},{"name":"currentEnd","type":"date","description":"Thời gian kết thúc khung thời gian của bản đồ được biểu thị bằng thành phần thanh trượt thời gian tại thời điểm biểu thức đánh giá. Giá trị này được cập nhật linh hoạt (và có thể kích hoạt việc thực hiện lại biểu thức Arcade) khi cập nhật cửa sổ pop-up có nhận biết thời gian dựa trên trường ngày bằng thanh trượt thời gian. Giá trị `null` biểu thị thời gian kết thúc không xác định và vô thời hạn."},{"name":"startIncluded","type":"boolean","description":"Cho biết liệu ngày `currentStart` có nằm trong khung thời gian hiện tại của bản đồ không."},{"name":"endIncluded","type":"boolean","description":"Cho biết liệu ngày `currentEnd` có nằm trong khung thời gian hiện tại của bản đồ không."}],"description":""}]}]},{"name":"Popup feature reduction","id":"popup-feature-reduction","bundles":["core","data-access","geometry","portal-access"],"variables":[{"name":"$feature","type":"feature","description":"Cung cấp quyền truy cập vào các trường tổng hợp được xác định trong cửa sổ pop-up gom cụm hoặc binning."},{"name":"$aggregatedFeatures","description":"Một FeatureSet chứa tất cả các đối tượng được biểu thị bằng cụm hoặc bin.","type":"featureSet"},{"name":"$view","type":"dictionary","description":"Thuộc tính có sẵn trong chế độ xem.","properties":[{"name":"scale","type":"number","description":"Trả về tỷ lệ của bản đồ tại thời điểm biểu thức đánh giá."},{"name":"timeProperties","type":"dictionary","properties":[{"name":"currentStart","type":"date","description":"Thời gian bắt đầu khung thời gian của bản đồ được biểu thị bằng thành phần thanh trượt thời gian tại thời điểm biểu thức đánh giá. Giá trị này được cập nhật linh hoạt (và có thể kích hoạt việc thực hiện lại biểu thức Arcade) khi cập nhật cửa sổ pop-up có nhận biết thời gian dựa trên trường ngày bằng thanh trượt thời gian. Giá trị `null` biểu thị thời gian bắt đầu được tính từ thời điểm bắt đầu."},{"name":"currentEnd","type":"date","description":"Thời gian kết thúc khung thời gian của bản đồ được biểu thị bằng thành phần thanh trượt thời gian tại thời điểm biểu thức đánh giá. Giá trị này được cập nhật linh hoạt (và có thể kích hoạt việc thực hiện lại biểu thức Arcade) khi cập nhật cửa sổ pop-up có nhận biết thời gian dựa trên trường ngày bằng thanh trượt thời gian. Giá trị `null` biểu thị thời gian kết thúc không xác định và vô thời hạn."},{"name":"startIncluded","type":"boolean","description":"Cho biết liệu ngày `currentStart` có nằm trong khung thời gian hiện tại của bản đồ không."},{"name":"endIncluded","type":"boolean","description":"Cho biết liệu ngày `currentEnd` có nằm trong khung thời gian hiện tại của bản đồ không."}],"description":""}]}]},{"name":"Popup element feature reduction","id":"popup-element-feature-reduction","bundles":["core","data-access","geometry","portal-access"],"variables":[{"name":"$feature","type":"feature","description":"Cung cấp quyền truy cập vào các trường tổng hợp được xác định trong cửa sổ pop-up gom cụm hoặc binning."},{"name":"$aggregatedFeatures","description":"Một FeatureSet chứa tất cả các đối tượng được biểu thị bằng cụm hoặc bin.","type":"featureSet"},{"name":"$view","type":"dictionary","description":"Thuộc tính có sẵn trong chế độ xem.","properties":[{"name":"scale","type":"number","description":"Trả về tỷ lệ của bản đồ tại thời điểm biểu thức đánh giá."},{"name":"timeProperties","type":"dictionary","properties":[{"name":"currentStart","type":"date","description":"Thời gian bắt đầu khung thời gian của bản đồ được biểu thị bằng thành phần thanh trượt thời gian tại thời điểm biểu thức đánh giá. Giá trị này được cập nhật linh hoạt (và có thể kích hoạt việc thực hiện lại biểu thức Arcade) khi cập nhật cửa sổ pop-up có nhận biết thời gian dựa trên trường ngày bằng thanh trượt thời gian. Giá trị `null` biểu thị thời gian bắt đầu được tính từ thời điểm bắt đầu."},{"name":"currentEnd","type":"date","description":"Thời gian kết thúc khung thời gian của bản đồ được biểu thị bằng thành phần thanh trượt thời gian tại thời điểm biểu thức đánh giá. Giá trị này được cập nhật linh hoạt (và có thể kích hoạt việc thực hiện lại biểu thức Arcade) khi cập nhật cửa sổ pop-up có nhận biết thời gian dựa trên trường ngày bằng thanh trượt thời gian. Giá trị `null` biểu thị thời gian kết thúc không xác định và vô thời hạn."},{"name":"startIncluded","type":"boolean","description":"Cho biết liệu ngày `currentStart` có nằm trong khung thời gian hiện tại của bản đồ không."},{"name":"endIncluded","type":"boolean","description":"Cho biết liệu ngày `currentEnd` có nằm trong khung thời gian hiện tại của bản đồ không."}],"description":""}]}]},{"name":"Quick Capture","id":"quick-capture","bundles":["core","data-access","geometry","portal-access"],"variables":[{"name":"$feature","type":"feature","description":"Hiển thị các thuộc tính của đối tượng để sử dụng trong tính toán."},{"name":"$layer","type":"featureSet","description":"Một bộ sưu tập gồm các đối tượng trong cùng một lớp với $feature."},{"name":"$datastore","type":"featureSetCollection","description":"Một bộ sưu tập các lớp trong cùng một dịch vụ đối tượng hoặc cơ sở dữ liệu với $feature."},{"name":"$map","type":"featureSetCollection","description":"Một bộ sưu tập gồm các lớp dịch vụ đối tượng trong bản đồ được dự án QuickCapture sử dụng. Giá trị này có thể là `null`."}]},{"name":"Tasks","id":"tasks","bundles":["core","data-access","geometry","portal-access"],"variables":[{"name":"$feature","description":"Đối tượng được đánh giá bởi tác vụ.","type":"feature"},{"name":"$datastore","description":"Một bộ sưu tập gồm các lớp trong cùng một dịch vụ đối tượng hoặc cơ sở dữ liệu với $feature đang được đánh giá bởi tác vụ.","type":"featureSetCollection"}]},{"name":"Velocity","id":"velocity","bundles":["core","geometry","track"],"variables":[{"name":"$feature","type":"feature","description":"Trong các công cụ phân tích có đầu vào đơn, đối tượng sẽ được tính toán, đánh giá hoặc vận hành."},{"name":"$target","type":"feature","description":"Trong các công cụ phân tích có hai đầu vào, đối tượng được đánh giá để lọc hoặc bổ sung."},{"name":"$join","type":"feature","description":"Trong các công cụ phân tích có hai đầu vào, đối tượng cung cấp các giá trị để đánh giá hoặc bổ sung đối tượng đích."},{"name":"$analytic","type":"dictionary","description":"Giá trị thời gian liên quan đến phân tích như thời gian bắt đầu, thời gian kết thúc cuối cùng, v.v.","properties":[]}]},{"name":"Visualization","id":"visualization","bundles":["core","geometry"],"variables":[{"name":"$feature","description":"Đối tượng sẽ được vẽ trên bản đồ.","type":"feature"},{"name":"$view","type":"dictionary","description":"Thuộc tính có sẵn trong chế độ xem.","properties":[{"name":"scale","type":"number","description":"Trả về tỷ lệ của bản đồ tại thời điểm biểu thức đánh giá."},{"name":"timeProperties","type":"dictionary","properties":[{"name":"currentStart","type":"date","description":"Thời gian bắt đầu khung thời gian của bản đồ được biểu thị bằng thành phần thanh trượt thời gian tại thời điểm biểu thức đánh giá. Giá trị này được cập nhật linh hoạt (và có thể kích hoạt việc thực hiện lại biểu thức Arcade) khi cập nhật hình ảnh trực quan có nhận biết thời gian dựa trên trường ngày bằng thanh trượt thời gian. Giá trị `null` biểu thị thời gian bắt đầu được tính từ thời điểm bắt đầu."},{"name":"currentEnd","type":"date","description":"Thời gian kết thúc khung thời gian của bản đồ được biểu thị bằng thành phần thanh trượt thời gian tại thời điểm biểu thức đánh giá. Giá trị này được cập nhật linh hoạt (và có thể kích hoạt việc thực hiện lại biểu thức Arcade) khi cập nhật hình ảnh trực quan có nhận biết thời gian dựa trên trường ngày bằng thanh trượt thời gian. Giá trị `null` biểu thị thời gian kết thúc không xác định và vô thời hạn."},{"name":"startIncluded","type":"boolean","description":"Cho biết liệu ngày `currentStart` có nằm trong khung thời gian hiện tại của bản đồ không."},{"name":"endIncluded","type":"boolean","description":"Cho biết liệu ngày `currentEnd` có nằm trong khung thời gian hiện tại của bản đồ không."}],"description":""}]}]},{"name":"Voxel popup","id":"popup-voxel","bundles":["core"],"variables":[{"name":"$voxel","type":"voxel","description":"Cấp quyền truy cập vào thuộc tính của điểm ảnh ba chiều có cửa sổ pop-up được hiển thị trong scene."}]},{"name":"Voxel popup element","id":"popup-element-voxel","bundles":["core"],"variables":[{"name":"$voxel","type":"voxel","description":"Cấp quyền truy cập vào thuộc tính của điểm ảnh ba chiều có cửa sổ pop-up được hiển thị trong scene."}]}]