[{"name":"Minimalist","id":"minimalist","bundles":["core","data-access","geometry","portal-access"],"variables":[]},{"name":"Aggregate Field","id":"aggregate-field","bundles":["core","geometry"],"variables":[{"name":"$feature","description":"Entidad individual incluida en una entidad agregada. Esto proporciona acceso a todos los atributos de campo de la entidad.","type":"feature"}]},{"name":"Alias","id":"alias","bundles":["core","geometry"],"variables":[{"name":"$value","type":"number","description":"El valor numérico para el que se desea un alias de texto."},{"name":"$feature","type":"feature","description":"Entidad para la que se desea un alias de texto."}]},{"name":"Attribute rule calculation","id":"attribute-rule-calculation","bundles":["core","data-access","database","geometry","portal-access","ai"],"variables":[{"name":"$feature","type":"feature","description":"La entidad que se está calculando."},{"name":"$originalFeature","type":"feature","description":"El estado anterior de la entidad que se está calculando."},{"name":"$featureSet","type":"featureSet","description":"Un conjunto de entidades en la misma tabla que la $feature que evalúa la expresión."},{"name":"$datastore","type":"featureSetCollection","description":"Un conjunto de capas en el mismo servicio de entidades o base de datos que la $feature que ejecuta el script."},{"name":"$editcontext","type":"dictionary","properties":[{"name":"editType","type":"text","description":"Indica si el evento de edición es INSERTAR, ACTUALIZAR, ELIMINAR o NA (no aplicable)."}],"description":""}]},{"name":"Attribute rule constraint","id":"attribute-rule-constraint","bundles":["core","data-access","geometry","portal-access"],"variables":[{"name":"$feature","type":"feature","description":"La entidad que se está calculando."},{"name":"$originalFeature","type":"feature","description":"El estado anterior de la entidad que se está calculando."},{"name":"$featureSet","type":"featureSet","description":"Un conjunto de entidades en la misma tabla que la $feature que evalúa la expresión."},{"name":"$datastore","type":"featureSetCollection","description":"Un conjunto de capas en el mismo servicio de entidades o base de datos que la $feature que ejecuta el script."},{"name":"$editcontext","type":"dictionary","properties":[{"name":"editType","type":"text","description":"Indica si el evento de edición es INSERTAR, ACTUALIZAR, ELIMINAR o NA (no aplicable)."}],"description":""}]},{"name":"Attribute rule validation","id":"attribute-rule-validation","bundles":["core","data-access","geometry","portal-access"],"variables":[{"name":"$feature","type":"feature","description":"La entidad que se está calculando."},{"name":"$featureSet","type":"featureSet","description":"Un conjunto de entidades en la misma tabla que la $feature que evalúa la expresión."},{"name":"$datastore","type":"featureSetCollection","description":"Un conjunto de capas en el mismo servicio de entidades o base de datos que la $feature que ejecuta el script."}]},{"name":"Dashboard indicator formatting","id":"dashboard-indicator-formatting","bundles":["core"],"variables":[{"name":"$datapoint","type":"feature","description":"El punto de datos que se está evaluando para el elemento visual."},{"name":"$reference","type":"dictionary","description":"El valor de referencia que se está evaluando para el elemento visual.","properties":[]}]},{"name":"Dashboard list formatting","id":"dashboard-list-formatting","bundles":["core"],"variables":[{"name":"$datapoint","type":"feature","description":"El punto de datos que se está evaluando para el elemento visual."}]},{"name":"Dashboard table formatting","id":"dashboard-table-formatting","bundles":["core"],"variables":[{"name":"$datapoint","type":"feature","description":"El punto de datos que se está evaluando para el elemento visual."},{"name":"$rowindex","type":"number","description":"La posición de una fila en la tabla (basada en cero)."}]},{"name":"Dashboard data","id":"dashboard-data","bundles":["core","geometry","data-access","portal-access","knowledge-graph"],"variables":[]},{"name":"Data Pipelines","id":"data-pipelines","bundles":["core"],"variables":[{"name":"$record","type":"dictionary","description":"Proporciona acceso a los valores de atributo/campo del registro que se está calculando.","properties":[]}]},{"name":"Dictionary renderer","id":"dictionary-renderer","bundles":["core","geometry"],"variables":[{"name":"$feature","type":"feature","description":"La entidad que se va a dibujar en el mapa."},{"name":"$config","type":"dictionary","description":"Un diccionario de valores de configuración.","properties":[]}]},{"name":"Experience Builder data","id":"experience-builder-data","bundles":["core","data-access","geometry","portal-access"],"variables":[]},{"name":"Experience Builder list item widget formatting","id":"experience-builder-list-item-widget-formatting","bundles":["core"],"variables":[{"name":"$feature","type":"feature","description":"Representa la entidad en el elemento de lista."}]},{"name":"Experience Builder widget formatting","id":"experience-builder-widget-formatting","bundles":["core","data-access"],"variables":[{"name":"$dataSources","type":"dictionary","description":"Las fuentes de datos utilizadas por el widget. Se trata de un diccionario que contiene pares clave-valor, donde cada clave es un ID de fuente de datos (por ejemplo, «dataSource_1-187acf797e1-layer-5-selection»).","properties":[]}]},{"name":"Feature Display Title","id":"feature-display-title","bundles":["core"],"variables":[{"name":"$feature","type":"feature","description":"La entidad o fila para la que se mostrará un título en la interfaz de usuario."}]},{"name":"Feature Z","id":"feature-z","bundles":["core","geometry"],"variables":[{"name":"$feature","type":"feature","description":"La entidad que requiere un valor Z."}]},{"name":"Field calculation","id":"field-calculation","bundles":["core","data-access","geometry","portal-access","knowledge-graph","ai"],"variables":[{"name":"$feature","type":"feature","description":"La entidad que se está calculando."},{"name":"$datastore","type":"featureSetCollection","description":"Un conjunto de capas en el mismo servicio de entidades o base de datos que la $feature que ejecuta el cálculo."}]},{"name":"Field mapping","id":"field-mapping","bundles":["core","data-access","geometry","portal-access"],"variables":[{"name":"$sourceFeature","type":"feature","description":"La entidad de origen para el mapa de campo."},{"name":"$targetFeature","type":"feature","description":"La entidad de destino para el mapa de campo."},{"name":"$sourceLayer","type":"featureSet","description":"Un conjunto de entidades en la misma capa que $sourcefeature."},{"name":"$targetLayer","type":"featureSet","description":"Un conjunto de entidades en la misma capa que $targetfeature."},{"name":"$map","type":"featureSetCollection","description":"Un conjunto de capas en el mapa de la expresión de arcade en ejecución."},{"name":"$sourceDatastore","type":"featureSetCollection","description":"Un conjunto de capas en el mismo datastore que $sourcelayer."},{"name":"$targetDatastore","type":"featureSetCollection","description":"Un conjunto de capas en el mismo datastore que $targetlayer."}]},{"name":"Form Attachment Filename Calculation","id":"form-attachment-filename-calculation","bundles":["core","data-access","geometry","portal-access"],"variables":[{"name":"$feature","type":"feature","description":"á_The feature being calculated______________________________Ó."},{"name":"$originalFeature","type":"feature","description":"á_The previous state of the feature being calculated___________________________Ó."},{"name":"$layer","type":"featureSet","description":"á_A collection of features in the same layer as $feature_____________________________Ó."},{"name":"$datastore","type":"featureSetCollection","description":"á_A collection of layers in the same feature service or database as $feature_______________________________________Ó."},{"name":"$featureset","type":"featureSet","description":"á_A collection of features in the same table as $feature_____________________________Ó."},{"name":"$map","type":"featureSetCollection","description":"á_A collection of feature service layers in the same map as $feature___________________________________Ó."},{"name":"$formElement","type":"dictionary","description":"á_Information associated with the form element________________________Ó.","properties":[{"name":"attachmentKeyword","type":"text","description":"á_A text value identifying the content of the attachment. When a file is attached using the form, this property can be used in determining a new filename for the attachment_______________________________________________________________________________________Ó."},{"name":"label","type":"text","description":"á_A text value indicating what the element represents___________________________Ó."},{"name":"description","type":"text","description":"á_A text value that describes the element in detail__________________________Ó."}]}]},{"name":"Form calculation","id":"form-calculation","bundles":["core","data-access","geometry","portal-access","ai"],"variables":[{"name":"$feature","type":"feature","description":"Expone los atributos de la entidad para su uso en el cálculo"},{"name":"$originalFeature","type":"feature","description":"El estado anterior de la entidad que se está calculando."},{"name":"$layer","type":"featureSet","description":"Un conjunto de entidades en la misma capa que $feature."},{"name":"$datastore","type":"featureSetCollection","description":"Un conjunto de capas en el mismo servicio de entidadeso base de datos que $feature."},{"name":"$featureset","type":"featureSet","description":"Un conjunto de entidades en la misma tabla que $feature."},{"name":"$map","type":"featureSetCollection","description":"Un conjunto de capas de servicios de entidades en el mismo mapa que $feature."},{"name":"$editcontext","type":"dictionary","properties":[{"name":"editType","type":"text","description":"Indica si el evento de edición es INSERTAR, ACTUALIZAR, ELIMINAR o NA (no aplicable)."}],"description":""}]},{"name":"Form Constraint","id":"form-constraint","bundles":["core","geometry","data-access","portal-access"],"variables":[{"name":"$feature","type":"feature","description":"La entidad que se está evaluando para la restricción."},{"name":"$originalFeature","type":"feature","description":"El estado anterior de la entidad."},{"name":"$layer","type":"featureSet","description":"Un conjunto de entidades en la misma capa que $feature."},{"name":"$datastore","type":"featureSetCollection","description":"Un conjunto de capas en el mismo servicio de entidadeso base de datos que $feature."},{"name":"$featureset","type":"featureSet","description":"Un conjunto de entidades en la misma tabla que $feature."},{"name":"$map","type":"featureSetCollection","description":"Un conjunto de capas de servicios de entidades en el mismo mapa que $feature."},{"name":"$editcontext","type":"dictionary","properties":[{"name":"editType","type":"text","description":"Indica si el evento de edición es INSERTAR, ACTUALIZAR, ELIMINAR o NA (no aplicable)."}],"description":""}]},{"name":"Geoanalytics","id":"geoanalytics","bundles":["core","geometry","track"],"variables":[{"name":"$feature","type":"feature","description":"La entidad que se está calculando."}]},{"name":"Geotrigger notification","id":"geotrigger-notification","bundles":["core","geometry","data-access"],"variables":[{"name":"$feedFeature","type":"feature","description":"La entidad de entrada (p. ej., una ubicación de dispositivo o una entidad) que hizo que se activara el geotrigger. Esta entidad debe incluir una geometría (normalmente un punto) y un esquema fijo con las propiedades siguientes: `course` (curso de la ubicación en grados en sentido horario; 0 es el norte real), y `horizontalaccuracy` (precisión horizontal de la ubicación en metros)."},{"name":"$fenceFeature","type":"feature","description":"La entidad de valla (p. ej., un área de interés) introducida o extraída que provocó la activación del Geotrigger."},{"name":"$fenceLayer","type":"featureSet","description":"Una colección de entidades en la misma capa que $fenceFeature."},{"name":"$fenceNotificationType","type":"text","description":"Una descripción del evento que ocurrió, ya sea \"entrada\" o \"salida\"."}]},{"name":"Imagery popup","id":"popup-imagery","bundles":["core","geometry"],"variables":[{"name":"$pixel","type":"pixel","description":"á_The pixel value and other pixel-dependent information (e.g. classification category), including virtual raster fields, for the imagery layer currently displayed in the view________________________________________________________________________________________Ó."},{"name":"$imageCollectionItem","type":"feature","description":"á_The metadata of the selected image collection item containing the pixel represented by `$pixel`. This value will be `null` if there is no associated image collection____________________________________________________________________________________Ó."},{"name":"$view","type":"dictionary","description":"á_Properties available from the view___________________Ó.","properties":[{"name":"scale","type":"number","description":"á_Returns the scale of the map at the time the expression evaluates__________________________________Ó."},{"name":"timeProperties","type":"dictionary","properties":[{"name":"currentStart","type":"date","description":"á_The start time of the map's time extent as indicated by a time slider component at the time the expression evaluates. This value dynamically updates (and may trigger the re-execution of the Arcade expression) when a time slider is used to update time-aware popups based on date field. A `null` value indicates the start time is inclusive since the beginning of time________________________________________________________________________________________________________________________________________________________________________________________Ó."},{"name":"currentEnd","type":"date","description":"á_The end time of the map's time extent as indicated by a time slider component at the time the expression evaluates. This value dynamically updates (and may trigger the re-execution of the Arcade expression) when a time slider is used to update time-aware popups based on date field. A `null` value indicates the end time is indefinite with no end_______________________________________________________________________________________________________________________________________________________________________________Ó."},{"name":"startIncluded","type":"boolean","description":"á_Indicates if the `currentStart` date is included in the map's current time extent__________________________________________Ó."},{"name":"endIncluded","type":"boolean","description":"á_Indicates if the `currentEnd` date is included in the map's current time extent_________________________________________Ó."}],"description":""}]},{"name":"$userInput","description":"á_A geometry representing a user's input for a popup. Typically, this represents a location where the user clicked or tapped in a map to launch a popup. There may be cases where this value is a Point, an Extent, or `null` as popups are not always opened from map interaction. Therefore, it is advised to check the geometry type of this value before it is used____________________________________________________________________________________________________________________________________________________________________________________Ó.","type":"geometry"}]},{"name":"Imagery popup element","id":"popup-element-imagery","bundles":["core","geometry"],"variables":[{"name":"$pixel","type":"pixel","description":"á_The pixel value and other pixel-dependent information (e.g. classification category), including virtual raster fields, for the imagery layer currently displayed in the view________________________________________________________________________________________Ó."},{"name":"$imageCollectionItem","type":"feature","description":"á_The metadata of the selected image collection item containing the pixel represented by `$pixel`. This value will be `null` if there is no associated image collection____________________________________________________________________________________Ó."},{"name":"$view","type":"dictionary","description":"á_Properties available from the view___________________Ó.","properties":[{"name":"scale","type":"number","description":"á_Returns the scale of the map at the time the expression evaluates__________________________________Ó."},{"name":"timeProperties","type":"dictionary","properties":[{"name":"currentStart","type":"date","description":"á_The start time of the map's time extent as indicated by a time slider component at the time the expression evaluates. This value dynamically updates (and may trigger the re-execution of the Arcade expression) when a time slider is used to update time-aware popups based on date field. A `null` value indicates the start time is inclusive since the beginning of time________________________________________________________________________________________________________________________________________________________________________________________Ó."},{"name":"currentEnd","type":"date","description":"á_The end time of the map's time extent as indicated by a time slider component at the time the expression evaluates. This value dynamically updates (and may trigger the re-execution of the Arcade expression) when a time slider is used to update time-aware popups based on date field. A `null` value indicates the end time is indefinite with no end_______________________________________________________________________________________________________________________________________________________________________________Ó."},{"name":"startIncluded","type":"boolean","description":"á_Indicates if the `currentStart` date is included in the map's current time extent__________________________________________Ó."},{"name":"endIncluded","type":"boolean","description":"á_Indicates if the `currentEnd` date is included in the map's current time extent_________________________________________Ó."}],"description":""}]},{"name":"$userInput","description":"á_A geometry representing a user's input for a popup. Typically, this represents a location where the user clicked or tapped in a map to launch a popup. There may be cases where this value is a Point, an Extent, or `null` as popups are not always opened from map interaction. Therefore, it is advised to check the geometry type of this value before it is used____________________________________________________________________________________________________________________________________________________________________________________Ó.","type":"geometry"}]},{"name":"Labeling","id":"labeling","bundles":["core","geometry"],"variables":[{"name":"$feature","type":"feature","description":"La entidad cuya etiqueta se va a dibujar en el mapa."},{"name":"$view","type":"dictionary","description":"Propiedades disponibles desde la vista.","properties":[{"name":"scale","type":"number","description":"Devuelve la escala del mapa en el momento en que se evalúe la expresión."},{"name":"timeProperties","type":"dictionary","properties":[{"name":"currentStart","type":"date","description":"Hora de inicio de la extensión temporal del mapa indicada por un componente deslizante de tiempo en el momento en que se evalúa la expresión. Este valor se actualiza dinámicamente (y puede desencadenar la reejecución de la expresión Arcade) cuando se utiliza un control deslizante de tiempo para actualizar las etiquetas temporales basadas en un campo de fecha. Un valor nulo indica que la hora de inicio es inclusiva desde el comienzo del tiempo."},{"name":"currentEnd","type":"date","description":"Hora de finalización de la extensión temporal del mapa indicada por un componente deslizante de tiempo en el momento en que se evalúa la expresión. Este valor se actualiza dinámicamente (y puede desencadenar la reejecución de la expresión Arcade) cuando se utiliza un control deslizante de tiempo para actualizar las etiquetas temporales basadas en un campo de fecha. Un valor nulo indica que la hora de finalización es indefinida sin final."},{"name":"startIncluded","type":"boolean","description":"Indica si la fecha `currentStart` está incluida en la extensión temporal actual del mapa."},{"name":"endIncluded","type":"boolean","description":"Indica si la fecha `currentEnd` está incluida en la extensión temporal actual del mapa."}],"description":""}]}]},{"name":"Layout","id":"layout","bundles":["core","geometry"],"variables":[{"name":"$feature","type":"feature","description":"La entidad cuyos valores puede que se muestren en el diseño."}]},{"name":"Location update constraint","id":"location-update-constraint","bundles":["core","geometry"],"variables":[{"name":"$locationupdate","type":"dictionary","description":"La entidad de actualización de ubicación (por ejemplo, desde GPS) que se está evaluando para la restricción.","properties":[{"name":"course","type":"number","description":"El curso de la ubicación en grados en sentido horario, siendo 0 el norte verdadero."},{"name":"horizontalaccuracy","type":"number","description":"La precisión horizontal de la ubicación en metros."},{"name":"verticalaccuracy","type":"number","description":"La precisión vertical de la ubicación en metros."},{"name":"velocity","type":"number","description":"La velocidad de la ubicación en metros por segundo."}]}]},{"name":"Model Builder","id":"model-builder","bundles":["core","geometry","data-access","portal-access"],"variables":[{"name":"$variables","type":"dictionary","description":"Un diccionario que contiene nombres y valores de variables.","properties":[]}]},{"name":"Measure visualization","id":"measure-visualization","bundles":["core","geometry"],"variables":[{"name":"$measure","type":"number","description":"El valor m interpolado para la ubicación del marcador."},{"name":"$feature","type":"feature","description":"La entidad que se va a dibujar en el mapa."},{"name":"$view","type":"dictionary","properties":[{"name":"scale","type":"number","description":"Devuelve la escala del mapa en el momento en que se evalúe la expresión."}],"description":""}]},{"name":"Popup","id":"popup","bundles":["core","data-access","geometry","portal-access","knowledge-graph"],"variables":[{"name":"$feature","type":"feature","description":"Proporciona acceso a los atributos y la geometría de la entidad cuya ventana emergente se mostrará en la vista."},{"name":"$layer","description":"Un conjunto de entidades en la misma capa que la $feature cuyo elemento emergente se muestra en la vista.","type":"featureSet"},{"name":"$map","description":"Un conjunto de capas en el mismo mapa que la $feature cuyo elemento emergente se muestra en la vista. Este valor puede ser \"nulo\" en los casos en que una ventana emergente no esté asociada a un mapa.","type":"featureSetCollection"},{"name":"$datastore","description":"Un conjunto de capas en el mismo servicio de entidades o base de datos que la $feature cuyo elemento emergente se muestra en la vista.","type":"featureSetCollection"},{"name":"$userInput","description":"Geometría que representa una entrada de usuario correspondiente a un elemento emergente. Por lo general, representa una ubicación del mapa en la que el usuario hace clic o toca para abrir un elemento emergente. Puede haber casos en los que este valor sea un punto, una extensión o \"nulo\", ya que las ventanas emergentes no siempre se abren a partir de la interacción con el mapa. Por lo tanto, se aconseja comprobar el tipo de geometría de este valor antes de utilizarlo.","type":"geometry"},{"name":"$graph","description":"Un gráfico de conocimiento asociado a la entidad. Si no hay ningún gráfico de conocimiento disponible, el valor será \"null\".","type":"knowledgeGraph"},{"name":"$view","type":"dictionary","description":"Propiedades disponibles desde la vista.","properties":[{"name":"scale","type":"number","description":"Devuelve la escala del mapa en el momento en que se evalúe la expresión."},{"name":"timeProperties","type":"dictionary","properties":[{"name":"currentStart","type":"date","description":"Hora de inicio de la extensión temporal del mapa indicada por un componente deslizante de tiempo en el momento en que se evalúa la expresión. Este valor se actualiza dinámicamente (y puede desencadenar la reejecución de la expresión Arcade) cuando se utiliza un control deslizante de tiempo para actualizar las ventanas emergentes temporales basadas en un campo de fecha. Un valor nulo indica que la hora de inicio es inclusiva desde el comienzo del tiempo."},{"name":"currentEnd","type":"date","description":"Hora de finalización de la extensión temporal del mapa indicada por un componente deslizante de tiempo en el momento en que se evalúa la expresión. Este valor se actualiza dinámicamente (y puede desencadenar la reejecución de la expresión Arcade) cuando se utiliza un control deslizante de tiempo para actualizar las ventanas emergentes temporales basadas en un campo de fecha. Un valor nulo indica que la hora de finalización es indefinida sin final."},{"name":"startIncluded","type":"boolean","description":"Indica si la fecha `currentStart` está incluida en la extensión temporal actual del mapa."},{"name":"endIncluded","type":"boolean","description":"Indica si la fecha `currentEnd` está incluida en la extensión temporal actual del mapa."}],"description":""}]}]},{"name":"Popup element","id":"popup-element","bundles":["core","data-access","geometry","portal-access","knowledge-graph"],"variables":[{"name":"$feature","type":"feature","description":"Proporciona acceso a los atributos y la geometría de la entidad cuya ventana emergente se mostrará en la vista."},{"name":"$layer","description":"Un conjunto de entidades en la misma capa que la $feature cuyo elemento emergente se muestra en la vista.","type":"featureSet"},{"name":"$map","description":"Un conjunto de capas en el mismo mapa que la $feature cuyo elemento emergente se muestra en la vista. Este valor puede ser \"nulo\" en los casos en que una ventana emergente no esté asociada a un mapa.","type":"featureSetCollection"},{"name":"$datastore","description":"Un conjunto de capas en el mismo servicio de entidades o base de datos que la $feature cuyo elemento emergente se muestra en la vista.","type":"featureSetCollection"},{"name":"$userInput","description":"Geometría que representa una entrada de usuario correspondiente a un elemento emergente. Por lo general, representa una ubicación del mapa en la que el usuario hace clic o toca para abrir un elemento emergente. Puede haber casos en los que este valor sea un punto, una extensión o \"nulo\", ya que las ventanas emergentes no siempre se abren a partir de la interacción con el mapa. Por lo tanto, se aconseja comprobar el tipo de geometría de este valor antes de utilizarlo.","type":"geometry"},{"name":"$graph","description":"Un gráfico de conocimiento asociado a la entidad. Si no hay ningún gráfico de conocimiento disponible, el valor será \"null\".","type":"knowledgeGraph"},{"name":"$view","type":"dictionary","description":"Propiedades disponibles desde la vista.","properties":[{"name":"scale","type":"number","description":"Devuelve la escala del mapa en el momento en que se evalúe la expresión."},{"name":"timeProperties","type":"dictionary","properties":[{"name":"currentStart","type":"date","description":"Hora de inicio de la extensión temporal del mapa indicada por un componente deslizante de tiempo en el momento en que se evalúa la expresión. Este valor se actualiza dinámicamente (y puede desencadenar la reejecución de la expresión Arcade) cuando se utiliza un control deslizante de tiempo para actualizar las ventanas emergentes temporales basadas en un campo de fecha. Un valor nulo indica que la hora de inicio es inclusiva desde el comienzo del tiempo."},{"name":"currentEnd","type":"date","description":"Hora de finalización de la extensión temporal del mapa indicada por un componente deslizante de tiempo en el momento en que se evalúa la expresión. Este valor se actualiza dinámicamente (y puede desencadenar la reejecución de la expresión Arcade) cuando se utiliza un control deslizante de tiempo para actualizar las ventanas emergentes temporales basadas en un campo de fecha. Un valor nulo indica que la hora de finalización es indefinida sin final."},{"name":"startIncluded","type":"boolean","description":"Indica si la fecha `currentStart` está incluida en la extensión temporal actual del mapa."},{"name":"endIncluded","type":"boolean","description":"Indica si la fecha `currentEnd` está incluida en la extensión temporal actual del mapa."}],"description":""}]}]},{"name":"Popup feature reduction","id":"popup-feature-reduction","bundles":["core","data-access","geometry","portal-access"],"variables":[{"name":"$feature","type":"feature","description":"Proporciona acceso a los campos agregados definidos en los elementos emergentes de clustering o clasificación."},{"name":"$aggregatedFeatures","description":"Un FeatureSet que contiene todas las entidades representadas por el clúster o contenedor.","type":"featureSet"},{"name":"$view","type":"dictionary","description":"Propiedades disponibles desde la vista.","properties":[{"name":"scale","type":"number","description":"Devuelve la escala del mapa en el momento en que se evalúe la expresión."},{"name":"timeProperties","type":"dictionary","properties":[{"name":"currentStart","type":"date","description":"Hora de inicio de la extensión temporal del mapa indicada por un componente deslizante de tiempo en el momento en que se evalúa la expresión. Este valor se actualiza dinámicamente (y puede desencadenar la reejecución de la expresión Arcade) cuando se utiliza un control deslizante de tiempo para actualizar las ventanas emergentes temporales basadas en un campo de fecha. Un valor nulo indica que la hora de inicio es inclusiva desde el comienzo del tiempo."},{"name":"currentEnd","type":"date","description":"Hora de finalización de la extensión temporal del mapa indicada por un componente deslizante de tiempo en el momento en que se evalúa la expresión. Este valor se actualiza dinámicamente (y puede desencadenar la reejecución de la expresión Arcade) cuando se utiliza un control deslizante de tiempo para actualizar las ventanas emergentes temporales basadas en un campo de fecha. Un valor nulo indica que la hora de finalización es indefinida sin final."},{"name":"startIncluded","type":"boolean","description":"Indica si la fecha `currentStart` está incluida en la extensión temporal actual del mapa."},{"name":"endIncluded","type":"boolean","description":"Indica si la fecha `currentEnd` está incluida en la extensión temporal actual del mapa."}],"description":""}]}]},{"name":"Popup element feature reduction","id":"popup-element-feature-reduction","bundles":["core","data-access","geometry","portal-access"],"variables":[{"name":"$feature","type":"feature","description":"Proporciona acceso a los campos agregados definidos en los elementos emergentes de clustering o clasificación."},{"name":"$aggregatedFeatures","description":"Un FeatureSet que contiene todas las entidades representadas por el clúster o contenedor.","type":"featureSet"},{"name":"$view","type":"dictionary","description":"Propiedades disponibles desde la vista.","properties":[{"name":"scale","type":"number","description":"Devuelve la escala del mapa en el momento en que se evalúe la expresión."},{"name":"timeProperties","type":"dictionary","properties":[{"name":"currentStart","type":"date","description":"Hora de inicio de la extensión temporal del mapa indicada por un componente deslizante de tiempo en el momento en que se evalúa la expresión. Este valor se actualiza dinámicamente (y puede desencadenar la reejecución de la expresión Arcade) cuando se utiliza un control deslizante de tiempo para actualizar las ventanas emergentes temporales basadas en un campo de fecha. Un valor nulo indica que la hora de inicio es inclusiva desde el comienzo del tiempo."},{"name":"currentEnd","type":"date","description":"Hora de finalización de la extensión temporal del mapa indicada por un componente deslizante de tiempo en el momento en que se evalúa la expresión. Este valor se actualiza dinámicamente (y puede desencadenar la reejecución de la expresión Arcade) cuando se utiliza un control deslizante de tiempo para actualizar las ventanas emergentes temporales basadas en un campo de fecha. Un valor nulo indica que la hora de finalización es indefinida sin final."},{"name":"startIncluded","type":"boolean","description":"Indica si la fecha `currentStart` está incluida en la extensión temporal actual del mapa."},{"name":"endIncluded","type":"boolean","description":"Indica si la fecha `currentEnd` está incluida en la extensión temporal actual del mapa."}],"description":""}]}]},{"name":"Quick Capture","id":"quick-capture","bundles":["core","data-access","geometry","portal-access"],"variables":[{"name":"$feature","type":"feature","description":"Expone los atributos de la entidad para su uso en el cálculo."},{"name":"$layer","type":"featureSet","description":"Un conjunto de entidades en la misma capa que $feature."},{"name":"$datastore","type":"featureSetCollection","description":"Un conjunto de capas en el mismo servicio de entidadeso base de datos que $feature."},{"name":"$map","type":"featureSetCollection","description":"Una colección de capas de servicios de entidades en el mapa utilizado por el proyecto de QuickCapture. Esta variable puede tener un valor \"nulo\"."}]},{"name":"Tasks","id":"tasks","bundles":["core","data-access","geometry","portal-access"],"variables":[{"name":"$feature","description":"La entidad que está siendo evaluada por la tarea.","type":"feature"},{"name":"$datastore","description":"Un conjunto de capas en el mismo servicio de entidades o base de datos que la $feature que está siendo evaluada por la tarea.","type":"featureSetCollection"}]},{"name":"Velocity","id":"velocity","bundles":["core","geometry","track"],"variables":[{"name":"$feature","type":"feature","description":"En herramientas analíticas con entradas únicas, la entidad que se está calculando, evaluando u operando."},{"name":"$target","type":"feature","description":"En herramientas analíticas con dos entradas, la entidad se evalúa para el filtrado o el enriquecimiento."},{"name":"$join","type":"feature","description":"En herramientas analíticas con dos entradas, la entidad que proporciona valores para la evaluación o el enriquecimiento de la entidad objetivo."},{"name":"$analytic","type":"dictionary","description":"Valores de tiempo asociados con el análisis, como la hora de inicio, la última hora de finalización, etc.","properties":[]}]},{"name":"Visualization","id":"visualization","bundles":["core","geometry"],"variables":[{"name":"$feature","description":"La entidad que se va a dibujar en el mapa.","type":"feature"},{"name":"$view","type":"dictionary","description":"Propiedades disponibles desde la vista.","properties":[{"name":"scale","type":"number","description":"Devuelve la escala del mapa en el momento en que se evalúe la expresión."},{"name":"timeProperties","type":"dictionary","properties":[{"name":"currentStart","type":"date","description":"Hora de inicio de la extensión temporal del mapa indicada por un componente deslizante de tiempo en el momento en que se evalúa la expresión. Este valor se actualiza dinámicamente (y puede desencadenar la reejecución de la expresión Arcade) cuando se utiliza un control deslizante de tiempo para actualizar las visualizaciones temporales basadas en un campo de fecha. Un valor nulo indica que la hora de inicio es inclusiva desde el comienzo del tiempo."},{"name":"currentEnd","type":"date","description":"Hora de finalización de la extensión temporal del mapa indicada por un componente deslizante de tiempo en el momento en que se evalúa la expresión. Este valor se actualiza dinámicamente (y puede desencadenar la reejecución de la expresión Arcade) cuando se utiliza un control deslizante de tiempo para actualizar las visualizaciones temporales basadas en un campo de fecha. Un valor nulo indica que la hora de finalización es indefinida sin final."},{"name":"startIncluded","type":"boolean","description":"Indica si la fecha `currentStart` está incluida en la extensión temporal actual del mapa."},{"name":"endIncluded","type":"boolean","description":"Indica si la fecha `currentEnd` está incluida en la extensión temporal actual del mapa."}],"description":""}]}]},{"name":"Voxel popup","id":"popup-voxel","bundles":["core"],"variables":[{"name":"$voxel","type":"voxel","description":"Proporciona acceso a los atributos del vóxel cuya ventana emergente se va a mostrar en la escena."}]},{"name":"Voxel popup element","id":"popup-element-voxel","bundles":["core"],"variables":[{"name":"$voxel","type":"voxel","description":"Proporciona acceso a los atributos del vóxel cuya ventana emergente se va a mostrar en la escena."}]}]