[{"name":"Minimalist","id":"minimalist","bundles":["core","data-access","geometry","portal-access"],"variables":[]},{"name":"Aggregate Field","id":"aggregate-field","bundles":["core","geometry"],"variables":[{"name":"$feature","description":"集約フィーチャに含まれている個別のフィーチャ。 これにより、フィーチャのすべてのフィールド属性にアクセスできます。","type":"feature"}]},{"name":"Alias","id":"alias","bundles":["core","geometry"],"variables":[{"name":"$value","type":"number","description":"テキスト エイリアスが必要な数値。"},{"name":"$feature","type":"feature","description":"テキスト エイリアスが必要なフィーチャ。"}]},{"name":"Attribute rule calculation","id":"attribute-rule-calculation","bundles":["core","data-access","database","geometry","portal-access","ai"],"variables":[{"name":"$feature","type":"feature","description":"計算されるフィーチャ。"},{"name":"$originalFeature","type":"feature","description":"計算されるフィーチャの前の状態。"},{"name":"$featureSet","type":"featureSet","description":"式を評価する $feature と同じテーブル内のフィーチャのコレクション。"},{"name":"$datastore","type":"featureSetCollection","description":"スクリプトを実行する $feature と同じフィーチャ サービスまたはデータベース内のレイヤーのコレクション。"},{"name":"$editcontext","type":"dictionary","properties":[{"name":"editType","type":"text","description":"編集イベントが INSERT、UPDATE、DELETE、または NA (該当なし) かどうかを示します。"}],"description":""}]},{"name":"Attribute rule constraint","id":"attribute-rule-constraint","bundles":["core","data-access","geometry","portal-access"],"variables":[{"name":"$feature","type":"feature","description":"計算されるフィーチャ。"},{"name":"$originalFeature","type":"feature","description":"計算されるフィーチャの前の状態。"},{"name":"$featureSet","type":"featureSet","description":"式を評価する $feature と同じテーブル内のフィーチャのコレクション。"},{"name":"$datastore","type":"featureSetCollection","description":"スクリプトを実行する $feature と同じフィーチャ サービスまたはデータベース内のレイヤーのコレクション。"},{"name":"$editcontext","type":"dictionary","properties":[{"name":"editType","type":"text","description":"編集イベントが INSERT、UPDATE、DELETE、または NA (該当なし) かどうかを示します。"}],"description":""}]},{"name":"Attribute rule validation","id":"attribute-rule-validation","bundles":["core","data-access","geometry","portal-access"],"variables":[{"name":"$feature","type":"feature","description":"計算されるフィーチャ。"},{"name":"$featureSet","type":"featureSet","description":"式を評価する $feature と同じテーブル内のフィーチャのコレクション。"},{"name":"$datastore","type":"featureSetCollection","description":"スクリプトを実行する $feature と同じフィーチャ サービスまたはデータベース内のレイヤーのコレクション。"}]},{"name":"Dashboard indicator formatting","id":"dashboard-indicator-formatting","bundles":["core"],"variables":[{"name":"$datapoint","type":"feature","description":"視覚的エレメントの評価対象となるデータ ポイント。"},{"name":"$reference","type":"dictionary","description":"視覚的エレメントの評価対象となる参照値。","properties":[]}]},{"name":"Dashboard list formatting","id":"dashboard-list-formatting","bundles":["core"],"variables":[{"name":"$datapoint","type":"feature","description":"視覚的エレメントの評価対象となるデータ ポイント。"}]},{"name":"Dashboard table formatting","id":"dashboard-table-formatting","bundles":["core"],"variables":[{"name":"$datapoint","type":"feature","description":"視覚的エレメントの評価対象となるデータ ポイント。"},{"name":"$rowindex","type":"number","description":"テーブルの行の位置 (ゼロベース)。"}]},{"name":"Dashboard data","id":"dashboard-data","bundles":["core","geometry","data-access","portal-access","knowledge-graph"],"variables":[]},{"name":"Data Pipelines","id":"data-pipelines","bundles":["core"],"variables":[{"name":"$record","type":"dictionary","description":"計算されているレコードの属性/フィールド値へのアクセスを提供します。","properties":[]}]},{"name":"Dictionary renderer","id":"dictionary-renderer","bundles":["core","geometry"],"variables":[{"name":"$feature","type":"feature","description":"マップに描画されるフィーチャ。"},{"name":"$config","type":"dictionary","description":"コンフィグレーション値の辞書。","properties":[]}]},{"name":"Experience Builder data","id":"experience-builder-data","bundles":["core","data-access","geometry","portal-access"],"variables":[]},{"name":"Experience Builder list item widget formatting","id":"experience-builder-list-item-widget-formatting","bundles":["core"],"variables":[{"name":"$feature","type":"feature","description":"リスト アイテム内のフィーチャを表します。"}]},{"name":"Experience Builder widget formatting","id":"experience-builder-widget-formatting","bundles":["core","data-access"],"variables":[{"name":"$dataSources","type":"dictionary","description":"ウィジェットで使用されるデータ ソース。 これはキー値ペアを含むディクショナリーです。各キーはデータ ソース ID (例: dataSource_1-187acf797e1-layer-5-selection)です。","properties":[]}]},{"name":"Feature Display Title","id":"feature-display-title","bundles":["core"],"variables":[{"name":"$feature","type":"feature","description":"UI にタイトルを表示するフィーチャまたは行。"}]},{"name":"Feature Z","id":"feature-z","bundles":["core","geometry"],"variables":[{"name":"$feature","type":"feature","description":"Z 値を必要とするフィーチャ。"}]},{"name":"Field calculation","id":"field-calculation","bundles":["core","data-access","geometry","portal-access","knowledge-graph","ai"],"variables":[{"name":"$feature","type":"feature","description":"計算されるフィーチャ。"},{"name":"$datastore","type":"featureSetCollection","description":"計算を実行する $feature と同じフィーチャ サービスまたはデータベース内のレイヤーのコレクション。"}]},{"name":"Field mapping","id":"field-mapping","bundles":["core","data-access","geometry","portal-access"],"variables":[{"name":"$sourceFeature","type":"feature","description":"フィールド マップのソース フィーチャ。"},{"name":"$targetFeature","type":"feature","description":"フィールド マップのターゲット フィーチャ。"},{"name":"$sourceLayer","type":"featureSet","description":"$sourcefeature と同じレイヤー内のフィーチャのコレクション。"},{"name":"$targetLayer","type":"featureSet","description":"$targetfeature と同じレイヤー内のフィーチャのコレクション。"},{"name":"$map","type":"featureSetCollection","description":"実行している Arcade 式のマップ内のレイヤーのコレクション。"},{"name":"$sourceDatastore","type":"featureSetCollection","description":"$sourcelayer と同じデータストア内のレイヤーのコレクション。"},{"name":"$targetDatastore","type":"featureSetCollection","description":"$targetlayer と同じデータストア内のレイヤーのコレクション。"}]},{"name":"Form Attachment Filename Calculation","id":"form-attachment-filename-calculation","bundles":["core","data-access","geometry","portal-access"],"variables":[{"name":"$feature","type":"feature","description":"須_The feature being calculated______________________________鷗."},{"name":"$originalFeature","type":"feature","description":"須_The previous state of the feature being calculated___________________________鷗."},{"name":"$layer","type":"featureSet","description":"須_A collection of features in the same layer as $feature_____________________________鷗."},{"name":"$datastore","type":"featureSetCollection","description":"須_A collection of layers in the same feature service or database as $feature_______________________________________鷗."},{"name":"$featureset","type":"featureSet","description":"須_A collection of features in the same table as $feature_____________________________鷗."},{"name":"$map","type":"featureSetCollection","description":"須_A collection of feature service layers in the same map as $feature___________________________________鷗."},{"name":"$formElement","type":"dictionary","description":"須_Information associated with the form element________________________鷗.","properties":[{"name":"attachmentKeyword","type":"text","description":"須_A text value identifying the content of the attachment. When a file is attached using the form, this property can be used in determining a new filename for the attachment_______________________________________________________________________________________鷗."},{"name":"label","type":"text","description":"須_A text value indicating what the element represents___________________________鷗."},{"name":"description","type":"text","description":"須_A text value that describes the element in detail__________________________鷗."}]}]},{"name":"Form calculation","id":"form-calculation","bundles":["core","data-access","geometry","portal-access","ai"],"variables":[{"name":"$feature","type":"feature","description":"計算で使用するフィーチャの属性を公開します"},{"name":"$originalFeature","type":"feature","description":"計算されるフィーチャの前の状態。"},{"name":"$layer","type":"featureSet","description":"$feature と同じレイヤー内のフィーチャのコレクション。"},{"name":"$datastore","type":"featureSetCollection","description":"$feature と同じフィーチャ サービスまたはデータベース内のレイヤーのコレクション。"},{"name":"$featureset","type":"featureSet","description":"$feature と同じテーブル内のフィーチャのコレクション。"},{"name":"$map","type":"featureSetCollection","description":"$feature と同じマップ内のフィーチャ サービス レイヤーのコレクション。"},{"name":"$editcontext","type":"dictionary","properties":[{"name":"editType","type":"text","description":"編集イベントが INSERT、UPDATE、DELETE、または NA (該当なし) かどうかを示します。"}],"description":""}]},{"name":"Form Constraint","id":"form-constraint","bundles":["core","geometry","data-access","portal-access"],"variables":[{"name":"$feature","type":"feature","description":"制約の評価対象となるフィーチャ。"},{"name":"$originalFeature","type":"feature","description":"フィーチャの前の状態。"},{"name":"$layer","type":"featureSet","description":"$feature と同じレイヤー内のフィーチャのコレクション。"},{"name":"$datastore","type":"featureSetCollection","description":"$feature と同じフィーチャ サービスまたはデータベース内のレイヤーのコレクション。"},{"name":"$featureset","type":"featureSet","description":"$feature と同じテーブル内のフィーチャのコレクション。"},{"name":"$map","type":"featureSetCollection","description":"$feature と同じマップ内のフィーチャ サービス レイヤーのコレクション。"},{"name":"$editcontext","type":"dictionary","properties":[{"name":"editType","type":"text","description":"編集イベントが INSERT、UPDATE、DELETE、または NA (該当なし) かどうかを示します。"}],"description":""}]},{"name":"Geoanalytics","id":"geoanalytics","bundles":["core","geometry","track"],"variables":[{"name":"$feature","type":"feature","description":"計算されるフィーチャ。"}]},{"name":"Geotrigger notification","id":"geotrigger-notification","bundles":["core","geometry","data-access"],"variables":[{"name":"$feedFeature","type":"feature","description":"Geotrigger がアクティブ化された入力フィーチャ (例: デバイスの位置やフィーチャ)。 このフィーチャには、ジオメトリー (通常はポイント) と、`course` プロパティ (度単位で 0 を真北とする、時計回りの位置の方位)、`horizontalaccuracy` プロパティ (メートル単位の位置の水平精度) を含む固定スキーマを含める必要があります。"},{"name":"$fenceFeature","type":"feature","description":"出入りして、Geotrigger がアクティブ化されたフェンス フィーチャ (例: 対象地域)。"},{"name":"$fenceLayer","type":"featureSet","description":"$fenceFeature と同じレイヤー内のフィーチャのコレクション。"},{"name":"$fenceNotificationType","type":"text","description":"発生したイベントの説明 (\"entered\" または \"exited\")。"}]},{"name":"Imagery popup","id":"popup-imagery","bundles":["core","geometry"],"variables":[{"name":"$pixel","type":"pixel","description":"須_The pixel value and other pixel-dependent information (e.g. classification category), including virtual raster fields, for the imagery layer currently displayed in the view________________________________________________________________________________________鷗."},{"name":"$imageCollectionItem","type":"feature","description":"須_The metadata of the selected image collection item containing the pixel represented by `$pixel`. This value will be `null` if there is no associated image collection____________________________________________________________________________________鷗."},{"name":"$view","type":"dictionary","description":"須_Properties available from the view___________________鷗.","properties":[{"name":"scale","type":"number","description":"須_Returns the scale of the map at the time the expression evaluates__________________________________鷗."},{"name":"timeProperties","type":"dictionary","properties":[{"name":"currentStart","type":"date","description":"須_The start time of the map's time extent as indicated by a time slider component at the time the expression evaluates. This value dynamically updates (and may trigger the re-execution of the Arcade expression) when a time slider is used to update time-aware popups based on date field. A `null` value indicates the start time is inclusive since the beginning of time________________________________________________________________________________________________________________________________________________________________________________________鷗."},{"name":"currentEnd","type":"date","description":"須_The end time of the map's time extent as indicated by a time slider component at the time the expression evaluates. This value dynamically updates (and may trigger the re-execution of the Arcade expression) when a time slider is used to update time-aware popups based on date field. A `null` value indicates the end time is indefinite with no end_______________________________________________________________________________________________________________________________________________________________________________鷗."},{"name":"startIncluded","type":"boolean","description":"須_Indicates if the `currentStart` date is included in the map's current time extent__________________________________________鷗."},{"name":"endIncluded","type":"boolean","description":"須_Indicates if the `currentEnd` date is included in the map's current time extent_________________________________________鷗."}],"description":""}]},{"name":"$userInput","description":"須_A geometry representing a user's input for a popup. Typically, this represents a location where the user clicked or tapped in a map to launch a popup. There may be cases where this value is a Point, an Extent, or `null` as popups are not always opened from map interaction. Therefore, it is advised to check the geometry type of this value before it is used____________________________________________________________________________________________________________________________________________________________________________________鷗.","type":"geometry"}]},{"name":"Imagery popup element","id":"popup-element-imagery","bundles":["core","geometry"],"variables":[{"name":"$pixel","type":"pixel","description":"須_The pixel value and other pixel-dependent information (e.g. classification category), including virtual raster fields, for the imagery layer currently displayed in the view________________________________________________________________________________________鷗."},{"name":"$imageCollectionItem","type":"feature","description":"須_The metadata of the selected image collection item containing the pixel represented by `$pixel`. This value will be `null` if there is no associated image collection____________________________________________________________________________________鷗."},{"name":"$view","type":"dictionary","description":"須_Properties available from the view___________________鷗.","properties":[{"name":"scale","type":"number","description":"須_Returns the scale of the map at the time the expression evaluates__________________________________鷗."},{"name":"timeProperties","type":"dictionary","properties":[{"name":"currentStart","type":"date","description":"須_The start time of the map's time extent as indicated by a time slider component at the time the expression evaluates. This value dynamically updates (and may trigger the re-execution of the Arcade expression) when a time slider is used to update time-aware popups based on date field. A `null` value indicates the start time is inclusive since the beginning of time________________________________________________________________________________________________________________________________________________________________________________________鷗."},{"name":"currentEnd","type":"date","description":"須_The end time of the map's time extent as indicated by a time slider component at the time the expression evaluates. This value dynamically updates (and may trigger the re-execution of the Arcade expression) when a time slider is used to update time-aware popups based on date field. A `null` value indicates the end time is indefinite with no end_______________________________________________________________________________________________________________________________________________________________________________鷗."},{"name":"startIncluded","type":"boolean","description":"須_Indicates if the `currentStart` date is included in the map's current time extent__________________________________________鷗."},{"name":"endIncluded","type":"boolean","description":"須_Indicates if the `currentEnd` date is included in the map's current time extent_________________________________________鷗."}],"description":""}]},{"name":"$userInput","description":"須_A geometry representing a user's input for a popup. Typically, this represents a location where the user clicked or tapped in a map to launch a popup. There may be cases where this value is a Point, an Extent, or `null` as popups are not always opened from map interaction. Therefore, it is advised to check the geometry type of this value before it is used____________________________________________________________________________________________________________________________________________________________________________________鷗.","type":"geometry"}]},{"name":"Labeling","id":"labeling","bundles":["core","geometry"],"variables":[{"name":"$feature","type":"feature","description":"マップに描画されるラベルを持つフィーチャ。"},{"name":"$view","type":"dictionary","description":"プロパティはビューから利用できます。","properties":[{"name":"scale","type":"number","description":"式の評価時にマップ縮尺を返します。"},{"name":"timeProperties","type":"dictionary","properties":[{"name":"currentStart","type":"date","description":"式の評価時に、タイム スライダー コンポーネントで示されるマップの時間範囲の開始時間。 この値は、日付フィールドに基づき、タイム スライダーを使用して時間対応のラベルを更新する際に、動的に更新されます (Arcade 式が再実行される場合もあります)。 `null` 値は、開始時間には、時間の最初から含まれることを意味します。"},{"name":"currentEnd","type":"date","description":"式の評価時に、タイム スライダー コンポーネントで示されるマップの時間範囲の終了時間。 この値は、日付フィールドに基づき、タイム スライダーを使用して時間対応のラベルを更新する際に、動的に更新されます (Arcade 式が再実行される場合もあります)。 `null` 値は、終了時間が不定で、終わりがないことを意味します。"},{"name":"startIncluded","type":"boolean","description":"`currentStart` の日付がマップの現在の時間範囲に含まれるかどうかを示します。"},{"name":"endIncluded","type":"boolean","description":"`currentEnd` の日付がマップの現在の時間範囲に含まれるかどうかを示します。"}],"description":""}]}]},{"name":"Layout","id":"layout","bundles":["core","geometry"],"variables":[{"name":"$feature","type":"feature","description":"レイアウトに表示される値を持つフィーチャ。"}]},{"name":"Location update constraint","id":"location-update-constraint","bundles":["core","geometry"],"variables":[{"name":"$locationupdate","type":"dictionary","description":"制約の評価対象となる位置の更新フィーチャ (例: GPS から)。","properties":[{"name":"course","type":"number","description":"単位は度で 0 を真北とする、時計回りの位置のコース。"},{"name":"horizontalaccuracy","type":"number","description":"位置の水平精度 (メートル単位)。"},{"name":"verticalaccuracy","type":"number","description":"位置の垂直精度 (メートル単位)。"},{"name":"velocity","type":"number","description":"位置の速度 (メートル/秒)。"}]}]},{"name":"Model Builder","id":"model-builder","bundles":["core","geometry","data-access","portal-access"],"variables":[{"name":"$variables","type":"dictionary","description":"変数名と値を含むディクショナリーです。","properties":[]}]},{"name":"Measure visualization","id":"measure-visualization","bundles":["core","geometry"],"variables":[{"name":"$measure","type":"number","description":"マーカー位置の内挿された M 値。"},{"name":"$feature","type":"feature","description":"マップに描画されるフィーチャ。"},{"name":"$view","type":"dictionary","properties":[{"name":"scale","type":"number","description":"式の評価時にマップ縮尺を返します。"}],"description":""}]},{"name":"Popup","id":"popup","bundles":["core","data-access","geometry","portal-access","knowledge-graph"],"variables":[{"name":"$feature","type":"feature","description":"ビューに表示されるポップアップを持つフィーチャの属性とジオメトリへのアクセスを提供します。"},{"name":"$layer","description":"ビューに表示されるポップアップを持つ $feature と同じレイヤー内のフィーチャのコレクション。","type":"featureSet"},{"name":"$map","description":"ビューに表示されるポップアップを持つ $feature と同じマップ内のレイヤーのコレクション。 ポップアップがマップに関連付けられていない場合、この値は `null` になることがあります。","type":"featureSetCollection"},{"name":"$datastore","description":"ビューに表示されるポップアップを持つ $feature と同じフィーチャ サービスまたはデータベース内のレイヤーのコレクション。","type":"featureSetCollection"},{"name":"$userInput","description":"ポップアップに対するユーザーの入力を表すジオメトリ。 通常、ポップアップを起動するために、ユーザーがマップでクリックまたはタップした場所を表します。 マップ操作からポップアップが開かれるとは限らないため、この値がポイント、範囲、または `null` になることがあります。 このため、この値を使用する前にジオメトリ タイプを確認することをお勧めします。","type":"geometry"},{"name":"$graph","description":"フィーチャに関連付けられたナレッジ グラフ。 ナレッジ グラフが使用できない場合、値は `null` になります。","type":"knowledgeGraph"},{"name":"$view","type":"dictionary","description":"プロパティはビューから利用できます。","properties":[{"name":"scale","type":"number","description":"式の評価時にマップ縮尺を返します。"},{"name":"timeProperties","type":"dictionary","properties":[{"name":"currentStart","type":"date","description":"式の評価時に、タイム スライダー コンポーネントで示されるマップの時間範囲の開始時間。 この値は、日付フィールドに基づき、タイム スライダーを使用して時間対応のポップアップを更新する際に、動的に更新されます (Arcade 式が再実行される場合もあります)。 `null` 値は、開始時間には、時間の最初から含まれることを意味します。"},{"name":"currentEnd","type":"date","description":"式の評価時に、タイム スライダー コンポーネントで示されるマップの時間範囲の終了時間。 この値は、日付フィールドに基づき、タイム スライダーを使用して時間対応のポップアップを更新する際に、動的に更新されます (Arcade 式が再実行される場合もあります)。 `null` 値は、終了時間が不定で、終わりがないことを意味します。"},{"name":"startIncluded","type":"boolean","description":"`currentStart` の日付がマップの現在の時間範囲に含まれるかどうかを示します。"},{"name":"endIncluded","type":"boolean","description":"`currentEnd` の日付がマップの現在の時間範囲に含まれるかどうかを示します。"}],"description":""}]}]},{"name":"Popup element","id":"popup-element","bundles":["core","data-access","geometry","portal-access","knowledge-graph"],"variables":[{"name":"$feature","type":"feature","description":"ビューに表示されるポップアップを持つフィーチャの属性とジオメトリーへのアクセスを提供します。"},{"name":"$layer","description":"ビューに表示されるポップアップを持つ $feature と同じレイヤー内のフィーチャのコレクション。","type":"featureSet"},{"name":"$map","description":"ビューに表示されるポップアップを持つ $feature と同じマップ内のレイヤーのコレクション。 ポップアップがマップに関連付けられていない場合、この値は `null` になることがあります。","type":"featureSetCollection"},{"name":"$datastore","description":"ビューに表示されるポップアップを持つ $feature と同じフィーチャ サービスまたはデータベース内のレイヤーのコレクション。","type":"featureSetCollection"},{"name":"$userInput","description":"ポップアップに対するユーザーの入力を表すジオメトリー。 通常、ポップアップを起動するために、ユーザーがマップでクリックまたはタップした場所を表します。 マップ操作からポップアップが開かれるとは限らないため、この値がポイント、範囲、または `null` になることがあります。 このため、この値を使用する前にジオメトリー タイプを確認することをおすすめします。","type":"geometry"},{"name":"$graph","description":"フィーチャに関連付けられたナレッジ グラフ。 ナレッジ グラフが使用できない場合、値は `null` になります。","type":"knowledgeGraph"},{"name":"$view","type":"dictionary","description":"プロパティはビューから利用できます。","properties":[{"name":"scale","type":"number","description":"式の評価時にマップ縮尺を返します。"},{"name":"timeProperties","type":"dictionary","properties":[{"name":"currentStart","type":"date","description":"式の評価時に、タイム スライダー コンポーネントで示されるマップの時間範囲の開始時間。 この値は、日付フィールドに基づき、タイム スライダーを使用して時間対応のポップアップを更新する際に、動的に更新されます (Arcade 式が再実行される場合もあります)。 `null` 値は、開始時間には、時間の最初から含まれることを意味します。"},{"name":"currentEnd","type":"date","description":"式の評価時に、タイム スライダー コンポーネントで示されるマップの時間範囲の終了時間。 この値は、日付フィールドに基づき、タイム スライダーを使用して時間対応のポップアップを更新する際に、動的に更新されます (Arcade 式が再実行される場合もあります)。 `null` 値は、終了時間が不定で、終わりがないことを意味します。"},{"name":"startIncluded","type":"boolean","description":"`currentStart` の日付がマップの現在の時間範囲に含まれるかどうかを示します。"},{"name":"endIncluded","type":"boolean","description":"`currentEnd` の日付がマップの現在の時間範囲に含まれるかどうかを示します。"}],"description":""}]}]},{"name":"Popup feature reduction","id":"popup-feature-reduction","bundles":["core","data-access","geometry","portal-access"],"variables":[{"name":"$feature","type":"feature","description":"クラスタリングまたはビニング ポップアップで定義された集約フィールドへのアクセスを提供します。"},{"name":"$aggregatedFeatures","description":"クラスターまたはビンで表されるすべてのフィーチャを含む FeatureSet。","type":"featureSet"},{"name":"$view","type":"dictionary","description":"プロパティはビューから利用できます。","properties":[{"name":"scale","type":"number","description":"式の評価時にマップ縮尺を返します。"},{"name":"timeProperties","type":"dictionary","properties":[{"name":"currentStart","type":"date","description":"式の評価時に、タイム スライダー コンポーネントで示されるマップの時間範囲の開始時間。 この値は、日付フィールドに基づき、タイム スライダーを使用して時間対応のポップアップを更新する際に、動的に更新されます (Arcade 式が再実行される場合もあります)。 `null` 値は、開始時間には、時間の最初から含まれることを意味します。"},{"name":"currentEnd","type":"date","description":"式の評価時に、タイム スライダー コンポーネントで示されるマップの時間範囲の終了時間。 この値は、日付フィールドに基づき、タイム スライダーを使用して時間対応のポップアップを更新する際に、動的に更新されます (Arcade 式が再実行される場合もあります)。 `null` 値は、終了時間が不定で、終わりがないことを意味します。"},{"name":"startIncluded","type":"boolean","description":"`currentStart` の日付がマップの現在の時間範囲に含まれるかどうかを示します。"},{"name":"endIncluded","type":"boolean","description":"`currentEnd` の日付がマップの現在の時間範囲に含まれるかどうかを示します。"}],"description":""}]}]},{"name":"Popup element feature reduction","id":"popup-element-feature-reduction","bundles":["core","data-access","geometry","portal-access"],"variables":[{"name":"$feature","type":"feature","description":"クラスタリングまたはビニング ポップアップで定義された集約フィールドへのアクセスを提供します。"},{"name":"$aggregatedFeatures","description":"クラスターまたはビンで表されるすべてのフィーチャを含む FeatureSet。","type":"featureSet"},{"name":"$view","type":"dictionary","description":"プロパティはビューから利用できます。","properties":[{"name":"scale","type":"number","description":"式の評価時にマップ縮尺を返します。"},{"name":"timeProperties","type":"dictionary","properties":[{"name":"currentStart","type":"date","description":"式の評価時に、タイム スライダー コンポーネントで示されるマップの時間範囲の開始時間。 この値は、日付フィールドに基づき、タイム スライダーを使用して時間対応のポップアップを更新する際に、動的に更新されます (Arcade 式が再実行される場合もあります)。 `null` 値は、開始時間には、時間の最初から含まれることを意味します。"},{"name":"currentEnd","type":"date","description":"式の評価時に、タイム スライダー コンポーネントで示されるマップの時間範囲の終了時間。 この値は、日付フィールドに基づき、タイム スライダーを使用して時間対応のポップアップを更新する際に、動的に更新されます (Arcade 式が再実行される場合もあります)。 `null` 値は、終了時間が不定で、終わりがないことを意味します。"},{"name":"startIncluded","type":"boolean","description":"`currentStart` の日付がマップの現在の時間範囲に含まれるかどうかを示します。"},{"name":"endIncluded","type":"boolean","description":"`currentEnd` の日付がマップの現在の時間範囲に含まれるかどうかを示します。"}],"description":""}]}]},{"name":"Quick Capture","id":"quick-capture","bundles":["core","data-access","geometry","portal-access"],"variables":[{"name":"$feature","type":"feature","description":"計算で使用するフィーチャの属性を公開します。"},{"name":"$layer","type":"featureSet","description":"$feature と同じレイヤー内のフィーチャのコレクション。"},{"name":"$datastore","type":"featureSetCollection","description":"$feature と同じフィーチャ サービスまたはデータベース内のレイヤーのコレクション。"},{"name":"$map","type":"featureSetCollection","description":"QuickCapture プロジェクトで使用されるマップ内のフィーチャ サービス レイヤーのコレクション。 この変数は `null` の場合があります。"}]},{"name":"Tasks","id":"tasks","bundles":["core","data-access","geometry","portal-access"],"variables":[{"name":"$feature","description":"タスクによって評価されるフィーチャ。","type":"feature"},{"name":"$datastore","description":"タスクによって評価される $feature と同じフィーチャ サービスまたはデータベース内のレイヤーのコレクション。","type":"featureSetCollection"}]},{"name":"Velocity","id":"velocity","bundles":["core","geometry","track"],"variables":[{"name":"$feature","type":"feature","description":"単一入力を持つ解析ツールで、計算、評価、または操作されるフィーチャ。"},{"name":"$target","type":"feature","description":"2 つの入力を持つ解析ツールで、フィルタリングまたは情報付加が評価されるフィーチャ。"},{"name":"$join","type":"feature","description":"2 つの入力を持つ解析ツールで、ターゲット フィーチャの評価または情報付加の値を指定するフィーチャ。"},{"name":"$analytic","type":"dictionary","description":"開始時間や終了時間などの解析に関連付けられている時間値。","properties":[]}]},{"name":"Visualization","id":"visualization","bundles":["core","geometry"],"variables":[{"name":"$feature","description":"マップに描画されるフィーチャ。","type":"feature"},{"name":"$view","type":"dictionary","description":"プロパティはビューから利用できます。","properties":[{"name":"scale","type":"number","description":"式の評価時にマップ縮尺を返します。"},{"name":"timeProperties","type":"dictionary","properties":[{"name":"currentStart","type":"date","description":"式の評価時に、タイム スライダー コンポーネントで示されるマップの時間範囲の開始時間。 この値は、日付フィールドに基づき、タイム スライダーを使用して時間対応のビジュアライゼーションを更新する際に、動的に更新されます (Arcade 式が再実行される場合もあります)。 `null` 値は、開始時間には、時間の最初から含まれることを意味します。"},{"name":"currentEnd","type":"date","description":"式の評価時に、タイム スライダー コンポーネントで示されるマップの時間範囲の終了時間。 この値は、日付フィールドに基づき、タイム スライダーを使用して時間対応のビジュアライゼーションを更新する際に、動的に更新されます (Arcade 式が再実行される場合もあります)。 `null` 値は、終了時間が不定で、終わりがないことを意味します。"},{"name":"startIncluded","type":"boolean","description":"`currentStart` の日付がマップの現在の時間範囲に含まれるかどうかを示します。"},{"name":"endIncluded","type":"boolean","description":"`currentEnd` の日付がマップの現在の時間範囲に含まれるかどうかを示します。"}],"description":""}]}]},{"name":"Voxel popup","id":"popup-voxel","bundles":["core"],"variables":[{"name":"$voxel","type":"voxel","description":"シーンに表示されるポップアップを持つボクセルの属性へのアクセスを提供します。"}]},{"name":"Voxel popup element","id":"popup-element-voxel","bundles":["core"],"variables":[{"name":"$voxel","type":"voxel","description":"シーンに表示されるポップアップを持つボクセルの属性へのアクセスを提供します。"}]}]