[{"name":"Minimalist","id":"minimalist","bundles":["core","data-access","geometry","portal-access"],"variables":[]},{"name":"Aggregate Field","id":"aggregate-field","bundles":["core","geometry"],"variables":[{"name":"$feature","description":"Pojedinačni geoobjekat uključen u grupisani geoobjekat. Ovo omogućava pristup svim atributima polja geoobjekta.","type":"feature"}]},{"name":"Alias","id":"alias","bundles":["core","geometry"],"variables":[{"name":"$value","type":"number","description":"Numerička vrednost za koju se želi tekstualni pseudonim."},{"name":"$feature","type":"feature","description":"Geoobjekat za koji je poželjan tekstualni pseudonim."}]},{"name":"Attribute rule calculation","id":"attribute-rule-calculation","bundles":["core","data-access","database","geometry","portal-access","ai"],"variables":[{"name":"$feature","type":"feature","description":"Geoobjekat se proračunava."},{"name":"$originalFeature","type":"feature","description":"Prethodni status geoobjekta se proračunava."},{"name":"$featureSet","type":"featureSet","description":"Kolekcija geoobjekata u istoj tabeli kao $feature koja procenjuje izraz."},{"name":"$datastore","type":"featureSetCollection","description":"Kolekcija slojeva u istoj usluzi funkcija ili bazi podataka kao i $feature koja izvršava skriptu."},{"name":"$editcontext","type":"dictionary","properties":[{"name":"editType","type":"text","description":"Označava da li je događaj uređivanja tipa UMETANJE, AŽURIRANJE, BRISANJE ili NP (nije primenljivo)."}],"description":""}]},{"name":"Attribute rule constraint","id":"attribute-rule-constraint","bundles":["core","data-access","geometry","portal-access"],"variables":[{"name":"$feature","type":"feature","description":"Geoobjekat se proračunava."},{"name":"$originalFeature","type":"feature","description":"Prethodni status geoobjekta se proračunava."},{"name":"$featureSet","type":"featureSet","description":"Kolekcija geoobjekata u istoj tabeli kao $feature koja procenjuje izraz."},{"name":"$datastore","type":"featureSetCollection","description":"Kolekcija slojeva u istoj usluzi funkcija ili bazi podataka kao i $feature koja izvršava skriptu."},{"name":"$editcontext","type":"dictionary","properties":[{"name":"editType","type":"text","description":"Označava da li je događaj uređivanja tipa UMETANJE, AŽURIRANJE, BRISANJE ili NP (nije primenljivo)."}],"description":""}]},{"name":"Attribute rule validation","id":"attribute-rule-validation","bundles":["core","data-access","geometry","portal-access"],"variables":[{"name":"$feature","type":"feature","description":"Geoobjekat se proračunava."},{"name":"$featureSet","type":"featureSet","description":"Kolekcija geoobjekata u istoj tabeli kao $feature koja procenjuje izraz."},{"name":"$datastore","type":"featureSetCollection","description":"Kolekcija slojeva u istoj usluzi funkcija ili bazi podataka kao i $feature koja izvršava skriptu."}]},{"name":"Dashboard indicator formatting","id":"dashboard-indicator-formatting","bundles":["core"],"variables":[{"name":"$datapoint","type":"feature","description":"Tačka podataka koja se procenjuje za vizuelni element."},{"name":"$reference","type":"dictionary","description":"Referentna vrednost koja se procenjuje za vizuelni element.","properties":[]}]},{"name":"Dashboard list formatting","id":"dashboard-list-formatting","bundles":["core"],"variables":[{"name":"$datapoint","type":"feature","description":"Tačka podataka koja se procenjuje za vizuelni element."}]},{"name":"Dashboard table formatting","id":"dashboard-table-formatting","bundles":["core"],"variables":[{"name":"$datapoint","type":"feature","description":"Tačka podataka koja se procenjuje za vizuelni element."},{"name":"$rowindex","type":"number","description":"Pozicija reda u tabeli (na nuli)."}]},{"name":"Dashboard data","id":"dashboard-data","bundles":["core","geometry","data-access","portal-access","knowledge-graph"],"variables":[]},{"name":"Data Pipelines","id":"data-pipelines","bundles":["core"],"variables":[{"name":"$record","type":"dictionary","description":"Omogućava pristup vrednostima atributa/polja zapisa koji se izračunava.","properties":[]}]},{"name":"Dictionary renderer","id":"dictionary-renderer","bundles":["core","geometry"],"variables":[{"name":"$feature","type":"feature","description":"Geoobjekat koji treba da se iscrta na mapi."},{"name":"$config","type":"dictionary","description":"Rečnik konfiguracionih vrednosti.","properties":[]}]},{"name":"Experience Builder data","id":"experience-builder-data","bundles":["core","data-access","geometry","portal-access"],"variables":[]},{"name":"Experience Builder list item widget formatting","id":"experience-builder-list-item-widget-formatting","bundles":["core"],"variables":[{"name":"$feature","type":"feature","description":"Predstavlja geoobjekat u stavci liste."}]},{"name":"Experience Builder widget formatting","id":"experience-builder-widget-formatting","bundles":["core","data-access"],"variables":[{"name":"$dataSources","type":"dictionary","description":"Izvori podataka koje vidžet koristi. Ovo je rečnik koji sadrži parove ključ-vrednost, gde je svaki ključ ID izvora podataka (npr. `dataSource_1-187acf797e1-layer-5-selection`).","properties":[]}]},{"name":"Feature Display Title","id":"feature-display-title","bundles":["core"],"variables":[{"name":"$feature","type":"feature","description":"Geoobjekat ili red za koji treba prikazati naslov u korisničkom interfejsu."}]},{"name":"Feature Z","id":"feature-z","bundles":["core","geometry"],"variables":[{"name":"$feature","type":"feature","description":"Geoobjekat zahteva vrednost Z."}]},{"name":"Field calculation","id":"field-calculation","bundles":["core","data-access","geometry","portal-access","knowledge-graph","ai"],"variables":[{"name":"$feature","type":"feature","description":"Geoobjekat se proračunava."},{"name":"$datastore","type":"featureSetCollection","description":"Kolekcija slojeva u istoj usluzi funkcija ili bazi podataka kao i $feature koja izvršava kalkulaciju."}]},{"name":"Field mapping","id":"field-mapping","bundles":["core","data-access","geometry","portal-access"],"variables":[{"name":"$sourceFeature","type":"feature","description":"Izvorni geoobjekat za mapu polja."},{"name":"$targetFeature","type":"feature","description":"Ciljni geoobjekat za mapu polja."},{"name":"$sourceLayer","type":"featureSet","description":"Kolekcija geoobjekata u istom sloju kao $sourcefeature."},{"name":"$targetLayer","type":"featureSet","description":"Kolekcija geoobjekata u istom sloju kao $targetfeature."},{"name":"$map","type":"featureSetCollection","description":"Kolekcija slojeva u mapi izvršnog arkadnog izraza."},{"name":"$sourceDatastore","type":"featureSetCollection","description":"Kolekcija slojeva u istom skladištu podataka kao i $sourcelayer."},{"name":"$targetDatastore","type":"featureSetCollection","description":"Kolekcija slojeva u istom skladištu podataka kao i $targetlayer."}]},{"name":"Form Attachment Filename Calculation","id":"form-attachment-filename-calculation","bundles":["core","data-access","geometry","portal-access"],"variables":[{"name":"$feature","type":"feature","description":"Č_The feature being calculated______________________________ž."},{"name":"$originalFeature","type":"feature","description":"Č_The previous state of the feature being calculated___________________________ž."},{"name":"$layer","type":"featureSet","description":"Č_A collection of features in the same layer as $feature_____________________________ž."},{"name":"$datastore","type":"featureSetCollection","description":"Č_A collection of layers in the same feature service or database as $feature_______________________________________ž."},{"name":"$featureset","type":"featureSet","description":"Č_A collection of features in the same table as $feature_____________________________ž."},{"name":"$map","type":"featureSetCollection","description":"Č_A collection of feature service layers in the same map as $feature___________________________________ž."},{"name":"$formElement","type":"dictionary","description":"Č_Information associated with the form element________________________ž.","properties":[{"name":"attachmentKeyword","type":"text","description":"Č_A text value identifying the content of the attachment. When a file is attached using the form, this property can be used in determining a new filename for the attachment_______________________________________________________________________________________ž."},{"name":"label","type":"text","description":"Č_A text value indicating what the element represents___________________________ž."},{"name":"description","type":"text","description":"Č_A text value that describes the element in detail__________________________ž."}]}]},{"name":"Form calculation","id":"form-calculation","bundles":["core","data-access","geometry","portal-access","ai"],"variables":[{"name":"$feature","type":"feature","description":"Izlaže atribute geoobjekta za korišćenje u proračunu"},{"name":"$originalFeature","type":"feature","description":"Prethodni status geoobjekta se proračunava."},{"name":"$layer","type":"featureSet","description":"Kolekcija geoobjekata u istom sloju kao $feature."},{"name":"$datastore","type":"featureSetCollection","description":"Kolekcija slojeva u istoj usluzi karakteristika ili bazi podataka kao $feature."},{"name":"$featureset","type":"featureSet","description":"Kolekcija geoobjekata u istoj tabeli kao $feature."},{"name":"$map","type":"featureSetCollection","description":"Kolekcija slojeva obeležja geoobjekta na istoj mapi kao $feature."},{"name":"$editcontext","type":"dictionary","properties":[{"name":"editType","type":"text","description":"Označava da li je događaj uređivanja tipa UMETANJE, AŽURIRANJE, BRISANJE ili NP (nije primenljivo)."}],"description":""}]},{"name":"Form Constraint","id":"form-constraint","bundles":["core","geometry","data-access","portal-access"],"variables":[{"name":"$feature","type":"feature","description":"Geoobjekat se procenjuje za ograničenja."},{"name":"$originalFeature","type":"feature","description":"Prethodni status geoobjekta."},{"name":"$layer","type":"featureSet","description":"Kolekcija geoobjekata u istom sloju kao $feature."},{"name":"$datastore","type":"featureSetCollection","description":"Kolekcija slojeva u istoj usluzi karakteristika ili bazi podataka kao $feature."},{"name":"$featureset","type":"featureSet","description":"Kolekcija geoobjekata u istoj tabeli kao $feature."},{"name":"$map","type":"featureSetCollection","description":"Kolekcija slojeva obeležja geoobjekta na istoj mapi kao $feature."},{"name":"$editcontext","type":"dictionary","properties":[{"name":"editType","type":"text","description":"Označava da li je događaj uređivanja tipa UMETANJE, AŽURIRANJE, BRISANJE ili NP (nije primenljivo)."}],"description":""}]},{"name":"Geoanalytics","id":"geoanalytics","bundles":["core","geometry","track"],"variables":[{"name":"$feature","type":"feature","description":"Geoobjekat se proračunava."}]},{"name":"Geotrigger notification","id":"geotrigger-notification","bundles":["core","geometry","data-access"],"variables":[{"name":"$feedFeature","type":"feature","description":"Ulazni geoobjekat (npr. lokacija uređaja ili geoobjekat) koji je doveo do aktiviranja geopokretača. Ovaj geoobjekat mora da sadrži geometriju (obično tačku) i fiksnu šemu sa sledećim svojstvima: `kurs` (kurs lokacije u stepenima u smeru kazaljke na satu, 0 je pravi sever) i `horizontalna tačnost` (horizontalna tačnost lokacije u metrima)."},{"name":"$fenceFeature","type":"feature","description":"Karakteristika ograde (npr. oblast od interesa) u koju se ušlo ili izašlo i izazvalo aktiviranje Geotrigger-a."},{"name":"$fenceLayer","type":"featureSet","description":"Kolekcija geoobjekata u istom sloju kao i $fenceFeature."},{"name":"$fenceNotificationType","type":"text","description":"Opis događaja koji se dogodio - ili \"ušao\" ili \"izašao\"."}]},{"name":"Imagery popup","id":"popup-imagery","bundles":["core","geometry"],"variables":[{"name":"$pixel","type":"pixel","description":"Č_The pixel value and other pixel-dependent information (e.g. classification category), including virtual raster fields, for the imagery layer currently displayed in the view________________________________________________________________________________________ž."},{"name":"$imageCollectionItem","type":"feature","description":"Č_The metadata of the selected image collection item containing the pixel represented by `$pixel`. This value will be `null` if there is no associated image collection____________________________________________________________________________________ž."},{"name":"$view","type":"dictionary","description":"Č_Properties available from the view___________________ž.","properties":[{"name":"scale","type":"number","description":"Č_Returns the scale of the map at the time the expression evaluates__________________________________ž."},{"name":"timeProperties","type":"dictionary","properties":[{"name":"currentStart","type":"date","description":"Č_The start time of the map's time extent as indicated by a time slider component at the time the expression evaluates. This value dynamically updates (and may trigger the re-execution of the Arcade expression) when a time slider is used to update time-aware popups based on date field. A `null` value indicates the start time is inclusive since the beginning of time________________________________________________________________________________________________________________________________________________________________________________________ž."},{"name":"currentEnd","type":"date","description":"Č_The end time of the map's time extent as indicated by a time slider component at the time the expression evaluates. This value dynamically updates (and may trigger the re-execution of the Arcade expression) when a time slider is used to update time-aware popups based on date field. A `null` value indicates the end time is indefinite with no end_______________________________________________________________________________________________________________________________________________________________________________ž."},{"name":"startIncluded","type":"boolean","description":"Č_Indicates if the `currentStart` date is included in the map's current time extent__________________________________________ž."},{"name":"endIncluded","type":"boolean","description":"Č_Indicates if the `currentEnd` date is included in the map's current time extent_________________________________________ž."}],"description":""}]},{"name":"$userInput","description":"Č_A geometry representing a user's input for a popup. Typically, this represents a location where the user clicked or tapped in a map to launch a popup. There may be cases where this value is a Point, an Extent, or `null` as popups are not always opened from map interaction. Therefore, it is advised to check the geometry type of this value before it is used____________________________________________________________________________________________________________________________________________________________________________________ž.","type":"geometry"}]},{"name":"Imagery popup element","id":"popup-element-imagery","bundles":["core","geometry"],"variables":[{"name":"$pixel","type":"pixel","description":"Č_The pixel value and other pixel-dependent information (e.g. classification category), including virtual raster fields, for the imagery layer currently displayed in the view________________________________________________________________________________________ž."},{"name":"$imageCollectionItem","type":"feature","description":"Č_The metadata of the selected image collection item containing the pixel represented by `$pixel`. This value will be `null` if there is no associated image collection____________________________________________________________________________________ž."},{"name":"$view","type":"dictionary","description":"Č_Properties available from the view___________________ž.","properties":[{"name":"scale","type":"number","description":"Č_Returns the scale of the map at the time the expression evaluates__________________________________ž."},{"name":"timeProperties","type":"dictionary","properties":[{"name":"currentStart","type":"date","description":"Č_The start time of the map's time extent as indicated by a time slider component at the time the expression evaluates. This value dynamically updates (and may trigger the re-execution of the Arcade expression) when a time slider is used to update time-aware popups based on date field. A `null` value indicates the start time is inclusive since the beginning of time________________________________________________________________________________________________________________________________________________________________________________________ž."},{"name":"currentEnd","type":"date","description":"Č_The end time of the map's time extent as indicated by a time slider component at the time the expression evaluates. This value dynamically updates (and may trigger the re-execution of the Arcade expression) when a time slider is used to update time-aware popups based on date field. A `null` value indicates the end time is indefinite with no end_______________________________________________________________________________________________________________________________________________________________________________ž."},{"name":"startIncluded","type":"boolean","description":"Č_Indicates if the `currentStart` date is included in the map's current time extent__________________________________________ž."},{"name":"endIncluded","type":"boolean","description":"Č_Indicates if the `currentEnd` date is included in the map's current time extent_________________________________________ž."}],"description":""}]},{"name":"$userInput","description":"Č_A geometry representing a user's input for a popup. Typically, this represents a location where the user clicked or tapped in a map to launch a popup. There may be cases where this value is a Point, an Extent, or `null` as popups are not always opened from map interaction. Therefore, it is advised to check the geometry type of this value before it is used____________________________________________________________________________________________________________________________________________________________________________________ž.","type":"geometry"}]},{"name":"Labeling","id":"labeling","bundles":["core","geometry"],"variables":[{"name":"$feature","type":"feature","description":"Geoobjekat čija oznaka treba da se nacrta na mapi."},{"name":"$view","type":"dictionary","description":"Svojstva dostupna iz prikaza.","properties":[{"name":"scale","type":"number","description":"Vraća razmeru karte u vreme kada izraz ocenjuje."},{"name":"timeProperties","type":"dictionary","properties":[{"name":"currentStart","type":"date","description":"Vreme početka vremenskog obuhvata mape, naznačeno komponentom vremenskog klizača u vreme u koje se izraz ocenjuje. Ova vrednost se dinamički ažurira (i može da pokrene ponovno izvršenje Arcade izraza) kada se vremenski klizač koristi za ažuriranje vremenski usklađenih oznaka zasnovanih na polju datuma. Vrednost `null` označava da je vreme početka inkluzivno od početka vremena."},{"name":"currentEnd","type":"date","description":"Vreme završetka vremenskog obuhvata mape, naznačeno komponentom vremenskog klizača u vreme u koje se izraz ocenjuje. Ova vrednost se dinamički ažurira (i može da pokrene ponovno izvršenje Arcade izraza) kada se vremenski klizač koristi za ažuriranje vremenski usklađenih oznaka zasnovanih na polju datuma. Vrednost `null` označava da je vreme završetka neograničeno bez završetka."},{"name":"startIncluded","type":"boolean","description":"Označava da li je `currentStart` datum uključen u trenutni vremenski obuhvat mape."},{"name":"endIncluded","type":"boolean","description":"Označava da li je `currentEnd` datum uključen u trenutni vremenski obuhvat mape."}],"description":""}]}]},{"name":"Layout","id":"layout","bundles":["core","geometry"],"variables":[{"name":"$feature","type":"feature","description":"Geoobjekat čije vrednosti mogu biti prikazane u rasporedu."}]},{"name":"Location update constraint","id":"location-update-constraint","bundles":["core","geometry"],"variables":[{"name":"$locationupdate","type":"dictionary","description":"Funkcija ažuriranja lokacije (npr. sa GPS-a) se procenjuje za ograničenje.","properties":[{"name":"course","type":"number","description":"Kurs lokacije u stepenima u smeru kazaljke na satu, 0 je pravi sever."},{"name":"horizontalaccuracy","type":"number","description":"Horizontalna tačnost lokacije u metrima."},{"name":"verticalaccuracy","type":"number","description":"Vertikalna tačnost lokacije u metrima."},{"name":"velocity","type":"number","description":"Brzina lokacije u metrima u sekundi."}]}]},{"name":"Model Builder","id":"model-builder","bundles":["core","geometry","data-access","portal-access"],"variables":[{"name":"$variables","type":"dictionary","description":"Rečnik koji sadrži nazive i vrednosti promenljivih.","properties":[]}]},{"name":"Measure visualization","id":"measure-visualization","bundles":["core","geometry"],"variables":[{"name":"$measure","type":"number","description":"Interpolirana M-vrednost za lokaciju markera."},{"name":"$feature","type":"feature","description":"Geoobjekat koji treba da se iscrta na mapi."},{"name":"$view","type":"dictionary","properties":[{"name":"scale","type":"number","description":"Vraća razmeru karte u vreme kada izraz ocenjuje."}],"description":""}]},{"name":"Popup","id":"popup","bundles":["core","data-access","geometry","portal-access","knowledge-graph"],"variables":[{"name":"$feature","type":"feature","description":"Omogućava pristup atributima i geometriji geoobjekta čiji iskačući prozor treba da se prikaže u prikazu."},{"name":"$layer","description":"Kolekcija geoobjekata u istom sloju kao i $feature čiji se iskačući prozor prikazuje u prikazu.","type":"featureSet"},{"name":"$map","description":"Kolekcija slojeva na istoj mapi kao i $feature čiji se iskačući prozor prikazuje u prikazu. Ova vrednost može biti `null` u slučajevima kada iskačući prozor nije povezan sa mapom.","type":"featureSetCollection"},{"name":"$datastore","description":"Kolekcija slojeva u istoj usluzi geoobjekta ili bazi podataka kao i $feature čiji se iskačući prozor prikazuje u prikazu.","type":"featureSetCollection"},{"name":"$userInput","description":"Geometrija koja predstavlja unos korisnika za iskačući prozor. Obično, ovo predstavlja lokaciju na kojoj je korisnik kliknuo ili dodirnuo mapu da bi pokrenuo iskačući prozor. Možda postoje slučajevi u kojima je ova vrednost tačka, opseg ili `null` jer se iskačući prozori ne otvaraju uvek iz interakcije sa mapom. Zbog toga se savetuje da proverite tip geometrije ove vrednosti pre nego što se ona upotrebi.","type":"geometry"},{"name":"$graph","description":"Grafikon znanja povezan sa funkcijom. Ako grafikon znanja nije dostupan, vrednost će biti `null`.","type":"knowledgeGraph"},{"name":"$view","type":"dictionary","description":"Svojstva dostupna iz prikaza.","properties":[{"name":"scale","type":"number","description":"Vraća razmeru karte u vreme kada izraz ocenjuje."},{"name":"timeProperties","type":"dictionary","properties":[{"name":"currentStart","type":"date","description":"Vreme početka vremenskog obuhvata mape, naznačeno komponentom vremenskog klizača u vreme u koje se izraz ocenjuje. Ova vrednost se dinamički ažurira (i može da pokrene ponovno izvršenje Arcade izraza) kada se vremenski klizač koristi za ažuriranje vremenski usklađenih iskačućih prozora zasnovanih na polju datuma. Vrednost `null` označava da je vreme početka inkluzivno od početka vremena."},{"name":"currentEnd","type":"date","description":"Vreme završetka vremenskog obuhvata mape, naznačeno komponentom vremenskog klizača u vreme u koje se izraz ocenjuje. Ova vrednost se dinamički ažurira (i može da pokrene ponovno izvršenje Arcade izraza) kada se vremenski klizač koristi za ažuriranje vremenski usklađenih iskačućih prozora zasnovanih na polju datuma. Vrednost `null` označava da je vreme završetka neograničeno bez završetka."},{"name":"startIncluded","type":"boolean","description":"Označava da li je `currentStart` datum uključen u trenutni vremenski obuhvat mape."},{"name":"endIncluded","type":"boolean","description":"Označava da li je `currentEnd` datum uključen u trenutni vremenski obuhvat mape."}],"description":""}]}]},{"name":"Popup element","id":"popup-element","bundles":["core","data-access","geometry","portal-access","knowledge-graph"],"variables":[{"name":"$feature","type":"feature","description":"Omogućava pristup atributima i geometriji geoobjekta čiji iskačući prozor treba da se prikaže u prikazu."},{"name":"$layer","description":"Kolekcija geoobjekata u istom sloju kao i $feature čiji se iskačući prozor prikazuje u prikazu.","type":"featureSet"},{"name":"$map","description":"Kolekcija slojeva na istoj mapi kao i $feature čiji se iskačući prozor prikazuje u prikazu. Ova vrednost može biti `null` u slučajevima kada iskačući prozor nije povezan sa mapom.","type":"featureSetCollection"},{"name":"$datastore","description":"Kolekcija slojeva u istoj usluzi geoobjekta ili bazi podataka kao i $feature čiji se iskačući prozor prikazuje u prikazu.","type":"featureSetCollection"},{"name":"$userInput","description":"Geometrija koja predstavlja unos korisnika za iskačući prozor. Obično, ovo predstavlja lokaciju na kojoj je korisnik kliknuo ili dodirnuo mapu da bi pokrenuo iskačući prozor. Možda postoje slučajevi u kojima je ova vrednost tačka, opseg ili `null` jer se iskačući prozori ne otvaraju uvek iz interakcije sa mapom. Zbog toga se savetuje da proverite tip geometrije ove vrednosti pre nego što se ona upotrebi.","type":"geometry"},{"name":"$graph","description":"Grafikon znanja povezan sa funkcijom. Ako grafikon znanja nije dostupan, vrednost će biti `null`.","type":"knowledgeGraph"},{"name":"$view","type":"dictionary","description":"Svojstva dostupna iz prikaza.","properties":[{"name":"scale","type":"number","description":"Vraća razmeru karte u vreme kada izraz ocenjuje."},{"name":"timeProperties","type":"dictionary","properties":[{"name":"currentStart","type":"date","description":"Vreme početka vremenskog obuhvata mape, naznačeno komponentom vremenskog klizača u vreme u koje se izraz ocenjuje. Ova vrednost se dinamički ažurira (i može da pokrene ponovno izvršenje Arcade izraza) kada se vremenski klizač koristi za ažuriranje vremenski usklađenih iskačućih prozora zasnovanih na polju datuma. Vrednost `null` označava da je vreme početka inkluzivno od početka vremena."},{"name":"currentEnd","type":"date","description":"Vreme završetka vremenskog obuhvata mape, naznačeno komponentom vremenskog klizača u vreme u koje se izraz ocenjuje. Ova vrednost se dinamički ažurira (i može da pokrene ponovno izvršenje Arcade izraza) kada se vremenski klizač koristi za ažuriranje vremenski usklađenih iskačućih prozora zasnovanih na polju datuma. Vrednost `null` označava da je vreme završetka neograničeno bez završetka."},{"name":"startIncluded","type":"boolean","description":"Označava da li je `currentStart` datum uključen u trenutni vremenski obuhvat mape."},{"name":"endIncluded","type":"boolean","description":"Označava da li je `currentEnd` datum uključen u trenutni vremenski obuhvat mape."}],"description":""}]}]},{"name":"Popup feature reduction","id":"popup-feature-reduction","bundles":["core","data-access","geometry","portal-access"],"variables":[{"name":"$feature","type":"feature","description":"Pruža pristup zbirnim poljima definisanim u iskačućim prozorima za grupisanje ili stavljanje u korpu."},{"name":"$aggregatedFeatures","description":"FeatureSet koji sadrži sve karakteristike predstavljene klasterom ili korpom.","type":"featureSet"},{"name":"$view","type":"dictionary","description":"Svojstva dostupna iz prikaza.","properties":[{"name":"scale","type":"number","description":"Vraća razmeru karte u vreme kada izraz ocenjuje."},{"name":"timeProperties","type":"dictionary","properties":[{"name":"currentStart","type":"date","description":"Vreme početka vremenskog obuhvata mape, naznačeno komponentom vremenskog klizača u vreme u koje se izraz ocenjuje. Ova vrednost se dinamički ažurira (i može da pokrene ponovno izvršenje Arcade izraza) kada se vremenski klizač koristi za ažuriranje vremenski usklađenih iskačućih prozora zasnovanih na polju datuma. Vrednost `null` označava da je vreme početka inkluzivno od početka vremena."},{"name":"currentEnd","type":"date","description":"Vreme završetka vremenskog obuhvata mape, naznačeno komponentom vremenskog klizača u vreme u koje se izraz ocenjuje. Ova vrednost se dinamički ažurira (i može da pokrene ponovno izvršenje Arcade izraza) kada se vremenski klizač koristi za ažuriranje vremenski usklađenih iskačućih prozora zasnovanih na polju datuma. Vrednost `null` označava da je vreme završetka neograničeno bez završetka."},{"name":"startIncluded","type":"boolean","description":"Označava da li je `currentStart` datum uključen u trenutni vremenski obuhvat mape."},{"name":"endIncluded","type":"boolean","description":"Označava da li je `currentEnd` datum uključen u trenutni vremenski obuhvat mape."}],"description":""}]}]},{"name":"Popup element feature reduction","id":"popup-element-feature-reduction","bundles":["core","data-access","geometry","portal-access"],"variables":[{"name":"$feature","type":"feature","description":"Pruža pristup zbirnim poljima definisanim u iskačućim prozorima za grupisanje ili stavljanje u korpu."},{"name":"$aggregatedFeatures","description":"FeatureSet koji sadrži sve karakteristike predstavljene klasterom ili korpom.","type":"featureSet"},{"name":"$view","type":"dictionary","description":"Svojstva dostupna iz prikaza.","properties":[{"name":"scale","type":"number","description":"Vraća razmeru karte u vreme kada izraz ocenjuje."},{"name":"timeProperties","type":"dictionary","properties":[{"name":"currentStart","type":"date","description":"Vreme početka vremenskog obuhvata mape, naznačeno komponentom vremenskog klizača u vreme u koje se izraz ocenjuje. Ova vrednost se dinamički ažurira (i može da pokrene ponovno izvršenje Arcade izraza) kada se vremenski klizač koristi za ažuriranje vremenski usklađenih iskačućih prozora zasnovanih na polju datuma. Vrednost `null` označava da je vreme početka inkluzivno od početka vremena."},{"name":"currentEnd","type":"date","description":"Vreme završetka vremenskog obuhvata mape, naznačeno komponentom vremenskog klizača u vreme u koje se izraz ocenjuje. Ova vrednost se dinamički ažurira (i može da pokrene ponovno izvršenje Arcade izraza) kada se vremenski klizač koristi za ažuriranje vremenski usklađenih iskačućih prozora zasnovanih na polju datuma. Vrednost `null` označava da je vreme završetka neograničeno bez završetka."},{"name":"startIncluded","type":"boolean","description":"Označava da li je `currentStart` datum uključen u trenutni vremenski obuhvat mape."},{"name":"endIncluded","type":"boolean","description":"Označava da li je `currentEnd` datum uključen u trenutni vremenski obuhvat mape."}],"description":""}]}]},{"name":"Quick Capture","id":"quick-capture","bundles":["core","data-access","geometry","portal-access"],"variables":[{"name":"$feature","type":"feature","description":"Izlaže atribute geoobjekta za korišćenje u proračunu."},{"name":"$layer","type":"featureSet","description":"Kolekcija geoobjekata u istom sloju kao $feature."},{"name":"$datastore","type":"featureSetCollection","description":"Kolekcija slojeva u istoj usluzi karakteristika ili bazi podataka kao $feature."},{"name":"$map","type":"featureSetCollection","description":"Kolekcija slojeva usluge obeležja na mapi koju koristi QuickCapture projekat. Ova promenljiva može biti `null`."}]},{"name":"Tasks","id":"tasks","bundles":["core","data-access","geometry","portal-access"],"variables":[{"name":"$feature","description":"Geoobjekat se procenjuje preko zadatka.","type":"feature"},{"name":"$datastore","description":"Kolekcija slojeva u istoj usluzi geoobjekta ili bazi podataka kao i $feature koja se procenjuje zadatkom.","type":"featureSetCollection"}]},{"name":"Velocity","id":"velocity","bundles":["core","geometry","track"],"variables":[{"name":"$feature","type":"feature","description":"U analitičkim alatima sa pojedinačnim ulazima, geoobjekat koji se izračunava, procenjuje ili radi na njemu."},{"name":"$target","type":"feature","description":"U analitičkim alatima sa dva ulaza, karakteristika se procenjuje za filtriranje ili obogaćivanje."},{"name":"$join","type":"feature","description":"U analitičkim alatima sa dva ulaza, karakteristika daje vrednosti za procenu ili obogaćivanje ciljnog geoobjekta."},{"name":"$analytic","type":"dictionary","description":"Vremenske vrednosti povezane sa analitikom, kao što su vreme početka, poslednje vreme završetka itd.","properties":[]}]},{"name":"Visualization","id":"visualization","bundles":["core","geometry"],"variables":[{"name":"$feature","description":"Geoobjekat koji treba da se iscrta na mapi.","type":"feature"},{"name":"$view","type":"dictionary","description":"Svojstva dostupna iz prikaza.","properties":[{"name":"scale","type":"number","description":"Vraća razmeru karte u vreme kada izraz ocenjuje."},{"name":"timeProperties","type":"dictionary","properties":[{"name":"currentStart","type":"date","description":"Vreme početka vremenskog obuhvata mape, naznačeno komponentom vremenskog klizača u vreme u koje se izraz ocenjuje. Ova vrednost se dinamički ažurira (i može da pokrene ponovno izvršenje Arcade izraza) kada se vremenski klizač koristi za ažuriranje vremenski usklađenih vizuelizacija zasnovanih na polju datuma. Vrednost `null` označava da je vreme početka inkluzivno od početka vremena."},{"name":"currentEnd","type":"date","description":"Vreme završetka vremenskog obuhvata mape, naznačeno komponentom vremenskog klizača u vreme u koje se izraz ocenjuje. Ova vrednost se dinamički ažurira (i može da pokrene ponovno izvršenje Arcade izraza) kada se vremenski klizač koristi za ažuriranje vremenski usklađenih vizuelizacija zasnovanih na polju datuma. Vrednost `null` označava da je vreme završetka neograničeno bez završetka."},{"name":"startIncluded","type":"boolean","description":"Označava da li je `currentStart` datum uključen u trenutni vremenski obuhvat mape."},{"name":"endIncluded","type":"boolean","description":"Označava da li je `currentEnd` datum uključen u trenutni vremenski obuhvat mape."}],"description":""}]}]},{"name":"Voxel popup","id":"popup-voxel","bundles":["core"],"variables":[{"name":"$voxel","type":"voxel","description":"Omogućava pristup atributima voksela čiji iskačući prozor treba da se prikaže u sceni."}]},{"name":"Voxel popup element","id":"popup-element-voxel","bundles":["core"],"variables":[{"name":"$voxel","type":"voxel","description":"Omogućava pristup atributima voksela čiji iskačući prozor treba da se prikaže u sceni."}]}]