[{"name":"Minimalist","id":"minimalist","bundles":["core","data-access","geometry","portal-access"],"variables":[]},{"name":"Aggregate Field","id":"aggregate-field","bundles":["core","geometry"],"variables":[{"name":"$feature","description":"Een individueel object dat in een samengevoegd object is opgenomen. Dit biedt toegang tot alle veldattributen van het object.","type":"feature"}]},{"name":"Alias","id":"alias","bundles":["core","geometry"],"variables":[{"name":"$value","type":"number","description":"De numerieke waarde waarvoor een tekstalias nodig is."},{"name":"$feature","type":"feature","description":"Het object waarvoor een tekstalias nodig is."}]},{"name":"Attribute rule calculation","id":"attribute-rule-calculation","bundles":["core","data-access","database","geometry","portal-access","ai"],"variables":[{"name":"$feature","type":"feature","description":"Het object dat wordt berekend."},{"name":"$originalFeature","type":"feature","description":"De vorige staat van het object dat wordt berekend."},{"name":"$featureSet","type":"featureSet","description":"Een verzameling objecten die zich in dezelfde tabel bevindt als de $feature die de expressie evalueert."},{"name":"$datastore","type":"featureSetCollection","description":"Een verzameling lagen in dezelfde feature service of database als de $feature die het script uitvoert."},{"name":"$editcontext","type":"dictionary","properties":[{"name":"editType","type":"text","description":"Geeft aan of de bewerkingsgebeurtenis INSERT, UPDATE, DELETE of NA (niet van toepassing) is."}],"description":""}]},{"name":"Attribute rule constraint","id":"attribute-rule-constraint","bundles":["core","data-access","geometry","portal-access"],"variables":[{"name":"$feature","type":"feature","description":"Het object dat wordt berekend."},{"name":"$originalFeature","type":"feature","description":"De vorige staat van het object dat wordt berekend."},{"name":"$featureSet","type":"featureSet","description":"Een verzameling objecten die zich in dezelfde tabel bevindt als de $feature die de expressie evalueert."},{"name":"$datastore","type":"featureSetCollection","description":"Een verzameling lagen in dezelfde feature service of database als de $feature die het script uitvoert."},{"name":"$editcontext","type":"dictionary","properties":[{"name":"editType","type":"text","description":"Geeft aan of de bewerkingsgebeurtenis INSERT, UPDATE, DELETE of NA (niet van toepassing) is."}],"description":""}]},{"name":"Attribute rule validation","id":"attribute-rule-validation","bundles":["core","data-access","geometry","portal-access"],"variables":[{"name":"$feature","type":"feature","description":"Het object dat wordt berekend."},{"name":"$featureSet","type":"featureSet","description":"Een verzameling objecten die zich in dezelfde tabel bevindt als de $feature die de expressie evalueert."},{"name":"$datastore","type":"featureSetCollection","description":"Een verzameling lagen in dezelfde feature service of database als de $feature die het script uitvoert."}]},{"name":"Dashboard indicator formatting","id":"dashboard-indicator-formatting","bundles":["core"],"variables":[{"name":"$datapoint","type":"feature","description":"Het gegevenspunt dat voor het visuele element wordt geëvalueerd."},{"name":"$reference","type":"dictionary","description":"De referentiewaarde die voor het visuele element wordt geëvalueerd.","properties":[]}]},{"name":"Dashboard list formatting","id":"dashboard-list-formatting","bundles":["core"],"variables":[{"name":"$datapoint","type":"feature","description":"Het gegevenspunt dat voor het visuele element wordt geëvalueerd."}]},{"name":"Dashboard table formatting","id":"dashboard-table-formatting","bundles":["core"],"variables":[{"name":"$datapoint","type":"feature","description":"Het gegevenspunt dat voor het visuele element wordt geëvalueerd."},{"name":"$rowindex","type":"number","description":"De positie van een rij in de tabel (op nul gebaseerd)."}]},{"name":"Dashboard data","id":"dashboard-data","bundles":["core","geometry","data-access","portal-access","knowledge-graph"],"variables":[]},{"name":"Data Pipelines","id":"data-pipelines","bundles":["core"],"variables":[{"name":"$record","type":"dictionary","description":"Geeft toegang tot de attribuut-/veldwaarden van de record die wordt berekend.","properties":[]}]},{"name":"Dictionary renderer","id":"dictionary-renderer","bundles":["core","geometry"],"variables":[{"name":"$feature","type":"feature","description":"Het object dat op de kaart moet worden getekend."},{"name":"$config","type":"dictionary","description":"Een woordenlijst van configuratiewaarden.","properties":[]}]},{"name":"Experience Builder data","id":"experience-builder-data","bundles":["core","data-access","geometry","portal-access"],"variables":[]},{"name":"Experience Builder list item widget formatting","id":"experience-builder-list-item-widget-formatting","bundles":["core"],"variables":[{"name":"$feature","type":"feature","description":"Vertegenwoordigt het object in het lijstitem."}]},{"name":"Experience Builder widget formatting","id":"experience-builder-widget-formatting","bundles":["core","data-access"],"variables":[{"name":"$dataSources","type":"dictionary","description":"De gegevensbronnen die door de widget worden gebruikt. Dit is een woordenboek dat sleutel/waarde-paren bevat, waarbij elke sleutel een gegevensbron-id is (bijvoorbeeld 'dataSource_1-187acf797e1-layer-5-selection').","properties":[]}]},{"name":"Feature Display Title","id":"feature-display-title","bundles":["core"],"variables":[{"name":"$feature","type":"feature","description":"Het object of de rij waarvoor een titel moet worden weergegeven in de UI."}]},{"name":"Feature Z","id":"feature-z","bundles":["core","geometry"],"variables":[{"name":"$feature","type":"feature","description":"Het object vereist een Z-waarde."}]},{"name":"Field calculation","id":"field-calculation","bundles":["core","data-access","geometry","portal-access","knowledge-graph","ai"],"variables":[{"name":"$feature","type":"feature","description":"Het object dat wordt berekend."},{"name":"$datastore","type":"featureSetCollection","description":"Een verzameling lagen in dezelfde feature service of database als de $feature die de berekening uitvoert."}]},{"name":"Field mapping","id":"field-mapping","bundles":["core","data-access","geometry","portal-access"],"variables":[{"name":"$sourceFeature","type":"feature","description":"Het bronobject voor de veldtoewijzing."},{"name":"$targetFeature","type":"feature","description":"Het doelobject voor de veldtoewijzing."},{"name":"$sourceLayer","type":"featureSet","description":"Een verzameling objecten in dezelfde laag als $sourcefeature."},{"name":"$targetLayer","type":"featureSet","description":"Een verzameling objecten in dezelfde laag als $targetfeature."},{"name":"$map","type":"featureSetCollection","description":"Een verzameling lagen in de kaart van de uitvoerende Arcade-expressie."},{"name":"$sourceDatastore","type":"featureSetCollection","description":"Een verzameling lagen in hetzelfde gegevensarchief als de $sourcelayer."},{"name":"$targetDatastore","type":"featureSetCollection","description":"Een verzameling lagen in hetzelfde gegevensarchief als de $targetlayer."}]},{"name":"Form Attachment Filename Calculation","id":"form-attachment-filename-calculation","bundles":["core","data-access","geometry","portal-access"],"variables":[{"name":"$feature","type":"feature","description":"Ĳ_The feature being calculated______________________________ä."},{"name":"$originalFeature","type":"feature","description":"Ĳ_The previous state of the feature being calculated___________________________ä."},{"name":"$layer","type":"featureSet","description":"Ĳ_A collection of features in the same layer as $feature_____________________________ä."},{"name":"$datastore","type":"featureSetCollection","description":"Ĳ_A collection of layers in the same feature service or database as $feature_______________________________________ä."},{"name":"$featureset","type":"featureSet","description":"Ĳ_A collection of features in the same table as $feature_____________________________ä."},{"name":"$map","type":"featureSetCollection","description":"Ĳ_A collection of feature service layers in the same map as $feature___________________________________ä."},{"name":"$formElement","type":"dictionary","description":"Ĳ_Information associated with the form element________________________ä.","properties":[{"name":"attachmentKeyword","type":"text","description":"Ĳ_A text value identifying the content of the attachment. When a file is attached using the form, this property can be used in determining a new filename for the attachment_______________________________________________________________________________________ä."},{"name":"label","type":"text","description":"Ĳ_A text value indicating what the element represents___________________________ä."},{"name":"description","type":"text","description":"Ĳ_A text value that describes the element in detail__________________________ä."}]}]},{"name":"Form calculation","id":"form-calculation","bundles":["core","data-access","geometry","portal-access","ai"],"variables":[{"name":"$feature","type":"feature","description":"Beschrijft de attributen van het object voor gebruik in de berekening."},{"name":"$originalFeature","type":"feature","description":"De vorige staat van het object dat wordt berekend."},{"name":"$layer","type":"featureSet","description":"Een verzameling objecten in dezelfde laag als $feature."},{"name":"$datastore","type":"featureSetCollection","description":"Een verzameling lagen in dezelfde feature service of database als $feature."},{"name":"$featureset","type":"featureSet","description":"Een verzameling objecten in dezelfde tabel als $feature."},{"name":"$map","type":"featureSetCollection","description":"Een verzameling feature service-lagen in dezelfde kaart als $feature."},{"name":"$editcontext","type":"dictionary","properties":[{"name":"editType","type":"text","description":"Geeft aan of de bewerkingsgebeurtenis INSERT, UPDATE, DELETE of NA (niet van toepassing) is."}],"description":""}]},{"name":"Form Constraint","id":"form-constraint","bundles":["core","geometry","data-access","portal-access"],"variables":[{"name":"$feature","type":"feature","description":"Het object dat voor de beperking wordt geëvalueerd."},{"name":"$originalFeature","type":"feature","description":"De vorige staat van het object."},{"name":"$layer","type":"featureSet","description":"Een verzameling objecten in dezelfde laag als $feature."},{"name":"$datastore","type":"featureSetCollection","description":"Een verzameling lagen in dezelfde feature service of database als $feature."},{"name":"$featureset","type":"featureSet","description":"Een verzameling objecten in dezelfde tabel als $feature."},{"name":"$map","type":"featureSetCollection","description":"Een verzameling feature service-lagen in dezelfde kaart als $feature."},{"name":"$editcontext","type":"dictionary","properties":[{"name":"editType","type":"text","description":"Geeft aan of de bewerkingsgebeurtenis INSERT, UPDATE, DELETE of NA (niet van toepassing) is."}],"description":""}]},{"name":"Geoanalytics","id":"geoanalytics","bundles":["core","geometry","track"],"variables":[{"name":"$feature","type":"feature","description":"Het object dat wordt berekend."}]},{"name":"Geotrigger notification","id":"geotrigger-notification","bundles":["core","geometry","data-access"],"variables":[{"name":"$feedFeature","type":"feature","description":"Het invoerobject (m.a.w. een apparaatlocatie of een object) dat de oorzaak is voor het activeren van de Geotrigger. Deze functie moet een geometrie bevatten (meestal een punt) en een vast schema met de volgende eigenschappen: course (de richting van de locatie in graden met de klok mee, waarbij 0 het ware noorden is) en horizontalaccuracy (de horizontale nauwkeurigheid van de locatie in meters)."},{"name":"$fenceFeature","type":"feature","description":"Het fence-object (m.a.w. een interessegebied) dat is betreden of verlaten, waardoor de Geotrigger werd geactiveerd."},{"name":"$fenceLayer","type":"featureSet","description":"Een verzameling objecten in dezelfde laag als $fenceFeature."},{"name":"$fenceNotificationType","type":"text","description":"Een beschrijving van de gebeurtenis die zich voordeed - \"betreden\" of \"verlaten\"."}]},{"name":"Imagery popup","id":"popup-imagery","bundles":["core","geometry"],"variables":[{"name":"$pixel","type":"pixel","description":"Ĳ_The pixel value and other pixel-dependent information (e.g. classification category), including virtual raster fields, for the imagery layer currently displayed in the view________________________________________________________________________________________ä."},{"name":"$imageCollectionItem","type":"feature","description":"Ĳ_The metadata of the selected image collection item containing the pixel represented by `$pixel`. This value will be `null` if there is no associated image collection____________________________________________________________________________________ä."},{"name":"$view","type":"dictionary","description":"Ĳ_Properties available from the view___________________ä.","properties":[{"name":"scale","type":"number","description":"Ĳ_Returns the scale of the map at the time the expression evaluates__________________________________ä."},{"name":"timeProperties","type":"dictionary","properties":[{"name":"currentStart","type":"date","description":"Ĳ_The start time of the map's time extent as indicated by a time slider component at the time the expression evaluates. This value dynamically updates (and may trigger the re-execution of the Arcade expression) when a time slider is used to update time-aware popups based on date field. A `null` value indicates the start time is inclusive since the beginning of time________________________________________________________________________________________________________________________________________________________________________________________ä."},{"name":"currentEnd","type":"date","description":"Ĳ_The end time of the map's time extent as indicated by a time slider component at the time the expression evaluates. This value dynamically updates (and may trigger the re-execution of the Arcade expression) when a time slider is used to update time-aware popups based on date field. A `null` value indicates the end time is indefinite with no end_______________________________________________________________________________________________________________________________________________________________________________ä."},{"name":"startIncluded","type":"boolean","description":"Ĳ_Indicates if the `currentStart` date is included in the map's current time extent__________________________________________ä."},{"name":"endIncluded","type":"boolean","description":"Ĳ_Indicates if the `currentEnd` date is included in the map's current time extent_________________________________________ä."}],"description":""}]},{"name":"$userInput","description":"Ĳ_A geometry representing a user's input for a popup. Typically, this represents a location where the user clicked or tapped in a map to launch a popup. There may be cases where this value is a Point, an Extent, or `null` as popups are not always opened from map interaction. Therefore, it is advised to check the geometry type of this value before it is used____________________________________________________________________________________________________________________________________________________________________________________ä.","type":"geometry"}]},{"name":"Imagery popup element","id":"popup-element-imagery","bundles":["core","geometry"],"variables":[{"name":"$pixel","type":"pixel","description":"Ĳ_The pixel value and other pixel-dependent information (e.g. classification category), including virtual raster fields, for the imagery layer currently displayed in the view________________________________________________________________________________________ä."},{"name":"$imageCollectionItem","type":"feature","description":"Ĳ_The metadata of the selected image collection item containing the pixel represented by `$pixel`. This value will be `null` if there is no associated image collection____________________________________________________________________________________ä."},{"name":"$view","type":"dictionary","description":"Ĳ_Properties available from the view___________________ä.","properties":[{"name":"scale","type":"number","description":"Ĳ_Returns the scale of the map at the time the expression evaluates__________________________________ä."},{"name":"timeProperties","type":"dictionary","properties":[{"name":"currentStart","type":"date","description":"Ĳ_The start time of the map's time extent as indicated by a time slider component at the time the expression evaluates. This value dynamically updates (and may trigger the re-execution of the Arcade expression) when a time slider is used to update time-aware popups based on date field. A `null` value indicates the start time is inclusive since the beginning of time________________________________________________________________________________________________________________________________________________________________________________________ä."},{"name":"currentEnd","type":"date","description":"Ĳ_The end time of the map's time extent as indicated by a time slider component at the time the expression evaluates. This value dynamically updates (and may trigger the re-execution of the Arcade expression) when a time slider is used to update time-aware popups based on date field. A `null` value indicates the end time is indefinite with no end_______________________________________________________________________________________________________________________________________________________________________________ä."},{"name":"startIncluded","type":"boolean","description":"Ĳ_Indicates if the `currentStart` date is included in the map's current time extent__________________________________________ä."},{"name":"endIncluded","type":"boolean","description":"Ĳ_Indicates if the `currentEnd` date is included in the map's current time extent_________________________________________ä."}],"description":""}]},{"name":"$userInput","description":"Ĳ_A geometry representing a user's input for a popup. Typically, this represents a location where the user clicked or tapped in a map to launch a popup. There may be cases where this value is a Point, an Extent, or `null` as popups are not always opened from map interaction. Therefore, it is advised to check the geometry type of this value before it is used____________________________________________________________________________________________________________________________________________________________________________________ä.","type":"geometry"}]},{"name":"Labeling","id":"labeling","bundles":["core","geometry"],"variables":[{"name":"$feature","type":"feature","description":"Het object waarvoor het label op de kaart moet worden getekend."},{"name":"$view","type":"dictionary","description":"Eigenschappen die in de weergave beschikbaar zijn.","properties":[{"name":"scale","type":"number","description":"Retourneert de schaal van de kaart op de tijd die door de expressie wordt geëvalueerd."},{"name":"timeProperties","type":"dictionary","properties":[{"name":"currentStart","type":"date","description":"De starttijd van de tijdextent van de kaart, zoals aangegeven door een tijdregelaarcomponent op het moment dat de expressie wordt geëvalueerd. Deze waarde wordt dynamisch bijgewerkt (en kan het opnieuw uitvoeren van de Arcade-expressie activeren) wanneer een tijdregelaar wordt gebruikt om tijdbewuste labels bij te werken op basis van een datumveld. Een waarde 'null' geeft aan dat de starttijd inclusief is vanaf het begin der tijden."},{"name":"currentEnd","type":"date","description":"De eindtijd van de tijdextent van de kaart, zoals aangegeven door een tijdregelaarcomponent op het moment dat de expressie wordt geëvalueerd. Deze waarde wordt dynamisch bijgewerkt (en kan het opnieuw uitvoeren van de Arcade-expressie activeren) wanneer een tijdregelaar wordt gebruikt om tijdbewuste labels bij te werken op basis van een datumveld. Een waarde 'null' geeft aan dat de eindtijd onbepaald is, zonder een einde in zicht."},{"name":"startIncluded","type":"boolean","description":"Geeft aan of de datum 'currentStart' is opgenomen in de huidige tijdextent van de kaart."},{"name":"endIncluded","type":"boolean","description":"Geeft aan of de datum 'currentEnd' is opgenomen in de huidige tijdextent van de kaart."}],"description":""}]}]},{"name":"Layout","id":"layout","bundles":["core","geometry"],"variables":[{"name":"$feature","type":"feature","description":"Het object waarvoor waarden kunnen worden weergegeven in de lay-out."}]},{"name":"Location update constraint","id":"location-update-constraint","bundles":["core","geometry"],"variables":[{"name":"$locationupdate","type":"dictionary","description":"De locatieupdate-functie (bijv. via GPS) die voor de beperking wordt geëvalueerd.","properties":[{"name":"course","type":"number","description":"De koers van de locatie in graden rechtsom, waarbij 0 het ware noorden is."},{"name":"horizontalaccuracy","type":"number","description":"De horizontale nauwkeurigheid van de locatie in meters."},{"name":"verticalaccuracy","type":"number","description":"De verticale nauwkeurigheid van de locatie in meters."},{"name":"velocity","type":"number","description":"De snelheid van de locatie in meters per seconde."}]}]},{"name":"Model Builder","id":"model-builder","bundles":["core","geometry","data-access","portal-access"],"variables":[{"name":"$variables","type":"dictionary","description":"Een woordenboek dat namen van variabelen en waarden bevat.","properties":[]}]},{"name":"Measure visualization","id":"measure-visualization","bundles":["core","geometry"],"variables":[{"name":"$measure","type":"number","description":"De geïnterpoleerde M-waarde voor de markeringslocatie."},{"name":"$feature","type":"feature","description":"Het object dat op de kaart moet worden getekend."},{"name":"$view","type":"dictionary","properties":[{"name":"scale","type":"number","description":"Retourneert de schaal van de kaart op de tijd die door de expressie wordt geëvalueerd."}],"description":""}]},{"name":"Popup","id":"popup","bundles":["core","data-access","geometry","portal-access","knowledge-graph"],"variables":[{"name":"$feature","type":"feature","description":"Biedt toegang tot de attributen en geometrie van het object waarvoor de pop-up in de weergave wordt getoond."},{"name":"$layer","description":"Een verzameling objecten in dezelfde laag als de $feature waarvoor de pop-up in de weergave wordt getoond.","type":"featureSet"},{"name":"$map","description":"Een verzameling lagen in dezelfde kaart als de $feature waarvoor de pop-up in de weergave wordt getoond. Deze waarde kan 'null' zijn in gevallen waarbij een pop-up niet aan een kaart is gekoppeld.","type":"featureSetCollection"},{"name":"$datastore","description":"Een verzameling lagen in dezelfde feature service of database als de $feature waarvoor de pop-up in de weergave wordt getoond.","type":"featureSetCollection"},{"name":"$userInput","description":"Een geometrie die de invoer van een gebruiker vertegenwoordigt voor een pop-up. Normaal gesproken vertegenwoordigt dit een locatie waar de gebruiker op een kaart heeft geklikt of getikt om een pop-up te activeren. Er kunnen gevallen zijn waarbij deze waarde een Punt, een Extent of 'null' is, aangezien pop-ups niet altijd worden geopend via kaartinteractie. Het is daarom aan te bevelen het geometrietype van deze waarde te controleren voordat u deze gebruikt.","type":"geometry"},{"name":"$graph","description":"Een kennisgrafiek die aan het object is gekoppeld. Als er geen kennisgrafiek beschikbaar is, is de waarde 'null'.","type":"knowledgeGraph"},{"name":"$view","type":"dictionary","description":"Eigenschappen die in de weergave beschikbaar zijn.","properties":[{"name":"scale","type":"number","description":"Retourneert de schaal van de kaart op de tijd die door de expressie wordt geëvalueerd."},{"name":"timeProperties","type":"dictionary","properties":[{"name":"currentStart","type":"date","description":"De starttijd van de tijdextent van de kaart, zoals aangegeven door een tijdregelaarcomponent op het moment dat de expressie wordt geëvalueerd. Deze waarde wordt dynamisch bijgewerkt (en kan het opnieuw uitvoeren van de Arcade-expressie activeren) wanneer een tijdregelaar wordt gebruikt om tijdbewuste labels bij te werken op basis van een datumveld. Een waarde 'null' geeft aan dat de starttijd inclusief is vanaf het begin der tijden."},{"name":"currentEnd","type":"date","description":"De eindtijd van de tijdextent van de kaart, zoals aangegeven door een tijdregelaarcomponent op het moment dat de expressie wordt geëvalueerd. Deze waarde wordt dynamisch bijgewerkt (en kan het opnieuw uitvoeren van de Arcade-expressie activeren) wanneer een tijdregelaar wordt gebruikt om tijdbewuste labels bij te werken op basis van een datumveld. Een waarde 'null' geeft aan dat de eindtijd onbepaald is, zonder een einde in zicht."},{"name":"startIncluded","type":"boolean","description":"Geeft aan of de datum 'currentStart' is opgenomen in de huidige tijdextent van de kaart."},{"name":"endIncluded","type":"boolean","description":"Geeft aan of de datum 'currentEnd' is opgenomen in de huidige tijdextent van de kaart."}],"description":""}]}]},{"name":"Popup element","id":"popup-element","bundles":["core","data-access","geometry","portal-access","knowledge-graph"],"variables":[{"name":"$feature","type":"feature","description":"Biedt toegang tot de attributen en geometrie van het object waarvoor de pop-up in de weergave wordt getoond."},{"name":"$layer","description":"Een verzameling objecten in dezelfde laag als de $feature waarvoor de pop-up in de weergave wordt getoond.","type":"featureSet"},{"name":"$map","description":"Een verzameling lagen in dezelfde kaart als de $feature waarvoor de pop-up in de weergave wordt getoond. Deze waarde kan 'null' zijn in gevallen waarbij een pop-up niet aan een kaart is gekoppeld.","type":"featureSetCollection"},{"name":"$datastore","description":"Een verzameling lagen in dezelfde feature service of database als de $feature waarvoor de pop-up in de weergave wordt getoond.","type":"featureSetCollection"},{"name":"$userInput","description":"Een geometrie die de invoer van een gebruiker vertegenwoordigt voor een pop-up. Normaal gesproken vertegenwoordigt dit een locatie waar de gebruiker op een kaart heeft geklikt of getikt om een pop-up te activeren. Er kunnen gevallen zijn waarbij deze waarde een Punt, een Extent of 'null' is, aangezien pop-ups niet altijd worden geopend via kaartinteractie. Het is daarom aan te bevelen het geometrietype van deze waarde te controleren voordat u deze gebruikt.","type":"geometry"},{"name":"$graph","description":"Een kennisgrafiek die aan het object is gekoppeld. Als er geen kennisgrafiek beschikbaar is, is de waarde 'null'.","type":"knowledgeGraph"},{"name":"$view","type":"dictionary","description":"Eigenschappen die in de weergave beschikbaar zijn.","properties":[{"name":"scale","type":"number","description":"Retourneert de schaal van de kaart op de tijd die door de expressie wordt geëvalueerd."},{"name":"timeProperties","type":"dictionary","properties":[{"name":"currentStart","type":"date","description":"De starttijd van de tijdextent van de kaart, zoals aangegeven door een tijdregelaarcomponent op het moment dat de expressie wordt geëvalueerd. Deze waarde wordt dynamisch bijgewerkt (en kan het opnieuw uitvoeren van de Arcade-expressie activeren) wanneer een tijdregelaar wordt gebruikt om tijdbewuste labels bij te werken op basis van een datumveld. Een waarde 'null' geeft aan dat de starttijd inclusief is vanaf het begin der tijden."},{"name":"currentEnd","type":"date","description":"De eindtijd van de tijdextent van de kaart, zoals aangegeven door een tijdregelaarcomponent op het moment dat de expressie wordt geëvalueerd. Deze waarde wordt dynamisch bijgewerkt (en kan het opnieuw uitvoeren van de Arcade-expressie activeren) wanneer een tijdregelaar wordt gebruikt om tijdbewuste labels bij te werken op basis van een datumveld. Een waarde 'null' geeft aan dat de eindtijd onbepaald is, zonder een einde in zicht."},{"name":"startIncluded","type":"boolean","description":"Geeft aan of de datum 'currentStart' is opgenomen in de huidige tijdextent van de kaart."},{"name":"endIncluded","type":"boolean","description":"Geeft aan of de datum 'currentEnd' is opgenomen in de huidige tijdextent van de kaart."}],"description":""}]}]},{"name":"Popup feature reduction","id":"popup-feature-reduction","bundles":["core","data-access","geometry","portal-access"],"variables":[{"name":"$feature","type":"feature","description":"Biedt toegang tot de samengestelde velden die in clustering-pop-ups of binning-pop-ups zijn gedefinieerd."},{"name":"$aggregatedFeatures","description":"Een FeatureSet die alle objecten bevat die door de cluster of bin worden vertegenwoordigd.","type":"featureSet"},{"name":"$view","type":"dictionary","description":"Eigenschappen die in de weergave beschikbaar zijn.","properties":[{"name":"scale","type":"number","description":"Retourneert de schaal van de kaart op de tijd die door de expressie wordt geëvalueerd."},{"name":"timeProperties","type":"dictionary","properties":[{"name":"currentStart","type":"date","description":"De starttijd van de tijdextent van de kaart, zoals aangegeven door een tijdregelaarcomponent op het moment dat de expressie wordt geëvalueerd. Deze waarde wordt dynamisch bijgewerkt (en kan het opnieuw uitvoeren van de Arcade-expressie activeren) wanneer een tijdregelaar wordt gebruikt om tijdbewuste labels bij te werken op basis van een datumveld. Een waarde 'null' geeft aan dat de starttijd inclusief is vanaf het begin der tijden."},{"name":"currentEnd","type":"date","description":"De eindtijd van de tijdextent van de kaart, zoals aangegeven door een tijdregelaarcomponent op het moment dat de expressie wordt geëvalueerd. Deze waarde wordt dynamisch bijgewerkt (en kan het opnieuw uitvoeren van de Arcade-expressie activeren) wanneer een tijdregelaar wordt gebruikt om tijdbewuste labels bij te werken op basis van een datumveld. Een waarde 'null' geeft aan dat de eindtijd onbepaald is, zonder een einde in zicht."},{"name":"startIncluded","type":"boolean","description":"Geeft aan of de datum 'currentStart' is opgenomen in de huidige tijdextent van de kaart."},{"name":"endIncluded","type":"boolean","description":"Geeft aan of de datum 'currentEnd' is opgenomen in de huidige tijdextent van de kaart."}],"description":""}]}]},{"name":"Popup element feature reduction","id":"popup-element-feature-reduction","bundles":["core","data-access","geometry","portal-access"],"variables":[{"name":"$feature","type":"feature","description":"Biedt toegang tot de samengestelde velden die in clustering-pop-ups of binning-pop-ups zijn gedefinieerd."},{"name":"$aggregatedFeatures","description":"Een FeatureSet die alle objecten bevat die door de cluster of bin worden vertegenwoordigd.","type":"featureSet"},{"name":"$view","type":"dictionary","description":"Eigenschappen die in de weergave beschikbaar zijn.","properties":[{"name":"scale","type":"number","description":"Retourneert de schaal van de kaart op de tijd die door de expressie wordt geëvalueerd."},{"name":"timeProperties","type":"dictionary","properties":[{"name":"currentStart","type":"date","description":"De starttijd van de tijdextent van de kaart, zoals aangegeven door een tijdregelaarcomponent op het moment dat de expressie wordt geëvalueerd. Deze waarde wordt dynamisch bijgewerkt (en kan het opnieuw uitvoeren van de Arcade-expressie activeren) wanneer een tijdregelaar wordt gebruikt om tijdbewuste labels bij te werken op basis van een datumveld. Een waarde 'null' geeft aan dat de starttijd inclusief is vanaf het begin der tijden."},{"name":"currentEnd","type":"date","description":"De eindtijd van de tijdextent van de kaart, zoals aangegeven door een tijdregelaarcomponent op het moment dat de expressie wordt geëvalueerd. Deze waarde wordt dynamisch bijgewerkt (en kan het opnieuw uitvoeren van de Arcade-expressie activeren) wanneer een tijdregelaar wordt gebruikt om tijdbewuste labels bij te werken op basis van een datumveld. Een waarde 'null' geeft aan dat de eindtijd onbepaald is, zonder een einde in zicht."},{"name":"startIncluded","type":"boolean","description":"Geeft aan of de datum 'currentStart' is opgenomen in de huidige tijdextent van de kaart."},{"name":"endIncluded","type":"boolean","description":"Geeft aan of de datum 'currentEnd' is opgenomen in de huidige tijdextent van de kaart."}],"description":""}]}]},{"name":"Quick Capture","id":"quick-capture","bundles":["core","data-access","geometry","portal-access"],"variables":[{"name":"$feature","type":"feature","description":"Beschrijft de attributen van het object voor gebruik in de berekening."},{"name":"$layer","type":"featureSet","description":"Een verzameling objecten in dezelfde laag als $feature."},{"name":"$datastore","type":"featureSetCollection","description":"Een verzameling lagen in dezelfde feature service of database als $feature."},{"name":"$map","type":"featureSetCollection","description":"Een verzameling feauture service-lagen in de folder gebruikt door het QuickCapture-project Deze variabele kan 'null' zijn."}]},{"name":"Tasks","id":"tasks","bundles":["core","data-access","geometry","portal-access"],"variables":[{"name":"$feature","description":"Het object dat door de taak wordt geëvalueerd.","type":"feature"},{"name":"$datastore","description":"Een verzameling lagen in dezelfde feature service of database als de $feature die door de taak wordt geëvalueerd.","type":"featureSetCollection"}]},{"name":"Velocity","id":"velocity","bundles":["core","geometry","track"],"variables":[{"name":"$feature","type":"feature","description":"In analysetools met enkelvoudige invoer, het object dat wordt berekend, geëvalueerd of bewerkt."},{"name":"$target","type":"feature","description":"In analysetools met twee invoerwaarden, het object dat voor filtering of verrijking wordt geëvalueerd."},{"name":"$join","type":"feature","description":"In analysetools met twee invoerwaarden, het object dat waarden levert voor evaluatie of verrijking van het doelobject."},{"name":"$analytic","type":"dictionary","description":"Tijdswaarden die aan de analyse verbonden zijn, zoals begintijd, laatste eindtijd etc.","properties":[]}]},{"name":"Visualization","id":"visualization","bundles":["core","geometry"],"variables":[{"name":"$feature","description":"Het object dat op de kaart moet worden getekend.","type":"feature"},{"name":"$view","type":"dictionary","description":"Eigenschappen die in de weergave beschikbaar zijn.","properties":[{"name":"scale","type":"number","description":"Retourneert de schaal van de kaart op de tijd die door de expressie wordt geëvalueerd."},{"name":"timeProperties","type":"dictionary","properties":[{"name":"currentStart","type":"date","description":"De starttijd van de tijdextent van de kaart, zoals aangegeven door een tijdregelaarcomponent op het moment dat de expressie wordt geëvalueerd. Deze waarde wordt dynamisch bijgewerkt (en kan het opnieuw uitvoeren van de Arcade-expressie activeren) wanneer een tijdregelaar wordt gebruikt om tijdbewuste visualisaties bij te werken op basis van een gegevensveld. Een waarde 'null' geeft aan dat de starttijd inclusief is vanaf het begin der tijden."},{"name":"currentEnd","type":"date","description":"De eindtijd van de tijdextent van de kaart, zoals aangegeven door een tijdregelaarcomponent op het moment dat de expressie wordt geëvalueerd. Deze waarde wordt dynamisch bijgewerkt (en kan het opnieuw uitvoeren van de Arcade-expressie activeren) wanneer een tijdregelaar wordt gebruikt om tijdbewuste visualisaties bij te werken op basis van een gegevensveld. Een waarde 'null' geeft aan dat de eindtijd onbepaald is, zonder een einde in zicht."},{"name":"startIncluded","type":"boolean","description":"Geeft aan of de datum 'currentStart' is opgenomen in de huidige tijdextent van de kaart."},{"name":"endIncluded","type":"boolean","description":"Geeft aan of de datum 'currentEnd' is opgenomen in de huidige tijdextent van de kaart."}],"description":""}]}]},{"name":"Voxel popup","id":"popup-voxel","bundles":["core"],"variables":[{"name":"$voxel","type":"voxel","description":"Biedt toegang tot de attributen van de voxel waarvoor de pop-up in de scene moet worden weergegeven."}]},{"name":"Voxel popup element","id":"popup-element-voxel","bundles":["core"],"variables":[{"name":"$voxel","type":"voxel","description":"Biedt toegang tot de attributen van de voxel waarvoor de pop-up in de scene moet worden weergegeven."}]}]