[{"name":"Minimalist","id":"minimalist","bundles":["core","data-access","geometry","portal-access"],"variables":[]},{"name":"Aggregate Field","id":"aggregate-field","bundles":["core","geometry"],"variables":[{"name":"$feature","description":"Koondfunktsioonis sisalduv individuaalne objekt. See annab juurdepääsu objekti kõikidele väljaatribuutidele.","type":"feature"}]},{"name":"Alias","id":"alias","bundles":["core","geometry"],"variables":[{"name":"$value","type":"number","description":"Arvväärtus, mille jaoks teksti pseudonüümi soovitakse."},{"name":"$feature","type":"feature","description":"Objekt, mille jaoks tekstialiast soovitakse."}]},{"name":"Attribute rule calculation","id":"attribute-rule-calculation","bundles":["core","data-access","database","geometry","portal-access","ai"],"variables":[{"name":"$feature","type":"feature","description":"Arvutatav objekt."},{"name":"$originalFeature","type":"feature","description":"Arvutatava objekti eelmine olek."},{"name":"$featureSet","type":"featureSet","description":"Objektide kogum samas tabelis nagu avaldise väärtust arvutav $feature."},{"name":"$datastore","type":"featureSetCollection","description":"Kihtide kogum samas objektiteenuses või andmebaasis nagu skripti käivitav $feature."},{"name":"$editcontext","type":"dictionary","properties":[{"name":"editType","type":"text","description":"Näitab, kas muutmissündmus on INSERT, UPDATE, DELETE või NA (pole kohaldatav)."}],"description":""}]},{"name":"Attribute rule constraint","id":"attribute-rule-constraint","bundles":["core","data-access","geometry","portal-access"],"variables":[{"name":"$feature","type":"feature","description":"Arvutatav objekt."},{"name":"$originalFeature","type":"feature","description":"Arvutatava objekti eelmine olek."},{"name":"$featureSet","type":"featureSet","description":"Objektide kogum samas tabelis nagu avaldise väärtust arvutav $feature."},{"name":"$datastore","type":"featureSetCollection","description":"Kihtide kogum samas objektiteenuses või andmebaasis nagu skripti käivitav $feature."},{"name":"$editcontext","type":"dictionary","properties":[{"name":"editType","type":"text","description":"Näitab, kas muutmissündmus on INSERT, UPDATE, DELETE või NA (pole kohaldatav)."}],"description":""}]},{"name":"Attribute rule validation","id":"attribute-rule-validation","bundles":["core","data-access","geometry","portal-access"],"variables":[{"name":"$feature","type":"feature","description":"Arvutatav objekt."},{"name":"$featureSet","type":"featureSet","description":"Objektide kogum samas tabelis nagu avaldise väärtust arvutav $feature."},{"name":"$datastore","type":"featureSetCollection","description":"Kihtide kogum samas objektiteenuses või andmebaasis nagu skripti käivitav $feature."}]},{"name":"Dashboard indicator formatting","id":"dashboard-indicator-formatting","bundles":["core"],"variables":[{"name":"$datapoint","type":"feature","description":"Andmepunkt, mille väärtust visuaalse elemendi jaoks arvutatakse."},{"name":"$reference","type":"dictionary","description":"Viiteväärtus, mille väärtust visuaalse elemendi jaoks arvutatakse.","properties":[]}]},{"name":"Dashboard list formatting","id":"dashboard-list-formatting","bundles":["core"],"variables":[{"name":"$datapoint","type":"feature","description":"Andmepunkt, mille väärtust visuaalse elemendi jaoks arvutatakse."}]},{"name":"Dashboard table formatting","id":"dashboard-table-formatting","bundles":["core"],"variables":[{"name":"$datapoint","type":"feature","description":"Andmepunkt, mille väärtust visuaalse elemendi jaoks arvutatakse."},{"name":"$rowindex","type":"number","description":"Rea asukoht tabelis (nullipõhine)."}]},{"name":"Dashboard data","id":"dashboard-data","bundles":["core","geometry","data-access","portal-access","knowledge-graph"],"variables":[]},{"name":"Data Pipelines","id":"data-pipelines","bundles":["core"],"variables":[{"name":"$record","type":"dictionary","description":"Annab juurdepääsu arvutatava kirje atribuudi-/väljaväärtustele.","properties":[]}]},{"name":"Dictionary renderer","id":"dictionary-renderer","bundles":["core","geometry"],"variables":[{"name":"$feature","type":"feature","description":"Objekt, mis joonistatakse kaardile."},{"name":"$config","type":"dictionary","description":"Konfiguratsiooniväärtuste sõnastik.","properties":[]}]},{"name":"Experience Builder data","id":"experience-builder-data","bundles":["core","data-access","geometry","portal-access"],"variables":[]},{"name":"Experience Builder list item widget formatting","id":"experience-builder-list-item-widget-formatting","bundles":["core"],"variables":[{"name":"$feature","type":"feature","description":"Kajastab loendiüksuses olevat objekti."}]},{"name":"Experience Builder widget formatting","id":"experience-builder-widget-formatting","bundles":["core","data-access"],"variables":[{"name":"$dataSources","type":"dictionary","description":"Vidina kasutatavad andmeallikad. See on sõnastik, mis sisaldab võtme/väärtuse paare, kus iga võti on andmeallika ID (nt dataSource_1-187acf797e1-layer-5-selection).","properties":[]}]},{"name":"Feature Display Title","id":"feature-display-title","bundles":["core"],"variables":[{"name":"$feature","type":"feature","description":"Objekt või rida, mille pealkirja kasutajaliideses kuvatakse."}]},{"name":"Feature Z","id":"feature-z","bundles":["core","geometry"],"variables":[{"name":"$feature","type":"feature","description":"Objekt, mis nõuab Z-väärtust."}]},{"name":"Field calculation","id":"field-calculation","bundles":["core","data-access","geometry","portal-access","knowledge-graph","ai"],"variables":[{"name":"$feature","type":"feature","description":"Arvutatav objekt."},{"name":"$datastore","type":"featureSetCollection","description":"Kihtide kogum samas objektiteenuses või andmebaasis nagu arvutust käivitav $feature."}]},{"name":"Field mapping","id":"field-mapping","bundles":["core","data-access","geometry","portal-access"],"variables":[{"name":"$sourceFeature","type":"feature","description":"Välja vastendamise lähteobjekt."},{"name":"$targetFeature","type":"feature","description":"Välja vastendamise sihtobjekt."},{"name":"$sourceLayer","type":"featureSet","description":"Objektide kogum samas kihis nagu $sourcefeature."},{"name":"$targetLayer","type":"featureSet","description":"Objektide kogum samas kihis nagu $targetfeature."},{"name":"$map","type":"featureSetCollection","description":"Kihtide kogum Arcade'i avaldist käitaval kaardil."},{"name":"$sourceDatastore","type":"featureSetCollection","description":"Kihtide kogum samas andmesalves nagu $sourcelayer."},{"name":"$targetDatastore","type":"featureSetCollection","description":"Kihtide kogum samas andmesalves nagu $targetlayer."}]},{"name":"Form Attachment Filename Calculation","id":"form-attachment-filename-calculation","bundles":["core","data-access","geometry","portal-access"],"variables":[{"name":"$feature","type":"feature","description":"Š_The feature being calculated______________________________ä."},{"name":"$originalFeature","type":"feature","description":"Š_The previous state of the feature being calculated___________________________ä."},{"name":"$layer","type":"featureSet","description":"Š_A collection of features in the same layer as $feature_____________________________ä."},{"name":"$datastore","type":"featureSetCollection","description":"Š_A collection of layers in the same feature service or database as $feature_______________________________________ä."},{"name":"$featureset","type":"featureSet","description":"Š_A collection of features in the same table as $feature_____________________________ä."},{"name":"$map","type":"featureSetCollection","description":"Š_A collection of feature service layers in the same map as $feature___________________________________ä."},{"name":"$formElement","type":"dictionary","description":"Š_Information associated with the form element________________________ä.","properties":[{"name":"attachmentKeyword","type":"text","description":"Š_A text value identifying the content of the attachment. When a file is attached using the form, this property can be used in determining a new filename for the attachment_______________________________________________________________________________________ä."},{"name":"label","type":"text","description":"Š_A text value indicating what the element represents___________________________ä."},{"name":"description","type":"text","description":"Š_A text value that describes the element in detail__________________________ä."}]}]},{"name":"Form calculation","id":"form-calculation","bundles":["core","data-access","geometry","portal-access","ai"],"variables":[{"name":"$feature","type":"feature","description":"Kuvab objekti atribuudid arvutuses kasutamiseks"},{"name":"$originalFeature","type":"feature","description":"Arvutatava objekti eelmine olek."},{"name":"$layer","type":"featureSet","description":"Objektide kogum samal kihil nagu $feature."},{"name":"$datastore","type":"featureSetCollection","description":"Objektide kogum samas objektiteenuses või andmebaasis nagu $feature."},{"name":"$featureset","type":"featureSet","description":"Objektide kogum samas tabelis nagu $feature."},{"name":"$map","type":"featureSetCollection","description":"Objektiteenuse kihtide kogum samal kaardil nagu $feature."},{"name":"$editcontext","type":"dictionary","properties":[{"name":"editType","type":"text","description":"Näitab, kas muutmissündmus on INSERT, UPDATE, DELETE või NA (pole kohaldatav)."}],"description":""}]},{"name":"Form Constraint","id":"form-constraint","bundles":["core","geometry","data-access","portal-access"],"variables":[{"name":"$feature","type":"feature","description":"Objekti, mille väärtust piirangu jaoks arvutatakse."},{"name":"$originalFeature","type":"feature","description":"Objekti eelmine olek."},{"name":"$layer","type":"featureSet","description":"Objektide kogum samal kihil nagu $feature."},{"name":"$datastore","type":"featureSetCollection","description":"Objektide kogum samas objektiteenuses või andmebaasis nagu $feature."},{"name":"$featureset","type":"featureSet","description":"Objektide kogum samas tabelis nagu $feature."},{"name":"$map","type":"featureSetCollection","description":"Objektiteenuse kihtide kogum samal kaardil nagu $feature."},{"name":"$editcontext","type":"dictionary","properties":[{"name":"editType","type":"text","description":"Näitab, kas muutmissündmus on INSERT, UPDATE, DELETE või NA (pole kohaldatav)."}],"description":""}]},{"name":"Geoanalytics","id":"geoanalytics","bundles":["core","geometry","track"],"variables":[{"name":"$feature","type":"feature","description":"Arvutatav objekt."}]},{"name":"Geotrigger notification","id":"geotrigger-notification","bundles":["core","geometry","data-access"],"variables":[{"name":"$feedFeature","type":"feature","description":"Sisendobjekt (nt seadme asukoht või objekt), mis põhjustas geopäästiku aktiveerimise. See objekt peab sisaldama geomeetriat (tavaliselt punkt) ja fikseeritud skeemi, millel on järgmised atribuudid: „course“ (asukoha suund kraadides, päripäeva, 0 on tõeline põhjasuund), ja „horizontalaccuracy“ (asukoha horisontaalne täpsus meetrites)."},{"name":"$fenceFeature","type":"feature","description":"Piirkonnaobjekt (nt huviala), kuhu siseneti või kust väljuti ja mis põhjustas Geotriggeri aktiveerimise."},{"name":"$fenceLayer","type":"featureSet","description":"Objektide kogum samas kihis nagu $fenceFeature."},{"name":"$fenceNotificationType","type":"text","description":"Toimunud sündmuse kirjeldus – kas „siseneti“ või „väljuti“."}]},{"name":"Imagery popup","id":"popup-imagery","bundles":["core","geometry"],"variables":[{"name":"$pixel","type":"pixel","description":"Š_The pixel value and other pixel-dependent information (e.g. classification category), including virtual raster fields, for the imagery layer currently displayed in the view________________________________________________________________________________________ä."},{"name":"$imageCollectionItem","type":"feature","description":"Š_The metadata of the selected image collection item containing the pixel represented by `$pixel`. This value will be `null` if there is no associated image collection____________________________________________________________________________________ä."},{"name":"$view","type":"dictionary","description":"Š_Properties available from the view___________________ä.","properties":[{"name":"scale","type":"number","description":"Š_Returns the scale of the map at the time the expression evaluates__________________________________ä."},{"name":"timeProperties","type":"dictionary","properties":[{"name":"currentStart","type":"date","description":"Š_The start time of the map's time extent as indicated by a time slider component at the time the expression evaluates. This value dynamically updates (and may trigger the re-execution of the Arcade expression) when a time slider is used to update time-aware popups based on date field. A `null` value indicates the start time is inclusive since the beginning of time________________________________________________________________________________________________________________________________________________________________________________________ä."},{"name":"currentEnd","type":"date","description":"Š_The end time of the map's time extent as indicated by a time slider component at the time the expression evaluates. This value dynamically updates (and may trigger the re-execution of the Arcade expression) when a time slider is used to update time-aware popups based on date field. A `null` value indicates the end time is indefinite with no end_______________________________________________________________________________________________________________________________________________________________________________ä."},{"name":"startIncluded","type":"boolean","description":"Š_Indicates if the `currentStart` date is included in the map's current time extent__________________________________________ä."},{"name":"endIncluded","type":"boolean","description":"Š_Indicates if the `currentEnd` date is included in the map's current time extent_________________________________________ä."}],"description":""}]},{"name":"$userInput","description":"Š_A geometry representing a user's input for a popup. Typically, this represents a location where the user clicked or tapped in a map to launch a popup. There may be cases where this value is a Point, an Extent, or `null` as popups are not always opened from map interaction. Therefore, it is advised to check the geometry type of this value before it is used____________________________________________________________________________________________________________________________________________________________________________________ä.","type":"geometry"}]},{"name":"Imagery popup element","id":"popup-element-imagery","bundles":["core","geometry"],"variables":[{"name":"$pixel","type":"pixel","description":"Š_The pixel value and other pixel-dependent information (e.g. classification category), including virtual raster fields, for the imagery layer currently displayed in the view________________________________________________________________________________________ä."},{"name":"$imageCollectionItem","type":"feature","description":"Š_The metadata of the selected image collection item containing the pixel represented by `$pixel`. This value will be `null` if there is no associated image collection____________________________________________________________________________________ä."},{"name":"$view","type":"dictionary","description":"Š_Properties available from the view___________________ä.","properties":[{"name":"scale","type":"number","description":"Š_Returns the scale of the map at the time the expression evaluates__________________________________ä."},{"name":"timeProperties","type":"dictionary","properties":[{"name":"currentStart","type":"date","description":"Š_The start time of the map's time extent as indicated by a time slider component at the time the expression evaluates. This value dynamically updates (and may trigger the re-execution of the Arcade expression) when a time slider is used to update time-aware popups based on date field. A `null` value indicates the start time is inclusive since the beginning of time________________________________________________________________________________________________________________________________________________________________________________________ä."},{"name":"currentEnd","type":"date","description":"Š_The end time of the map's time extent as indicated by a time slider component at the time the expression evaluates. This value dynamically updates (and may trigger the re-execution of the Arcade expression) when a time slider is used to update time-aware popups based on date field. A `null` value indicates the end time is indefinite with no end_______________________________________________________________________________________________________________________________________________________________________________ä."},{"name":"startIncluded","type":"boolean","description":"Š_Indicates if the `currentStart` date is included in the map's current time extent__________________________________________ä."},{"name":"endIncluded","type":"boolean","description":"Š_Indicates if the `currentEnd` date is included in the map's current time extent_________________________________________ä."}],"description":""}]},{"name":"$userInput","description":"Š_A geometry representing a user's input for a popup. Typically, this represents a location where the user clicked or tapped in a map to launch a popup. There may be cases where this value is a Point, an Extent, or `null` as popups are not always opened from map interaction. Therefore, it is advised to check the geometry type of this value before it is used____________________________________________________________________________________________________________________________________________________________________________________ä.","type":"geometry"}]},{"name":"Labeling","id":"labeling","bundles":["core","geometry"],"variables":[{"name":"$feature","type":"feature","description":"Objekt, mille silt joonistatakse kaardile."},{"name":"$view","type":"dictionary","description":"Atribuudid on vaatest saadaval.","properties":[{"name":"scale","type":"number","description":"Tagastab kaardi mõõtkava avaldise väärtuse arvutamise hetkel."},{"name":"timeProperties","type":"dictionary","properties":[{"name":"currentStart","type":"date","description":"Kaardi aja ulatuse algusaeg, mis on näidatud ajaliuguri komponendiga avaldise hindamise ajal. Seda väärtust värskendatakse dünaamiliselt (ja see võib käivitada Arcade'i avaldise taaskäivitamise), kui ajaliugurit kasutatakse kuupäevaväljal põhinevate ajateadlike siltide värskendamiseks. Nullväärtus (`null`) näitab, et algusaeg on kaasatud aja algusest."},{"name":"currentEnd","type":"date","description":"Kaardi aja ulatuse lõpuaeg, mis on näidatud ajaliuguri komponendiga avaldise hindamise ajal. Seda väärtust värskendatakse dünaamiliselt (ja see võib käivitada Arcade'i avaldise taaskäivitamise), kui ajaliugurit kasutatakse kuupäevaväljal põhinevate ajateadlike siltide värskendamiseks. Nullväärtus (`null`) näitab, et lõpuaeg on määramata ja lõputa."},{"name":"startIncluded","type":"boolean","description":"Näitab, kas praegune oleku `currentStart` kuupäev on kaasatud kaardi praeguse aja ulatusse."},{"name":"endIncluded","type":"boolean","description":"Näitab, kas praegune lõpuaja `currentEnd` kuupäev on kaasatud kaardi praeguse aja ulatusse."}],"description":""}]}]},{"name":"Layout","id":"layout","bundles":["core","geometry"],"variables":[{"name":"$feature","type":"feature","description":"Objekt, mille väärtused võidakse paigutuses kuvada."}]},{"name":"Location update constraint","id":"location-update-constraint","bundles":["core","geometry"],"variables":[{"name":"$locationupdate","type":"dictionary","description":"Asukoha uuendamise objekt (nt GPS-ist), mille väärtust piirangu jaoks arvutatakse.","properties":[{"name":"course","type":"number","description":"Asukoha suund kraadides (päripäeva, 0 on tõeline põhjasuund)."},{"name":"horizontalaccuracy","type":"number","description":"Asukoha horisontaalne täpsus meetrites."},{"name":"verticalaccuracy","type":"number","description":"Asukoha vertikaalne täpsus meetrites."},{"name":"velocity","type":"number","description":"Asukoha kiirus (meetrit sekundis)."}]}]},{"name":"Model Builder","id":"model-builder","bundles":["core","geometry","data-access","portal-access"],"variables":[{"name":"$variables","type":"dictionary","description":"Muutujate nimesid ja väärtusi sisaldav sõnastik.","properties":[]}]},{"name":"Measure visualization","id":"measure-visualization","bundles":["core","geometry"],"variables":[{"name":"$measure","type":"number","description":"Markeri asukoha interpoleeritud M-väärtus."},{"name":"$feature","type":"feature","description":"Objekt, mis joonistatakse kaardile."},{"name":"$view","type":"dictionary","properties":[{"name":"scale","type":"number","description":"Tagastab kaardi mõõtkava avaldise väärtuse arvutamise hetkel."}],"description":""}]},{"name":"Popup","id":"popup","bundles":["core","data-access","geometry","portal-access","knowledge-graph"],"variables":[{"name":"$feature","type":"feature","description":"Annab juurdepääsu selle objekti atribuutidele ja geomeetriale, mille hüpik vaates kuvatakse."},{"name":"$layer","description":"Objektide kogum sama kihil nagu $feature, mille hüpik vaates kuvatakse.","type":"featureSet"},{"name":"$map","description":"Kihtide kogum sama kaardil nagu $feature, mille hüpik vaates kuvatakse. Väärtus võib olla null juhtudel, kui hüpikut pole kaardiga seostatud.","type":"featureSetCollection"},{"name":"$datastore","description":"Kihtide kogum samas objektiteenuses või andmebaasis nagu $feature, mille hüpik vaates kuvatakse.","type":"featureSetCollection"},{"name":"$userInput","description":"Geomeetria, mis tähistab kasutaja sisestust hüpikaknas. Tavaliselt tähistab see asukohta, kus kasutaja hüpikakna käivitamiseks kaardil klõpsas või seda puudutas. Mõnel juhul võib selle väärtus olla punkt, ulatus või null, kuna hüpikaknaid kaardiga suhtlemisel alati ei avata. Seetõttu on soovitatav kontrollida enne selle väärtuse kasutamist selle geomeetriatüüpi.","type":"geometry"},{"name":"$graph","description":"Objektiga seostatud teabegraafik. Kui teabegraafikut pole saadaval, on väärtuseks null.","type":"knowledgeGraph"},{"name":"$view","type":"dictionary","description":"Atribuudid on vaatest saadaval.","properties":[{"name":"scale","type":"number","description":"Tagastab kaardi mõõtkava avaldise väärtuse arvutamise hetkel."},{"name":"timeProperties","type":"dictionary","properties":[{"name":"currentStart","type":"date","description":"Kaardi aja ulatuse algusaeg, mis on näidatud ajaliuguri komponendiga avaldise hindamise ajal. Seda väärtust värskendatakse dünaamiliselt (ja see võib käivitada Arcade'i avaldise taaskäivitamise), kui ajaliugurit kasutatakse kuupäevaväljal põhinevate ajateadlike hüpikakende värskendamiseks. Nullväärtus (`null`) näitab, et algusaeg on kaasatud aja algusest."},{"name":"currentEnd","type":"date","description":"Kaardi aja ulatuse lõpuaeg, mis on näidatud ajaliuguri komponendiga avaldise hindamise ajal. Seda väärtust värskendatakse dünaamiliselt (ja see võib käivitada Arcade'i avaldise taaskäivitamise), kui ajaliugurit kasutatakse kuupäevaväljal põhinevate ajateadlike hüpikakende värskendamiseks. Nullväärtus (`null`) näitab, et lõpuaeg on määramata ja lõputa."},{"name":"startIncluded","type":"boolean","description":"Näitab, kas praegune oleku `currentStart` kuupäev on kaasatud kaardi praeguse aja ulatusse."},{"name":"endIncluded","type":"boolean","description":"Näitab, kas praegune lõpuaja `currentEnd` kuupäev on kaasatud kaardi praeguse aja ulatusse."}],"description":""}]}]},{"name":"Popup element","id":"popup-element","bundles":["core","data-access","geometry","portal-access","knowledge-graph"],"variables":[{"name":"$feature","type":"feature","description":"Annab juurdepääsu selle objekti atribuutidele ja geomeetriale, mille hüpik vaates kuvatakse."},{"name":"$layer","description":"Objektide kogum sama kihil nagu $feature, mille hüpik vaates kuvatakse.","type":"featureSet"},{"name":"$map","description":"Kihtide kogum sama kaardil nagu $feature, mille hüpik vaates kuvatakse. Väärtus võib olla null juhtudel, kui hüpikut pole kaardiga seostatud.","type":"featureSetCollection"},{"name":"$datastore","description":"Kihtide kogum samas objektiteenuses või andmebaasis nagu $feature, mille hüpik vaates kuvatakse.","type":"featureSetCollection"},{"name":"$userInput","description":"Geomeetria, mis tähistab kasutaja sisestust hüpikaknas. Tavaliselt tähistab see asukohta, kus kasutaja hüpikakna käivitamiseks kaardil klõpsas või seda puudutas. Mõnel juhul võib selle väärtus olla punkt, ulatus või null, kuna hüpikaknaid kaardiga suhtlemisel alati ei avata. Seetõttu on soovitatav kontrollida enne selle väärtuse kasutamist selle geomeetriatüüpi.","type":"geometry"},{"name":"$graph","description":"Objektiga seostatud teabegraafik. Kui teabegraafikut pole saadaval, on väärtuseks null.","type":"knowledgeGraph"},{"name":"$view","type":"dictionary","description":"Atribuudid on vaatest saadaval.","properties":[{"name":"scale","type":"number","description":"Tagastab kaardi mõõtkava avaldise väärtuse arvutamise hetkel."},{"name":"timeProperties","type":"dictionary","properties":[{"name":"currentStart","type":"date","description":"Kaardi aja ulatuse algusaeg, mis on näidatud ajaliuguri komponendiga avaldise hindamise ajal. Seda väärtust värskendatakse dünaamiliselt (ja see võib käivitada Arcade'i avaldise taaskäivitamise), kui ajaliugurit kasutatakse kuupäevaväljal põhinevate ajateadlike hüpikakende värskendamiseks. Nullväärtus (`null`) näitab, et algusaeg on kaasatud aja algusest."},{"name":"currentEnd","type":"date","description":"Kaardi aja ulatuse lõpuaeg, mis on näidatud ajaliuguri komponendiga avaldise hindamise ajal. Seda väärtust värskendatakse dünaamiliselt (ja see võib käivitada Arcade'i avaldise taaskäivitamise), kui ajaliugurit kasutatakse kuupäevaväljal põhinevate ajateadlike hüpikakende värskendamiseks. Nullväärtus (`null`) näitab, et lõpuaeg on määramata ja lõputa."},{"name":"startIncluded","type":"boolean","description":"Näitab, kas praegune oleku `currentStart` kuupäev on kaasatud kaardi praeguse aja ulatusse."},{"name":"endIncluded","type":"boolean","description":"Näitab, kas praegune lõpuaja `currentEnd` kuupäev on kaasatud kaardi praeguse aja ulatusse."}],"description":""}]}]},{"name":"Popup feature reduction","id":"popup-feature-reduction","bundles":["core","data-access","geometry","portal-access"],"variables":[{"name":"$feature","type":"feature","description":"Pakub juurdepääsu klasterdus- või salvehüpikutes määratletud koondväljadele."},{"name":"$aggregatedFeatures","description":"FeatureSet, mis sisaldab kõiki objekte, mida klaster või salv esitab.","type":"featureSet"},{"name":"$view","type":"dictionary","description":"Atribuudid on vaatest saadaval.","properties":[{"name":"scale","type":"number","description":"Tagastab kaardi mõõtkava avaldise väärtuse arvutamise hetkel."},{"name":"timeProperties","type":"dictionary","properties":[{"name":"currentStart","type":"date","description":"Kaardi aja ulatuse algusaeg, mis on näidatud ajaliuguri komponendiga avaldise hindamise ajal. Seda väärtust värskendatakse dünaamiliselt (ja see võib käivitada Arcade'i avaldise taaskäivitamise), kui ajaliugurit kasutatakse kuupäevaväljal põhinevate ajateadlike hüpikakende värskendamiseks. Nullväärtus (`null`) näitab, et algusaeg on kaasatud aja algusest."},{"name":"currentEnd","type":"date","description":"Kaardi aja ulatuse lõpuaeg, mis on näidatud ajaliuguri komponendiga avaldise hindamise ajal. Seda väärtust värskendatakse dünaamiliselt (ja see võib käivitada Arcade'i avaldise taaskäivitamise), kui ajaliugurit kasutatakse kuupäevaväljal põhinevate ajateadlike hüpikakende värskendamiseks. Nullväärtus (`null`) näitab, et lõpuaeg on määramata ja lõputa."},{"name":"startIncluded","type":"boolean","description":"Näitab, kas praegune oleku `currentStart` kuupäev on kaasatud kaardi praeguse aja ulatusse."},{"name":"endIncluded","type":"boolean","description":"Näitab, kas praegune lõpuaja `currentEnd` kuupäev on kaasatud kaardi praeguse aja ulatusse."}],"description":""}]}]},{"name":"Popup element feature reduction","id":"popup-element-feature-reduction","bundles":["core","data-access","geometry","portal-access"],"variables":[{"name":"$feature","type":"feature","description":"Pakub juurdepääsu klasterdus- või salvehüpikutes määratletud koondväljadele."},{"name":"$aggregatedFeatures","description":"FeatureSet, mis sisaldab kõiki objekte, mida klaster või salv esitab.","type":"featureSet"},{"name":"$view","type":"dictionary","description":"Atribuudid on vaatest saadaval.","properties":[{"name":"scale","type":"number","description":"Tagastab kaardi mõõtkava avaldise väärtuse arvutamise hetkel."},{"name":"timeProperties","type":"dictionary","properties":[{"name":"currentStart","type":"date","description":"Kaardi aja ulatuse algusaeg, mis on näidatud ajaliuguri komponendiga avaldise hindamise ajal. Seda väärtust värskendatakse dünaamiliselt (ja see võib käivitada Arcade'i avaldise taaskäivitamise), kui ajaliugurit kasutatakse kuupäevaväljal põhinevate ajateadlike hüpikakende värskendamiseks. Nullväärtus (`null`) näitab, et algusaeg on kaasatud aja algusest."},{"name":"currentEnd","type":"date","description":"Kaardi aja ulatuse lõpuaeg, mis on näidatud ajaliuguri komponendiga avaldise hindamise ajal. Seda väärtust värskendatakse dünaamiliselt (ja see võib käivitada Arcade'i avaldise taaskäivitamise), kui ajaliugurit kasutatakse kuupäevaväljal põhinevate ajateadlike hüpikakende värskendamiseks. Nullväärtus (`null`) näitab, et lõpuaeg on määramata ja lõputa."},{"name":"startIncluded","type":"boolean","description":"Näitab, kas praegune oleku `currentStart` kuupäev on kaasatud kaardi praeguse aja ulatusse."},{"name":"endIncluded","type":"boolean","description":"Näitab, kas praegune lõpuaja `currentEnd` kuupäev on kaasatud kaardi praeguse aja ulatusse."}],"description":""}]}]},{"name":"Quick Capture","id":"quick-capture","bundles":["core","data-access","geometry","portal-access"],"variables":[{"name":"$feature","type":"feature","description":"Kuvab objekti atribuudid arvutuses kasutamiseks."},{"name":"$layer","type":"featureSet","description":"Objektide kogum samal kihil nagu $feature."},{"name":"$datastore","type":"featureSetCollection","description":"Objektide kogum samas objektiteenuses või andmebaasis nagu $feature."},{"name":"$map","type":"featureSetCollection","description":"Objektiteenuse kihtide kogum samal kaardil, mida kasutab projekt QuickCapture. See muutuja võib olla null."}]},{"name":"Tasks","id":"tasks","bundles":["core","data-access","geometry","portal-access"],"variables":[{"name":"$feature","description":"Objekt, mille väärtust toiminguga arvutatakse.","type":"feature"},{"name":"$datastore","description":"Kihtide kogum samas objektiteenuses või andmebaasis nagu $feature, mille väärtust toiminguga arvutatakse.","type":"featureSetCollection"}]},{"name":"Velocity","id":"velocity","bundles":["core","geometry","track"],"variables":[{"name":"$feature","type":"feature","description":"Ühe sisendiga analüüsitööriistades objekt, mida arvutatakse, väärtustatakse või töödeldakse."},{"name":"$target","type":"feature","description":"Kahe sisendiga analüüsitööriistades objekt, mille väärtus filtreerimiseks või rikastamiseks arvutatakse."},{"name":"$join","type":"feature","description":"Kahe sisendiga analüüsitööriistades objekt, mis esitab väärtused sihtobjekti väärtuse arvutamiseks või rikastamiseks."},{"name":"$analytic","type":"dictionary","description":"Analüütikaga seostatud ajalised väärtused, nt alguskellaaeg, viimane lõppkellaaeg jne.","properties":[]}]},{"name":"Visualization","id":"visualization","bundles":["core","geometry"],"variables":[{"name":"$feature","description":"Objekt, mis joonistatakse kaardile.","type":"feature"},{"name":"$view","type":"dictionary","description":"Atribuudid on vaatest saadaval.","properties":[{"name":"scale","type":"number","description":"Tagastab kaardi mõõtkava avaldise väärtuse arvutamise hetkel."},{"name":"timeProperties","type":"dictionary","properties":[{"name":"currentStart","type":"date","description":"Kaardi aja ulatuse algusaeg, mis on näidatud ajaliuguri komponendiga avaldise hindamise ajal. Seda väärtust värskendatakse dünaamiliselt (ja see võib käivitada Arcade'i avaldise taaskäivitamise), kui ajaliugurit kasutatakse kuupäevaväljal põhinevate ajateadlike visualisatsioonide värskendamiseks. Nullväärtus (`null`) näitab, et algusaeg on kaasatud aja algusest."},{"name":"currentEnd","type":"date","description":"Kaardi aja ulatuse lõpuaeg, mis on näidatud ajaliuguri komponendiga avaldise hindamise ajal. Seda väärtust värskendatakse dünaamiliselt (ja see võib käivitada Arcade'i avaldise taaskäivitamise), kui ajaliugurit kasutatakse kuupäevaväljal põhinevate ajateadlike visualisatsioonide värskendamiseks. Nullväärtus (`null`) näitab, et lõpuaeg on määramata ja lõputa."},{"name":"startIncluded","type":"boolean","description":"Näitab, kas praegune oleku `currentStart` kuupäev on kaasatud kaardi praeguse aja ulatusse."},{"name":"endIncluded","type":"boolean","description":"Näitab, kas praegune lõpuaja `currentEnd` kuupäev on kaasatud kaardi praeguse aja ulatusse."}],"description":""}]}]},{"name":"Voxel popup","id":"popup-voxel","bundles":["core"],"variables":[{"name":"$voxel","type":"voxel","description":"Annab juurdepääsu voksli atribuutidele, mille hüpikaken stseenis kuvatakse."}]},{"name":"Voxel popup element","id":"popup-element-voxel","bundles":["core"],"variables":[{"name":"$voxel","type":"voxel","description":"Annab juurdepääsu voksli atribuutidele, mille hüpikaken stseenis kuvatakse."}]}]