[{"name":"Minimalist","id":"minimalist","bundles":["core","data-access","geometry","portal-access"],"variables":[]},{"name":"Aggregate Field","id":"aggregate-field","bundles":["core","geometry"],"variables":[{"name":"$feature","description":"Ett enskilt geoobjekt inkluderat i ett aggregerat geoobjekt. Detta ger åtkomst till alla fältattribut för geoobjektet.","type":"feature"}]},{"name":"Alias","id":"alias","bundles":["core","geometry"],"variables":[{"name":"$value","type":"number","description":"Numeriskt värde för vilket ett textalias önskas."},{"name":"$feature","type":"feature","description":"Geoobjekt för vilket ett textalias önskas."}]},{"name":"Attribute rule calculation","id":"attribute-rule-calculation","bundles":["core","data-access","database","geometry","portal-access","ai"],"variables":[{"name":"$feature","type":"feature","description":"Geoobjektet som beräknas."},{"name":"$originalFeature","type":"feature","description":"Tidigare status för geoobjektet som beräknas."},{"name":"$featureSet","type":"featureSet","description":"En samling geoobjekt i samma tabell som $geoobjektet som utvärderar uttrycket."},{"name":"$datastore","type":"featureSetCollection","description":"En samling lager i samma geoobjekttjänst eller databas som $geoobjektet som kör skriptet."},{"name":"$editcontext","type":"dictionary","properties":[{"name":"editType","type":"text","description":"Anger om redigeringshändelsen är INFOGA, UPPDATERA, RADERA eller NA (inte tillämplig)."}],"description":""}]},{"name":"Attribute rule constraint","id":"attribute-rule-constraint","bundles":["core","data-access","geometry","portal-access"],"variables":[{"name":"$feature","type":"feature","description":"Geoobjektet som beräknas."},{"name":"$originalFeature","type":"feature","description":"Tidigare status för geoobjektet som beräknas."},{"name":"$featureSet","type":"featureSet","description":"En samling geoobjekt i samma tabell som $geoobjektet som utvärderar uttrycket."},{"name":"$datastore","type":"featureSetCollection","description":"En samling lager i samma geoobjekttjänst eller databas som $geoobjektet som kör skriptet."},{"name":"$editcontext","type":"dictionary","properties":[{"name":"editType","type":"text","description":"Anger om redigeringshändelsen är INFOGA, UPPDATERA, RADERA eller NA (inte tillämplig)."}],"description":""}]},{"name":"Attribute rule validation","id":"attribute-rule-validation","bundles":["core","data-access","geometry","portal-access"],"variables":[{"name":"$feature","type":"feature","description":"Geoobjektet som beräknas."},{"name":"$featureSet","type":"featureSet","description":"En samling geoobjekt i samma tabell som $geoobjektet som utvärderar uttrycket."},{"name":"$datastore","type":"featureSetCollection","description":"En samling lager i samma geoobjekttjänst eller databas som $geoobjektet som kör skriptet."}]},{"name":"Dashboard indicator formatting","id":"dashboard-indicator-formatting","bundles":["core"],"variables":[{"name":"$datapoint","type":"feature","description":"Datapunkten som utvärderas för det synliga elementet."},{"name":"$reference","type":"dictionary","description":"Referensvärdet som utvärderas för det synliga elementet.","properties":[]}]},{"name":"Dashboard list formatting","id":"dashboard-list-formatting","bundles":["core"],"variables":[{"name":"$datapoint","type":"feature","description":"Datapunkten som utvärderas för det synliga elementet."}]},{"name":"Dashboard table formatting","id":"dashboard-table-formatting","bundles":["core"],"variables":[{"name":"$datapoint","type":"feature","description":"Datapunkten som utvärderas för det synliga elementet."},{"name":"$rowindex","type":"number","description":"Positionen för en rad i tabellen (nollbaserad)."}]},{"name":"Dashboard data","id":"dashboard-data","bundles":["core","geometry","data-access","portal-access","knowledge-graph"],"variables":[]},{"name":"Data Pipelines","id":"data-pipelines","bundles":["core"],"variables":[{"name":"$record","type":"dictionary","description":"Ger åtkomst till attribut-/fältvärden för posten som beräknas.","properties":[]}]},{"name":"Dictionary renderer","id":"dictionary-renderer","bundles":["core","geometry"],"variables":[{"name":"$feature","type":"feature","description":"Geoobjektet som ska ritas på kartan."},{"name":"$config","type":"dictionary","description":"En ordlista med konfigurationsvärden.","properties":[]}]},{"name":"Experience Builder data","id":"experience-builder-data","bundles":["core","data-access","geometry","portal-access"],"variables":[]},{"name":"Experience Builder list item widget formatting","id":"experience-builder-list-item-widget-formatting","bundles":["core"],"variables":[{"name":"$feature","type":"feature","description":"Representerar geoobjektet i listobjektet."}]},{"name":"Experience Builder widget formatting","id":"experience-builder-widget-formatting","bundles":["core","data-access"],"variables":[{"name":"$dataSources","type":"dictionary","description":"Datakällorna som används av widgeten. Det här är en ordlista som innehåller nyckel-värdepar, där varje nyckel är en datakäll-ID (t.ex. `dataSource_1-187acf797e1-layer-5-selection`).","properties":[]}]},{"name":"Feature Display Title","id":"feature-display-title","bundles":["core"],"variables":[{"name":"$feature","type":"feature","description":"Geoobjektet, eller raden, som en titel ska visas för i gränssnittet."}]},{"name":"Feature Z","id":"feature-z","bundles":["core","geometry"],"variables":[{"name":"$feature","type":"feature","description":"Geoobjektet som kräver ett Z-värde."}]},{"name":"Field calculation","id":"field-calculation","bundles":["core","data-access","geometry","portal-access","knowledge-graph","ai"],"variables":[{"name":"$feature","type":"feature","description":"Geoobjektet som beräknas."},{"name":"$datastore","type":"featureSetCollection","description":"En samling lager i samma geoobjekttjänst eller databas som $geoobjektet som utför beräkningen."}]},{"name":"Field mapping","id":"field-mapping","bundles":["core","data-access","geometry","portal-access"],"variables":[{"name":"$sourceFeature","type":"feature","description":"Källgeoobjektet för fältkartan."},{"name":"$targetFeature","type":"feature","description":"Målgeoobjektet för fältkartan."},{"name":"$sourceLayer","type":"featureSet","description":"En samling geoobjekt i samma lager som $källgeoobjekt."},{"name":"$targetLayer","type":"featureSet","description":"En samling geoobjekt i samma lager som $målgeoobjekt."},{"name":"$map","type":"featureSetCollection","description":"En samling lager i kartan över det utförande Arcade-uttrycket."},{"name":"$sourceDatastore","type":"featureSetCollection","description":"En samling lager i samma datalager som $källagret."},{"name":"$targetDatastore","type":"featureSetCollection","description":"En samling lager i samma datalager som $mållagret."}]},{"name":"Form Attachment Filename Calculation","id":"form-attachment-filename-calculation","bundles":["core","data-access","geometry","portal-access"],"variables":[{"name":"$feature","type":"feature","description":"Å_The feature being calculated______________________________ö."},{"name":"$originalFeature","type":"feature","description":"Å_The previous state of the feature being calculated___________________________ö."},{"name":"$layer","type":"featureSet","description":"Å_A collection of features in the same layer as $feature_____________________________ö."},{"name":"$datastore","type":"featureSetCollection","description":"Å_A collection of layers in the same feature service or database as $feature_______________________________________ö."},{"name":"$featureset","type":"featureSet","description":"Å_A collection of features in the same table as $feature_____________________________ö."},{"name":"$map","type":"featureSetCollection","description":"Å_A collection of feature service layers in the same map as $feature___________________________________ö."},{"name":"$formElement","type":"dictionary","description":"Å_Information associated with the form element________________________ö.","properties":[{"name":"attachmentKeyword","type":"text","description":"Å_A text value identifying the content of the attachment. When a file is attached using the form, this property can be used in determining a new filename for the attachment_______________________________________________________________________________________ö."},{"name":"label","type":"text","description":"Å_A text value indicating what the element represents___________________________ö."},{"name":"description","type":"text","description":"Å_A text value that describes the element in detail__________________________ö."}]}]},{"name":"Form calculation","id":"form-calculation","bundles":["core","data-access","geometry","portal-access","ai"],"variables":[{"name":"$feature","type":"feature","description":"Visar geoobjektattributen för användning i beräkningen"},{"name":"$originalFeature","type":"feature","description":"Tidigare status för geoobjektet som beräknas."},{"name":"$layer","type":"featureSet","description":"En samling geoobjekt i samma lager som $geoobjekt."},{"name":"$datastore","type":"featureSetCollection","description":"En samling lager i samma geoobjekttjänst eller databas som $geoobjekt."},{"name":"$featureset","type":"featureSet","description":"En samling geoobjekt i samma tabell som $geoobjekt."},{"name":"$map","type":"featureSetCollection","description":"En samling geoobjekttjänstlager i samma karta som $geoobjekt."},{"name":"$editcontext","type":"dictionary","properties":[{"name":"editType","type":"text","description":"Anger om redigeringshändelsen är INFOGA, UPPDATERA, RADERA eller NA (inte tillämplig)."}],"description":""}]},{"name":"Form Constraint","id":"form-constraint","bundles":["core","geometry","data-access","portal-access"],"variables":[{"name":"$feature","type":"feature","description":"Geoobjektet som utvärderas för begränsningen."},{"name":"$originalFeature","type":"feature","description":"Tidigare status för geoobjektet."},{"name":"$layer","type":"featureSet","description":"En samling geoobjekt i samma lager som $geoobjekt."},{"name":"$datastore","type":"featureSetCollection","description":"En samling lager i samma geoobjekttjänst eller databas som $geoobjekt."},{"name":"$featureset","type":"featureSet","description":"En samling geoobjekt i samma tabell som $geoobjekt."},{"name":"$map","type":"featureSetCollection","description":"En samling geoobjekttjänstlager i samma karta som $geoobjekt."},{"name":"$editcontext","type":"dictionary","properties":[{"name":"editType","type":"text","description":"Anger om redigeringshändelsen är INFOGA, UPPDATERA, RADERA eller NA (inte tillämplig)."}],"description":""}]},{"name":"Geoanalytics","id":"geoanalytics","bundles":["core","geometry","track"],"variables":[{"name":"$feature","type":"feature","description":"Geoobjektet som beräknas."}]},{"name":"Geotrigger notification","id":"geotrigger-notification","bundles":["core","geometry","data-access"],"variables":[{"name":"$feedFeature","type":"feature","description":"Indatageoobjektet (till exempel en enhetsplats eller ett geoobjekt) som gjorde att geotriggern aktiverades. Det här geoobjektet måste innehålla en geometri (vanligen en punkt) och ett fast schema med följande egenskaper: `course` (kursen för platsen i grader medurs, där 0 är geografisk nordpol) och `horizontalaccuracy` (den horisontella noggrannheten för platsen i meter)."},{"name":"$fenceFeature","type":"feature","description":"Staketgeoobjektet (till exempel en intressant plats) som avslutades eller påbörjades och som gjorde att Geotrigger aktiverades."},{"name":"$fenceLayer","type":"featureSet","description":"En samling geoobjekt i samma lager som $fenceFeature."},{"name":"$fenceNotificationType","type":"text","description":"En beskrivning av händelsen som uppstod - antingen \"påbörjad\" eller \"avslutad\"."}]},{"name":"Imagery popup","id":"popup-imagery","bundles":["core","geometry"],"variables":[{"name":"$pixel","type":"pixel","description":"Å_The pixel value and other pixel-dependent information (e.g. classification category), including virtual raster fields, for the imagery layer currently displayed in the view________________________________________________________________________________________ö."},{"name":"$imageCollectionItem","type":"feature","description":"Å_The metadata of the selected image collection item containing the pixel represented by `$pixel`. This value will be `null` if there is no associated image collection____________________________________________________________________________________ö."},{"name":"$view","type":"dictionary","description":"Å_Properties available from the view___________________ö.","properties":[{"name":"scale","type":"number","description":"Å_Returns the scale of the map at the time the expression evaluates__________________________________ö."},{"name":"timeProperties","type":"dictionary","properties":[{"name":"currentStart","type":"date","description":"Å_The start time of the map's time extent as indicated by a time slider component at the time the expression evaluates. This value dynamically updates (and may trigger the re-execution of the Arcade expression) when a time slider is used to update time-aware popups based on date field. A `null` value indicates the start time is inclusive since the beginning of time________________________________________________________________________________________________________________________________________________________________________________________ö."},{"name":"currentEnd","type":"date","description":"Å_The end time of the map's time extent as indicated by a time slider component at the time the expression evaluates. This value dynamically updates (and may trigger the re-execution of the Arcade expression) when a time slider is used to update time-aware popups based on date field. A `null` value indicates the end time is indefinite with no end_______________________________________________________________________________________________________________________________________________________________________________ö."},{"name":"startIncluded","type":"boolean","description":"Å_Indicates if the `currentStart` date is included in the map's current time extent__________________________________________ö."},{"name":"endIncluded","type":"boolean","description":"Å_Indicates if the `currentEnd` date is included in the map's current time extent_________________________________________ö."}],"description":""}]},{"name":"$userInput","description":"Å_A geometry representing a user's input for a popup. Typically, this represents a location where the user clicked or tapped in a map to launch a popup. There may be cases where this value is a Point, an Extent, or `null` as popups are not always opened from map interaction. Therefore, it is advised to check the geometry type of this value before it is used____________________________________________________________________________________________________________________________________________________________________________________ö.","type":"geometry"}]},{"name":"Imagery popup element","id":"popup-element-imagery","bundles":["core","geometry"],"variables":[{"name":"$pixel","type":"pixel","description":"Å_The pixel value and other pixel-dependent information (e.g. classification category), including virtual raster fields, for the imagery layer currently displayed in the view________________________________________________________________________________________ö."},{"name":"$imageCollectionItem","type":"feature","description":"Å_The metadata of the selected image collection item containing the pixel represented by `$pixel`. This value will be `null` if there is no associated image collection____________________________________________________________________________________ö."},{"name":"$view","type":"dictionary","description":"Å_Properties available from the view___________________ö.","properties":[{"name":"scale","type":"number","description":"Å_Returns the scale of the map at the time the expression evaluates__________________________________ö."},{"name":"timeProperties","type":"dictionary","properties":[{"name":"currentStart","type":"date","description":"Å_The start time of the map's time extent as indicated by a time slider component at the time the expression evaluates. This value dynamically updates (and may trigger the re-execution of the Arcade expression) when a time slider is used to update time-aware popups based on date field. A `null` value indicates the start time is inclusive since the beginning of time________________________________________________________________________________________________________________________________________________________________________________________ö."},{"name":"currentEnd","type":"date","description":"Å_The end time of the map's time extent as indicated by a time slider component at the time the expression evaluates. This value dynamically updates (and may trigger the re-execution of the Arcade expression) when a time slider is used to update time-aware popups based on date field. A `null` value indicates the end time is indefinite with no end_______________________________________________________________________________________________________________________________________________________________________________ö."},{"name":"startIncluded","type":"boolean","description":"Å_Indicates if the `currentStart` date is included in the map's current time extent__________________________________________ö."},{"name":"endIncluded","type":"boolean","description":"Å_Indicates if the `currentEnd` date is included in the map's current time extent_________________________________________ö."}],"description":""}]},{"name":"$userInput","description":"Å_A geometry representing a user's input for a popup. Typically, this represents a location where the user clicked or tapped in a map to launch a popup. There may be cases where this value is a Point, an Extent, or `null` as popups are not always opened from map interaction. Therefore, it is advised to check the geometry type of this value before it is used____________________________________________________________________________________________________________________________________________________________________________________ö.","type":"geometry"}]},{"name":"Labeling","id":"labeling","bundles":["core","geometry"],"variables":[{"name":"$feature","type":"feature","description":"Geoobjektet vars etikett ska ritas på kartan."},{"name":"$view","type":"dictionary","description":"Egenskaper tillgängliga från vyn.","properties":[{"name":"scale","type":"number","description":"Returnerar kartans skala vid tidpunkten då uttrycket utvärderas."},{"name":"timeProperties","type":"dictionary","properties":[{"name":"currentStart","type":"date","description":"Starttiden för kartans tidsutbredning enligt en tidsreglagekomponent vid tiden då uttrycket utvärderas. Det här värdet uppdateras dynamiskt (och kan utlösa en ny körning av Arcade-uttrycket) när ett tidsreglage används för att uppdatera tidskänsliga etiketter baserat på datumfält. Ett `null`-värde anger att starttiden är inklusiv sedan starttidpunkten."},{"name":"currentEnd","type":"date","description":"Sluttiden för kartans tidsutbredning enligt en tidsreglagekomponent vid tiden då uttrycket utvärderas. Det här värdet uppdateras dynamiskt (och kan utlösa en ny körning av Arcade-uttrycket) när ett tidsreglage används för att uppdatera tidskänsliga etiketter baserat på datumfält. Ett `null`-värde anger att sluttiden är obegränsad utan något slut."},{"name":"startIncluded","type":"boolean","description":"Anger om `currentStart`-datumet är inkluderat i kartans aktuella tidsutbredning."},{"name":"endIncluded","type":"boolean","description":"Anger om `currentEnd`-datumet är inkluderat i kartans aktuella tidsutbredning."}],"description":""}]}]},{"name":"Layout","id":"layout","bundles":["core","geometry"],"variables":[{"name":"$feature","type":"feature","description":"Geoobjektet vars värden kan visas i layouten."}]},{"name":"Location update constraint","id":"location-update-constraint","bundles":["core","geometry"],"variables":[{"name":"$locationupdate","type":"dictionary","description":"Platsuppdateringsgeoobjektet (till exempel från GPS) som utvärderas för begränsningen.","properties":[{"name":"course","type":"number","description":"Kursen för platsen i grader medurs, där 0 är geografisk nordpol."},{"name":"horizontalaccuracy","type":"number","description":"Den horisontella noggrannheten för platsen i meter."},{"name":"verticalaccuracy","type":"number","description":"Den vertikala noggrannheten för platsen i meter."},{"name":"velocity","type":"number","description":"Hastigheten för platsen i meter per sekund."}]}]},{"name":"Model Builder","id":"model-builder","bundles":["core","geometry","data-access","portal-access"],"variables":[{"name":"$variables","type":"dictionary","description":"En ordlista som innehåller variabelnamn och värden.","properties":[]}]},{"name":"Measure visualization","id":"measure-visualization","bundles":["core","geometry"],"variables":[{"name":"$measure","type":"number","description":"Det interpolerade M-värdet för markörens plats."},{"name":"$feature","type":"feature","description":"Geoobjektet som ska ritas på kartan."},{"name":"$view","type":"dictionary","properties":[{"name":"scale","type":"number","description":"Returnerar kartans skala vid tidpunkten då uttrycket utvärderas."}],"description":""}]},{"name":"Popup","id":"popup","bundles":["core","data-access","geometry","portal-access","knowledge-graph"],"variables":[{"name":"$feature","type":"feature","description":"Ger åtkomst till attributen och geometrin för geoobjektet vars popup-fönster visas i vyn."},{"name":"$layer","description":"En samling geoobjekt i samma lager som $geoobjektet vars popup-fönster visas i vyn.","type":"featureSet"},{"name":"$map","description":"En samling lager i samma karta som $geoobjektet vars popup-fönster visas i vyn. Det här värdet kan vara `null` i fall där ett popup-fönster inte är associerat med en karta.","type":"featureSetCollection"},{"name":"$datastore","description":"En samling lager i samma geoobjekttjänst eller databas som $geoobjektet vars popup-fönster visas i vyn.","type":"featureSetCollection"},{"name":"$userInput","description":"En geometri som representerar en användares indata för ett popup-fönster. Vanligen representerar detta en plats där användaren har klickat eller tryckt på en karta för att starta ett popup-fönster. I vissa fall kan det här värdet vara en punkt, en utbredning eller `null` eftersom popup-fönster inte alltid öppnas från interaktion med kartan. Därför bör du kontrollera geometritypen för det här värdet innan det används.","type":"geometry"},{"name":"$graph","description":"Ett kunskapsdiagram associerat med geoobjektlagret. Om inget kunskapsdiagram finns tillgängligt blir värdet `null`.","type":"knowledgeGraph"},{"name":"$view","type":"dictionary","description":"Egenskaper tillgängliga från vyn.","properties":[{"name":"scale","type":"number","description":"Returnerar kartans skala vid tidpunkten då uttrycket utvärderas."},{"name":"timeProperties","type":"dictionary","properties":[{"name":"currentStart","type":"date","description":"Starttiden för kartans tidsutbredning enligt en tidsreglagekomponent vid tiden då uttrycket utvärderas. Det här värdet uppdateras dynamiskt (och kan utlösa en ny körning av Arcade-uttrycket) när ett tidsreglage används för att uppdatera tidskänsliga popup-fönster baserat på datumfält. Ett `null`-värde anger att starttiden är inklusiv sedan starttidpunkten."},{"name":"currentEnd","type":"date","description":"Sluttiden för kartans tidsutbredning enligt en tidsreglagekomponent vid tiden då uttrycket utvärderas. Det här värdet uppdateras dynamiskt (och kan utlösa en ny körning av Arcade-uttrycket) när ett tidsreglage används för att uppdatera tidskänsliga popup-fönster baserat på datumfält. Ett `null`-värde anger att sluttiden är obegränsad utan något slut."},{"name":"startIncluded","type":"boolean","description":"Anger om `currentStart`-datumet är inkluderat i kartans aktuella tidsutbredning."},{"name":"endIncluded","type":"boolean","description":"Anger om `currentEnd`-datumet är inkluderat i kartans aktuella tidsutbredning."}],"description":""}]}]},{"name":"Popup element","id":"popup-element","bundles":["core","data-access","geometry","portal-access","knowledge-graph"],"variables":[{"name":"$feature","type":"feature","description":"Ger åtkomst till attributen och geometrin för geoobjektet vars popup-fönster visas i vyn."},{"name":"$layer","description":"En samling geoobjekt i samma lager som $geoobjektet vars popup-fönster visas i vyn.","type":"featureSet"},{"name":"$map","description":"En samling lager i samma karta som $geoobjektet vars popup-fönster visas i vyn. Det här värdet kan vara `null` i fall där ett popup-fönster inte är associerat med en karta.","type":"featureSetCollection"},{"name":"$datastore","description":"En samling lager i samma geoobjekttjänst eller databas som $geoobjektet vars popup-fönster visas i vyn.","type":"featureSetCollection"},{"name":"$userInput","description":"En geometri som representerar en användares indata för ett popup-fönster. Vanligen representerar detta en plats där användaren har klickat eller tryckt på en karta för att starta ett popup-fönster. I vissa fall kan det här värdet vara en punkt, en utbredning eller `null` eftersom popup-fönster inte alltid öppnas från interaktion med kartan. Därför bör du kontrollera geometritypen för det här värdet innan det används.","type":"geometry"},{"name":"$graph","description":"Ett kunskapsdiagram associerat med geoobjektlagret. Om inget kunskapsdiagram finns tillgängligt blir värdet `null`.","type":"knowledgeGraph"},{"name":"$view","type":"dictionary","description":"Egenskaper tillgängliga från vyn.","properties":[{"name":"scale","type":"number","description":"Returnerar kartans skala vid tidpunkten då uttrycket utvärderas."},{"name":"timeProperties","type":"dictionary","properties":[{"name":"currentStart","type":"date","description":"Starttiden för kartans tidsutbredning enligt en tidsreglagekomponent vid tiden då uttrycket utvärderas. Det här värdet uppdateras dynamiskt (och kan utlösa en ny körning av Arcade-uttrycket) när ett tidsreglage används för att uppdatera tidskänsliga popup-fönster baserat på datumfält. Ett `null`-värde anger att starttiden är inklusiv sedan starttidpunkten."},{"name":"currentEnd","type":"date","description":"Sluttiden för kartans tidsutbredning enligt en tidsreglagekomponent vid tiden då uttrycket utvärderas. Det här värdet uppdateras dynamiskt (och kan utlösa en ny körning av Arcade-uttrycket) när ett tidsreglage används för att uppdatera tidskänsliga popup-fönster baserat på datumfält. Ett `null`-värde anger att sluttiden är obegränsad utan något slut."},{"name":"startIncluded","type":"boolean","description":"Anger om `currentStart`-datumet är inkluderat i kartans aktuella tidsutbredning."},{"name":"endIncluded","type":"boolean","description":"Anger om `currentEnd`-datumet är inkluderat i kartans aktuella tidsutbredning."}],"description":""}]}]},{"name":"Popup feature reduction","id":"popup-feature-reduction","bundles":["core","data-access","geometry","portal-access"],"variables":[{"name":"$feature","type":"feature","description":"Ger åtkomst till de aggregerade fälten som definieras i antingen klustrings- eller grupperingspopup-fönster."},{"name":"$aggregatedFeatures","description":"Ett FeatureSet som innehåller alla geobjekt som representeras av klustret eller klassen.","type":"featureSet"},{"name":"$view","type":"dictionary","description":"Egenskaper tillgängliga från vyn.","properties":[{"name":"scale","type":"number","description":"Returnerar kartans skala vid tidpunkten då uttrycket utvärderas."},{"name":"timeProperties","type":"dictionary","properties":[{"name":"currentStart","type":"date","description":"Starttiden för kartans tidsutbredning enligt en tidsreglagekomponent vid tiden då uttrycket utvärderas. Det här värdet uppdateras dynamiskt (och kan utlösa en ny körning av Arcade-uttrycket) när ett tidsreglage används för att uppdatera tidskänsliga popup-fönster baserat på datumfält. Ett `null`-värde anger att starttiden är inklusiv sedan starttidpunkten."},{"name":"currentEnd","type":"date","description":"Sluttiden för kartans tidsutbredning enligt en tidsreglagekomponent vid tiden då uttrycket utvärderas. Det här värdet uppdateras dynamiskt (och kan utlösa en ny körning av Arcade-uttrycket) när ett tidsreglage används för att uppdatera tidskänsliga popup-fönster baserat på datumfält. Ett `null`-värde anger att sluttiden är obegränsad utan något slut."},{"name":"startIncluded","type":"boolean","description":"Anger om `currentStart`-datumet är inkluderat i kartans aktuella tidsutbredning."},{"name":"endIncluded","type":"boolean","description":"Anger om `currentEnd`-datumet är inkluderat i kartans aktuella tidsutbredning."}],"description":""}]}]},{"name":"Popup element feature reduction","id":"popup-element-feature-reduction","bundles":["core","data-access","geometry","portal-access"],"variables":[{"name":"$feature","type":"feature","description":"Ger åtkomst till de aggregerade fälten som definieras i antingen klustrings- eller grupperingspopup-fönster."},{"name":"$aggregatedFeatures","description":"Ett FeatureSet som innehåller alla geobjekt som representeras av klustret eller klassen.","type":"featureSet"},{"name":"$view","type":"dictionary","description":"Egenskaper tillgängliga från vyn.","properties":[{"name":"scale","type":"number","description":"Returnerar kartans skala vid tidpunkten då uttrycket utvärderas."},{"name":"timeProperties","type":"dictionary","properties":[{"name":"currentStart","type":"date","description":"Starttiden för kartans tidsutbredning enligt en tidsreglagekomponent vid tiden då uttrycket utvärderas. Det här värdet uppdateras dynamiskt (och kan utlösa en ny körning av Arcade-uttrycket) när ett tidsreglage används för att uppdatera tidskänsliga popup-fönster baserat på datumfält. Ett `null`-värde anger att starttiden är inklusiv sedan starttidpunkten."},{"name":"currentEnd","type":"date","description":"Sluttiden för kartans tidsutbredning enligt en tidsreglagekomponent vid tiden då uttrycket utvärderas. Det här värdet uppdateras dynamiskt (och kan utlösa en ny körning av Arcade-uttrycket) när ett tidsreglage används för att uppdatera tidskänsliga popup-fönster baserat på datumfält. Ett `null`-värde anger att sluttiden är obegränsad utan något slut."},{"name":"startIncluded","type":"boolean","description":"Anger om `currentStart`-datumet är inkluderat i kartans aktuella tidsutbredning."},{"name":"endIncluded","type":"boolean","description":"Anger om `currentEnd`-datumet är inkluderat i kartans aktuella tidsutbredning."}],"description":""}]}]},{"name":"Quick Capture","id":"quick-capture","bundles":["core","data-access","geometry","portal-access"],"variables":[{"name":"$feature","type":"feature","description":"Visar geoobjektattributen för användning i beräkningen."},{"name":"$layer","type":"featureSet","description":"En samling geoobjekt i samma lager som $geoobjekt."},{"name":"$datastore","type":"featureSetCollection","description":"En samling lager i samma geoobjekttjänst eller databas som $geoobjekt."},{"name":"$map","type":"featureSetCollection","description":"En samling geoobjekttjänstlager i kartan som används av QuickCapture-projektet. Denna variabel kan vara `null`."}]},{"name":"Tasks","id":"tasks","bundles":["core","data-access","geometry","portal-access"],"variables":[{"name":"$feature","description":"Geoobjektet som utvärderas av uppgiften.","type":"feature"},{"name":"$datastore","description":"En samling lager i samma geoobjekttjänst eller databas som $geoobjektet som utvärderas av uppgiften.","type":"featureSetCollection"}]},{"name":"Velocity","id":"velocity","bundles":["core","geometry","track"],"variables":[{"name":"$feature","type":"feature","description":"Geoobjektet som beräknas, utvärderas eller bearbetas i analysverktyg med enskilda indata."},{"name":"$target","type":"feature","description":"Geoobjektet som utvärderas för filtrering eller berikning i analysverktyg med två indatavärden."},{"name":"$join","type":"feature","description":"Geoobjektet som tillhandahåller värden för utvärdering eller beräkning av målgeoobjektet i analysverktyg med två indatavärden."},{"name":"$analytic","type":"dictionary","description":"Tidsvärden associerade med analysen som starttid, senaste sluttid, etc.","properties":[]}]},{"name":"Visualization","id":"visualization","bundles":["core","geometry"],"variables":[{"name":"$feature","description":"Geoobjektet som ska ritas på kartan.","type":"feature"},{"name":"$view","type":"dictionary","description":"Egenskaper tillgängliga från vyn.","properties":[{"name":"scale","type":"number","description":"Returnerar kartans skala vid tidpunkten då uttrycket utvärderas."},{"name":"timeProperties","type":"dictionary","properties":[{"name":"currentStart","type":"date","description":"Starttiden för kartans tidsutbredning enligt en tidsreglagekomponent vid tiden då uttrycket utvärderas. Det här värdet uppdateras dynamiskt (och kan utlösa en ny körning av Arcade-uttrycket) när ett tidsreglage används för att uppdatera tidskänsliga visualiseringar baserat på datumfält. Ett `null`-värde anger att starttiden är inklusiv sedan starttidpunkten."},{"name":"currentEnd","type":"date","description":"Sluttiden för kartans tidsutbredning enligt en tidsreglagekomponent vid tiden då uttrycket utvärderas. Det här värdet uppdateras dynamiskt (och kan utlösa en ny körning av Arcade-uttrycket) när ett tidsreglage används för att uppdatera tidskänsliga visualiseringar baserat på datumfält. Ett `null`-värde anger att sluttiden är obegränsad utan något slut."},{"name":"startIncluded","type":"boolean","description":"Anger om `currentStart`-datumet är inkluderat i kartans aktuella tidsutbredning."},{"name":"endIncluded","type":"boolean","description":"Anger om `currentEnd`-datumet är inkluderat i kartans aktuella tidsutbredning."}],"description":""}]}]},{"name":"Voxel popup","id":"popup-voxel","bundles":["core"],"variables":[{"name":"$voxel","type":"voxel","description":"Ger åtkomst till attributen för voxeln vars popup-fönster visas i scenen."}]},{"name":"Voxel popup element","id":"popup-element-voxel","bundles":["core"],"variables":[{"name":"$voxel","type":"voxel","description":"Ger åtkomst till attributen för voxeln vars popup-fönster visas i scenen."}]}]