[{"name":"Minimalist","id":"minimalist","bundles":["core","data-access","geometry","portal-access"],"variables":[]},{"name":"Aggregate Field","id":"aggregate-field","bundles":["core","geometry"],"variables":[{"name":"$feature","description":"Et individuelt objekt, der er medtaget i et aggregeret objekt. Dette giver adgang til alle objektets feltattributter.","type":"feature"}]},{"name":"Alias","id":"alias","bundles":["core","geometry"],"variables":[{"name":"$value","type":"number","description":"Den numeriske værdi, for hvilken der ønskes et tekstalias."},{"name":"$feature","type":"feature","description":"Det objekt, for hvilket der ønskes et tekstalias."}]},{"name":"Attribute rule calculation","id":"attribute-rule-calculation","bundles":["core","data-access","database","geometry","portal-access","ai"],"variables":[{"name":"$feature","type":"feature","description":"Det objekt, der beregnes."},{"name":"$originalFeature","type":"feature","description":"Den tidligere tilstand af det objekt, der beregnes."},{"name":"$featureSet","type":"featureSet","description":"En samling objekter i den samme tabel som det $feature, der evaluerer udtrykket."},{"name":"$datastore","type":"featureSetCollection","description":"En samling af lag i den samme objekttjeneste eller database som det $feature, der udfører scriptet."},{"name":"$editcontext","type":"dictionary","properties":[{"name":"editType","type":"text","description":"Angiver, om redigeringshændelser er INSERT, UPDATE, DELETE eller NA (not applicable (ikke relevant))."}],"description":""}]},{"name":"Attribute rule constraint","id":"attribute-rule-constraint","bundles":["core","data-access","geometry","portal-access"],"variables":[{"name":"$feature","type":"feature","description":"Det objekt, der beregnes."},{"name":"$originalFeature","type":"feature","description":"Den tidligere tilstand af det objekt, der beregnes."},{"name":"$featureSet","type":"featureSet","description":"En samling objekter i den samme tabel som det $feature, der evaluerer udtrykket."},{"name":"$datastore","type":"featureSetCollection","description":"En samling af lag i den samme objekttjeneste eller database som det $feature, der udfører scriptet."},{"name":"$editcontext","type":"dictionary","properties":[{"name":"editType","type":"text","description":"Angiver, om redigeringshændelser er INSERT, UPDATE, DELETE eller NA (not applicable (ikke relevant))."}],"description":""}]},{"name":"Attribute rule validation","id":"attribute-rule-validation","bundles":["core","data-access","geometry","portal-access"],"variables":[{"name":"$feature","type":"feature","description":"Det objekt, der beregnes."},{"name":"$featureSet","type":"featureSet","description":"En samling objekter i den samme tabel som det $feature, der evaluerer udtrykket."},{"name":"$datastore","type":"featureSetCollection","description":"En samling af lag i den samme objekttjeneste eller database som det $feature, der udfører scriptet."}]},{"name":"Dashboard indicator formatting","id":"dashboard-indicator-formatting","bundles":["core"],"variables":[{"name":"$datapoint","type":"feature","description":"Det datapunkt, der evalueres for det visuelle element."},{"name":"$reference","type":"dictionary","description":"Den referenceværdi, der evalueres for det visuelle element.","properties":[]}]},{"name":"Dashboard list formatting","id":"dashboard-list-formatting","bundles":["core"],"variables":[{"name":"$datapoint","type":"feature","description":"Det datapunkt, der evalueres for det visuelle element."}]},{"name":"Dashboard table formatting","id":"dashboard-table-formatting","bundles":["core"],"variables":[{"name":"$datapoint","type":"feature","description":"Det datapunkt, der evalueres for det visuelle element."},{"name":"$rowindex","type":"number","description":"Positionen af en række i tabellen (nulbaseret)."}]},{"name":"Dashboard data","id":"dashboard-data","bundles":["core","geometry","data-access","portal-access","knowledge-graph"],"variables":[]},{"name":"Data Pipelines","id":"data-pipelines","bundles":["core"],"variables":[{"name":"$record","type":"dictionary","description":"Giver adgang til attribut-/feltværdier for den post, der beregnes.","properties":[]}]},{"name":"Dictionary renderer","id":"dictionary-renderer","bundles":["core","geometry"],"variables":[{"name":"$feature","type":"feature","description":"Det objekt, der skal tegnes på kortet."},{"name":"$config","type":"dictionary","description":"En ordbog over konfigurationsværdier.","properties":[]}]},{"name":"Experience Builder data","id":"experience-builder-data","bundles":["core","data-access","geometry","portal-access"],"variables":[]},{"name":"Experience Builder list item widget formatting","id":"experience-builder-list-item-widget-formatting","bundles":["core"],"variables":[{"name":"$feature","type":"feature","description":"Repræsenterer objektet i listeelementet."}]},{"name":"Experience Builder widget formatting","id":"experience-builder-widget-formatting","bundles":["core","data-access"],"variables":[{"name":"$dataSources","type":"dictionary","description":"De datakilder, der anvendes af den pågældende widget. Dette er en ordbog, der indeholder nøgleværdi-par, hvor hver nøgle er et datakilde-id (f.eks. \"dataSource_1-187acf797e1-layer-5-selection\").","properties":[]}]},{"name":"Feature Display Title","id":"feature-display-title","bundles":["core"],"variables":[{"name":"$feature","type":"feature","description":"Det objekt – eller den række – der skal vises en titel for i brugergrænsefladen."}]},{"name":"Feature Z","id":"feature-z","bundles":["core","geometry"],"variables":[{"name":"$feature","type":"feature","description":"Det objekt, der kræver en Z-værdi."}]},{"name":"Field calculation","id":"field-calculation","bundles":["core","data-access","geometry","portal-access","knowledge-graph","ai"],"variables":[{"name":"$feature","type":"feature","description":"Det objekt, der beregnes."},{"name":"$datastore","type":"featureSetCollection","description":"En samling af lag i den samme objekttjeneste eller database som det $feature, der udfører beregningen."}]},{"name":"Field mapping","id":"field-mapping","bundles":["core","data-access","geometry","portal-access"],"variables":[{"name":"$sourceFeature","type":"feature","description":"Kildeobjektet til feltkortet."},{"name":"$targetFeature","type":"feature","description":"Målobjektet for feltkortet."},{"name":"$sourceLayer","type":"featureSet","description":"En samling af objekter i det samme lag som $sourcefeature."},{"name":"$targetLayer","type":"featureSet","description":"En samling af objekter i det samme lag som $targetfeature."},{"name":"$map","type":"featureSetCollection","description":"En samling af lag på kortet for det arcade-udtryk, der udføres."},{"name":"$sourceDatastore","type":"featureSetCollection","description":"En samling af lag i det samme datalager som $sourcelayer."},{"name":"$targetDatastore","type":"featureSetCollection","description":"En samling af lag i det samme datalager som $targetlayer."}]},{"name":"Form Attachment Filename Calculation","id":"form-attachment-filename-calculation","bundles":["core","data-access","geometry","portal-access"],"variables":[{"name":"$feature","type":"feature","description":"ø_The feature being calculated______________________________å."},{"name":"$originalFeature","type":"feature","description":"ø_The previous state of the feature being calculated___________________________å."},{"name":"$layer","type":"featureSet","description":"ø_A collection of features in the same layer as $feature_____________________________å."},{"name":"$datastore","type":"featureSetCollection","description":"ø_A collection of layers in the same feature service or database as $feature_______________________________________å."},{"name":"$featureset","type":"featureSet","description":"ø_A collection of features in the same table as $feature_____________________________å."},{"name":"$map","type":"featureSetCollection","description":"ø_A collection of feature service layers in the same map as $feature___________________________________å."},{"name":"$formElement","type":"dictionary","description":"ø_Information associated with the form element________________________å.","properties":[{"name":"attachmentKeyword","type":"text","description":"ø_A text value identifying the content of the attachment. When a file is attached using the form, this property can be used in determining a new filename for the attachment_______________________________________________________________________________________å."},{"name":"label","type":"text","description":"ø_A text value indicating what the element represents___________________________å."},{"name":"description","type":"text","description":"ø_A text value that describes the element in detail__________________________å."}]}]},{"name":"Form calculation","id":"form-calculation","bundles":["core","data-access","geometry","portal-access","ai"],"variables":[{"name":"$feature","type":"feature","description":"Viser objektets attributter, der skal bruges i beregningen"},{"name":"$originalFeature","type":"feature","description":"Den tidligere tilstand af det objekt, der beregnes."},{"name":"$layer","type":"featureSet","description":"En samling af objekter i det samme lag som $feature."},{"name":"$datastore","type":"featureSetCollection","description":"En samling af lag i den samme objekttjeneste eller database som $feature."},{"name":"$featureset","type":"featureSet","description":"En samling af objekter i den samme tabel som $feature."},{"name":"$map","type":"featureSetCollection","description":"En samling af objekttjenestelag på det samme kort som $feature."},{"name":"$editcontext","type":"dictionary","properties":[{"name":"editType","type":"text","description":"Angiver, om redigeringshændelser er INSERT, UPDATE, DELETE eller NA (not applicable (ikke relevant))."}],"description":""}]},{"name":"Form Constraint","id":"form-constraint","bundles":["core","geometry","data-access","portal-access"],"variables":[{"name":"$feature","type":"feature","description":"Det objekt, der evalueres for begrænsningen."},{"name":"$originalFeature","type":"feature","description":"Objektets tidligere tilstand."},{"name":"$layer","type":"featureSet","description":"En samling af objekter i det samme lag som $feature."},{"name":"$datastore","type":"featureSetCollection","description":"En samling af lag i den samme objekttjeneste eller database som $feature."},{"name":"$featureset","type":"featureSet","description":"En samling af objekter i den samme tabel som $feature."},{"name":"$map","type":"featureSetCollection","description":"En samling af objekttjenestelag på det samme kort som $feature."},{"name":"$editcontext","type":"dictionary","properties":[{"name":"editType","type":"text","description":"Angiver, om redigeringshændelser er INSERT, UPDATE, DELETE eller NA (not applicable (ikke relevant))."}],"description":""}]},{"name":"Geoanalytics","id":"geoanalytics","bundles":["core","geometry","track"],"variables":[{"name":"$feature","type":"feature","description":"Det objekt, der beregnes."}]},{"name":"Geotrigger notification","id":"geotrigger-notification","bundles":["core","geometry","data-access"],"variables":[{"name":"$feedFeature","type":"feature","description":"Det inputobjekt (f.eks. en enhedsplacering eller et objekt), der fik geoudløseren til at blive aktiveret. Dette objekt skal indeholde en geometri (normalt et punkt) og et fast skema med følgende egenskaber: `course` (kursen på positionen i grader (med uret), hvor 0 er geografisk nord) og `horizontalaccuracy` (positionens horisontale præcision i meter)."},{"name":"$fenceFeature","type":"feature","description":"Hegnobjektet (f.eks. et interesseområde), der er gået ind i eller ud af, og som fik geoudløseren til at blive aktiveret."},{"name":"$fenceLayer","type":"featureSet","description":"En samling af objekter i det samme lag som $fenceFeature."},{"name":"$fenceNotificationType","type":"text","description":"En beskrivelse af hændelsen, der forekom – enten \"gået ind i\" eller \"gået ud af\"."}]},{"name":"Imagery popup","id":"popup-imagery","bundles":["core","geometry"],"variables":[{"name":"$pixel","type":"pixel","description":"ø_The pixel value and other pixel-dependent information (e.g. classification category), including virtual raster fields, for the imagery layer currently displayed in the view________________________________________________________________________________________å."},{"name":"$imageCollectionItem","type":"feature","description":"ø_The metadata of the selected image collection item containing the pixel represented by `$pixel`. This value will be `null` if there is no associated image collection____________________________________________________________________________________å."},{"name":"$view","type":"dictionary","description":"ø_Properties available from the view___________________å.","properties":[{"name":"scale","type":"number","description":"ø_Returns the scale of the map at the time the expression evaluates__________________________________å."},{"name":"timeProperties","type":"dictionary","properties":[{"name":"currentStart","type":"date","description":"ø_The start time of the map's time extent as indicated by a time slider component at the time the expression evaluates. This value dynamically updates (and may trigger the re-execution of the Arcade expression) when a time slider is used to update time-aware popups based on date field. A `null` value indicates the start time is inclusive since the beginning of time________________________________________________________________________________________________________________________________________________________________________________________å."},{"name":"currentEnd","type":"date","description":"ø_The end time of the map's time extent as indicated by a time slider component at the time the expression evaluates. This value dynamically updates (and may trigger the re-execution of the Arcade expression) when a time slider is used to update time-aware popups based on date field. A `null` value indicates the end time is indefinite with no end_______________________________________________________________________________________________________________________________________________________________________________å."},{"name":"startIncluded","type":"boolean","description":"ø_Indicates if the `currentStart` date is included in the map's current time extent__________________________________________å."},{"name":"endIncluded","type":"boolean","description":"ø_Indicates if the `currentEnd` date is included in the map's current time extent_________________________________________å."}],"description":""}]},{"name":"$userInput","description":"ø_A geometry representing a user's input for a popup. Typically, this represents a location where the user clicked or tapped in a map to launch a popup. There may be cases where this value is a Point, an Extent, or `null` as popups are not always opened from map interaction. Therefore, it is advised to check the geometry type of this value before it is used____________________________________________________________________________________________________________________________________________________________________________________å.","type":"geometry"}]},{"name":"Imagery popup element","id":"popup-element-imagery","bundles":["core","geometry"],"variables":[{"name":"$pixel","type":"pixel","description":"ø_The pixel value and other pixel-dependent information (e.g. classification category), including virtual raster fields, for the imagery layer currently displayed in the view________________________________________________________________________________________å."},{"name":"$imageCollectionItem","type":"feature","description":"ø_The metadata of the selected image collection item containing the pixel represented by `$pixel`. This value will be `null` if there is no associated image collection____________________________________________________________________________________å."},{"name":"$view","type":"dictionary","description":"ø_Properties available from the view___________________å.","properties":[{"name":"scale","type":"number","description":"ø_Returns the scale of the map at the time the expression evaluates__________________________________å."},{"name":"timeProperties","type":"dictionary","properties":[{"name":"currentStart","type":"date","description":"ø_The start time of the map's time extent as indicated by a time slider component at the time the expression evaluates. This value dynamically updates (and may trigger the re-execution of the Arcade expression) when a time slider is used to update time-aware popups based on date field. A `null` value indicates the start time is inclusive since the beginning of time________________________________________________________________________________________________________________________________________________________________________________________å."},{"name":"currentEnd","type":"date","description":"ø_The end time of the map's time extent as indicated by a time slider component at the time the expression evaluates. This value dynamically updates (and may trigger the re-execution of the Arcade expression) when a time slider is used to update time-aware popups based on date field. A `null` value indicates the end time is indefinite with no end_______________________________________________________________________________________________________________________________________________________________________________å."},{"name":"startIncluded","type":"boolean","description":"ø_Indicates if the `currentStart` date is included in the map's current time extent__________________________________________å."},{"name":"endIncluded","type":"boolean","description":"ø_Indicates if the `currentEnd` date is included in the map's current time extent_________________________________________å."}],"description":""}]},{"name":"$userInput","description":"ø_A geometry representing a user's input for a popup. Typically, this represents a location where the user clicked or tapped in a map to launch a popup. There may be cases where this value is a Point, an Extent, or `null` as popups are not always opened from map interaction. Therefore, it is advised to check the geometry type of this value before it is used____________________________________________________________________________________________________________________________________________________________________________________å.","type":"geometry"}]},{"name":"Labeling","id":"labeling","bundles":["core","geometry"],"variables":[{"name":"$feature","type":"feature","description":"Det objekt, hvis etiket tegnes på kortet."},{"name":"$view","type":"dictionary","description":"Egenskaber, der er tilgængelige i visningen.","properties":[{"name":"scale","type":"number","description":"Returnerer til skalaen af kortet på det tidspunkt, hvor udtrykket evalueres."},{"name":"timeProperties","type":"dictionary","properties":[{"name":"currentStart","type":"date","description":"Starttidspunktet for kortets tidsudstrækning som angivet af tidsskyderkomponenten på det tidspunkt, hvor udtrykket evalueres. Værdien opdateres dynamisk (og kan udløse genudførelsen af Arcade-udtrykket), når en tidsskyder bruges til at opdatere tidsfølsommede etiketter baseret på datofeltet. En `null`-værdi angiver, at starttidspunktet er inklusive, fordi det er starten på tiden."},{"name":"currentEnd","type":"date","description":"Sluttidspunktet for kortets tidsudstrækning som angivet af tidsskyderkomponenten på det tidspunkt, hvor udtrykket evalueres. Værdien opdateres dynamisk (og kan udløse genudførelsen af Arcade-udtrykket), når en tidsskyder bruges til at opdatere tidsfølsommede etiketter baseret på datofeltet. En `null`-værdi angiver, at sluttidspunktet er uendeligt og uden tidsbegrænsning."},{"name":"startIncluded","type":"boolean","description":"Angiver, om datoen `currentStart` er inkluderet i kortets aktuelle tidsudstrækning."},{"name":"endIncluded","type":"boolean","description":"Angiver, om datoen `currentEnd` er inkluderet i kortets aktuelle tidsudstrækning."}],"description":""}]}]},{"name":"Layout","id":"layout","bundles":["core","geometry"],"variables":[{"name":"$feature","type":"feature","description":"Det objekt, hvis værdier vises i layoutet."}]},{"name":"Location update constraint","id":"location-update-constraint","bundles":["core","geometry"],"variables":[{"name":"$locationupdate","type":"dictionary","description":"Det stedopdateringsobjekt (f.eks. fra GPS), der evalueres i forhold til begrænsningen.","properties":[{"name":"course","type":"number","description":"Kursen på stedet i grader (med uret), hvor 0 er direkte nord."},{"name":"horizontalaccuracy","type":"number","description":"Den horisontale nøjagtighed af stedet i meter."},{"name":"verticalaccuracy","type":"number","description":"Den vertikale nøjagtighed af stedet i meter."},{"name":"velocity","type":"number","description":"Hastigheden af stedet i meter pr. sekund."}]}]},{"name":"Model Builder","id":"model-builder","bundles":["core","geometry","data-access","portal-access"],"variables":[{"name":"$variables","type":"dictionary","description":"En ordbog, der indeholder navne og værdier på variabler.","properties":[]}]},{"name":"Measure visualization","id":"measure-visualization","bundles":["core","geometry"],"variables":[{"name":"$measure","type":"number","description":"Den interpolerede M-værdi for markeringsstedet."},{"name":"$feature","type":"feature","description":"Det objekt, der skal tegnes på kortet."},{"name":"$view","type":"dictionary","properties":[{"name":"scale","type":"number","description":"Returnerer til skalaen af kortet på det tidspunkt, hvor udtrykket evalueres."}],"description":""}]},{"name":"Popup","id":"popup","bundles":["core","data-access","geometry","portal-access","knowledge-graph"],"variables":[{"name":"$feature","type":"feature","description":"Giver adgang til attributterne og geometrien for det objekt, hvis pop op-vindue vises i visningen."},{"name":"$layer","description":"En samling af lag i det samme lag som det $feature, hvis pop op-vindue vises i visningen.","type":"featureSet"},{"name":"$map","description":"En samling af lag på det samme kort som det $feature, hvis pop op-vindue vises i visningen. Denne værdi kan være null, hvis en popup-meddelelse ikke er tilknyttet et kort.","type":"featureSetCollection"},{"name":"$datastore","description":"En samling af lag i den samme objekttjeneste eller database som det $feature, hvis pop op-vindues vises i visningen.","type":"featureSetCollection"},{"name":"$userInput","description":"En geometri, der repræsenterer brugerens input til en popup. Dette repræsenterer typisk et sted, hvor brugeren klikkede eller trykkede på et kort for at starte en popup. Der kan være tilfælde, hvor denne værdi er et punkt, en udstrækning eller null, da popups ikke altid åbnes via kortinteraktion. Det tilrådes derefter at kontrollere denne værdis geometritype, før den bruges.","type":"geometry"},{"name":"$graph","description":"En knowledge graph tilknyttet objektet. Hvis der ikke er en tilgængelig knowledge graph, er værdien null.","type":"knowledgeGraph"},{"name":"$view","type":"dictionary","description":"Egenskaber, der er tilgængelige i visningen.","properties":[{"name":"scale","type":"number","description":"Returnerer til skalaen af kortet på det tidspunkt, hvor udtrykket evalueres."},{"name":"timeProperties","type":"dictionary","properties":[{"name":"currentStart","type":"date","description":"Starttidspunktet for kortets tidsudstrækning som angivet af tidsskyderkomponenten på det tidspunkt, hvor udtrykket evalueres. Værdien opdateres dynamisk (og kan udløse genudførelsen af Arcade-udtrykket), når en tidsskyder bruges til at opdatere tidsfølsommede pop-ops baseret på datofeltet. En `null`-værdi angiver, at starttidspunktet er inklusive, fordi det er starten på tiden."},{"name":"currentEnd","type":"date","description":"Sluttidspunktet for kortets tidsudstrækning som angivet af tidsskyderkomponenten på det tidspunkt, hvor udtrykket evalueres. Værdien opdateres dynamisk (og kan udløse genudførelsen af Arcade-udtrykket), når en tidsskyder bruges til at opdatere tidsfølsommede pop-ops baseret på datofeltet. En `null`-værdi angiver, at sluttidspunktet er uendeligt og uden tidsbegrænsning."},{"name":"startIncluded","type":"boolean","description":"Angiver, om datoen `currentStart` er inkluderet i kortets aktuelle tidsudstrækning."},{"name":"endIncluded","type":"boolean","description":"Angiver, om datoen `currentEnd` er inkluderet i kortets aktuelle tidsudstrækning."}],"description":""}]}]},{"name":"Popup element","id":"popup-element","bundles":["core","data-access","geometry","portal-access","knowledge-graph"],"variables":[{"name":"$feature","type":"feature","description":"Giver adgang til attributterne og geometrien for det objekt, hvis pop op-vindue vises i visningen."},{"name":"$layer","description":"En samling af lag i det samme lag som det $feature, hvis pop op-vindue vises i visningen.","type":"featureSet"},{"name":"$map","description":"En samling af lag på det samme kort som det $feature, hvis pop op-vindue vises i visningen. Denne værdi kan være null, hvis en popup-meddelelse ikke er tilknyttet et kort.","type":"featureSetCollection"},{"name":"$datastore","description":"En samling af lag i den samme objekttjeneste eller database som det $feature, hvis pop op-vindues vises i visningen.","type":"featureSetCollection"},{"name":"$userInput","description":"En geometri, der repræsenterer brugerens input til en popup. Dette repræsenterer typisk et sted, hvor brugeren klikkede eller trykkede på et kort for at starte en popup. Der kan være tilfælde, hvor denne værdi er et punkt, en udstrækning eller null, da popups ikke altid åbnes via kortinteraktion. Det tilrådes derefter at kontrollere denne værdis geometritype, før den bruges.","type":"geometry"},{"name":"$graph","description":"En knowledge graph tilknyttet objektet. Hvis der ikke er en tilgængelig knowledge graph, er værdien null.","type":"knowledgeGraph"},{"name":"$view","type":"dictionary","description":"Egenskaber, der er tilgængelige i visningen.","properties":[{"name":"scale","type":"number","description":"Returnerer til skalaen af kortet på det tidspunkt, hvor udtrykket evalueres."},{"name":"timeProperties","type":"dictionary","properties":[{"name":"currentStart","type":"date","description":"Starttidspunktet for kortets tidsudstrækning som angivet af tidsskyderkomponenten på det tidspunkt, hvor udtrykket evalueres. Værdien opdateres dynamisk (og kan udløse genudførelsen af Arcade-udtrykket), når en tidsskyder bruges til at opdatere tidsfølsommede pop-ops baseret på datofeltet. En `null`-værdi angiver, at starttidspunktet er inklusive, fordi det er starten på tiden."},{"name":"currentEnd","type":"date","description":"Sluttidspunktet for kortets tidsudstrækning som angivet af tidsskyderkomponenten på det tidspunkt, hvor udtrykket evalueres. Værdien opdateres dynamisk (og kan udløse genudførelsen af Arcade-udtrykket), når en tidsskyder bruges til at opdatere tidsfølsommede pop-ops baseret på datofeltet. En `null`-værdi angiver, at sluttidspunktet er uendeligt og uden tidsbegrænsning."},{"name":"startIncluded","type":"boolean","description":"Angiver, om datoen `currentStart` er inkluderet i kortets aktuelle tidsudstrækning."},{"name":"endIncluded","type":"boolean","description":"Angiver, om datoen `currentEnd` er inkluderet i kortets aktuelle tidsudstrækning."}],"description":""}]}]},{"name":"Popup feature reduction","id":"popup-feature-reduction","bundles":["core","data-access","geometry","portal-access"],"variables":[{"name":"$feature","type":"feature","description":"Giver adgang til de aggregeringsfelter, der er defineret i pop op-vinduer for enten klynger eller placering af data i beholdere."},{"name":"$aggregatedFeatures","description":"Et FeatureSet, der indeholder alle de objekter, der repræsenteres af klyngen eller beholderen.","type":"featureSet"},{"name":"$view","type":"dictionary","description":"Egenskaber, der er tilgængelige i visningen.","properties":[{"name":"scale","type":"number","description":"Returnerer til skalaen af kortet på det tidspunkt, hvor udtrykket evalueres."},{"name":"timeProperties","type":"dictionary","properties":[{"name":"currentStart","type":"date","description":"Starttidspunktet for kortets tidsudstrækning som angivet af tidsskyderkomponenten på det tidspunkt, hvor udtrykket evalueres. Værdien opdateres dynamisk (og kan udløse genudførelsen af Arcade-udtrykket), når en tidsskyder bruges til at opdatere tidsfølsommede pop-ops baseret på datofeltet. En `null`-værdi angiver, at starttidspunktet er inklusive, fordi det er starten på tiden."},{"name":"currentEnd","type":"date","description":"Sluttidspunktet for kortets tidsudstrækning som angivet af tidsskyderkomponenten på det tidspunkt, hvor udtrykket evalueres. Værdien opdateres dynamisk (og kan udløse genudførelsen af Arcade-udtrykket), når en tidsskyder bruges til at opdatere tidsfølsommede pop-ops baseret på datofeltet. En `null`-værdi angiver, at sluttidspunktet er uendeligt og uden tidsbegrænsning."},{"name":"startIncluded","type":"boolean","description":"Angiver, om datoen `currentStart` er inkluderet i kortets aktuelle tidsudstrækning."},{"name":"endIncluded","type":"boolean","description":"Angiver, om datoen `currentEnd` er inkluderet i kortets aktuelle tidsudstrækning."}],"description":""}]}]},{"name":"Popup element feature reduction","id":"popup-element-feature-reduction","bundles":["core","data-access","geometry","portal-access"],"variables":[{"name":"$feature","type":"feature","description":"Giver adgang til de aggregeringsfelter, der er defineret i pop op-vinduer for enten klynger eller placering af data i beholdere."},{"name":"$aggregatedFeatures","description":"Et FeatureSet, der indeholder alle de objekter, der repræsenteres af klyngen eller beholderen.","type":"featureSet"},{"name":"$view","type":"dictionary","description":"Egenskaber, der er tilgængelige i visningen.","properties":[{"name":"scale","type":"number","description":"Returnerer til skalaen af kortet på det tidspunkt, hvor udtrykket evalueres."},{"name":"timeProperties","type":"dictionary","properties":[{"name":"currentStart","type":"date","description":"Starttidspunktet for kortets tidsudstrækning som angivet af tidsskyderkomponenten på det tidspunkt, hvor udtrykket evalueres. Værdien opdateres dynamisk (og kan udløse genudførelsen af Arcade-udtrykket), når en tidsskyder bruges til at opdatere tidsfølsommede pop-ops baseret på datofeltet. En `null`-værdi angiver, at starttidspunktet er inklusive, fordi det er starten på tiden."},{"name":"currentEnd","type":"date","description":"Sluttidspunktet for kortets tidsudstrækning som angivet af tidsskyderkomponenten på det tidspunkt, hvor udtrykket evalueres. Værdien opdateres dynamisk (og kan udløse genudførelsen af Arcade-udtrykket), når en tidsskyder bruges til at opdatere tidsfølsommede pop-ops baseret på datofeltet. En `null`-værdi angiver, at sluttidspunktet er uendeligt og uden tidsbegrænsning."},{"name":"startIncluded","type":"boolean","description":"Angiver, om datoen `currentStart` er inkluderet i kortets aktuelle tidsudstrækning."},{"name":"endIncluded","type":"boolean","description":"Angiver, om datoen `currentEnd` er inkluderet i kortets aktuelle tidsudstrækning."}],"description":""}]}]},{"name":"Quick Capture","id":"quick-capture","bundles":["core","data-access","geometry","portal-access"],"variables":[{"name":"$feature","type":"feature","description":"Viser objektets attributter, der skal bruges i beregningen."},{"name":"$layer","type":"featureSet","description":"En samling af objekter i det samme lag som $feature."},{"name":"$datastore","type":"featureSetCollection","description":"En samling af lag i den samme objekttjeneste eller database som $feature."},{"name":"$map","type":"featureSetCollection","description":"En samling af objekttjenestelag på kortet, der bruges af QuickCapture-projektet. Denne variabel kan være null."}]},{"name":"Tasks","id":"tasks","bundles":["core","data-access","geometry","portal-access"],"variables":[{"name":"$feature","description":"Det objekt, der evalueres af opgaven.","type":"feature"},{"name":"$datastore","description":"En samling af lag i den samme objekttjeneste eller database som det $feature, der evalueres af opgaven.","type":"featureSetCollection"}]},{"name":"Velocity","id":"velocity","bundles":["core","geometry","track"],"variables":[{"name":"$feature","type":"feature","description":"I analyseværktøjer med enkeltinput bliver objektet beregnet, evalueret eller anvendt."},{"name":"$target","type":"feature","description":"I analyseværktøjer med to input er det objektet, der evalueres i forhold til filtrering eller berigelse."},{"name":"$join","type":"feature","description":"I analyseværktøjer med to input leverer objektet værdier til evaluering eller berigelse af målobjektet."},{"name":"$analytic","type":"dictionary","description":"Tidsværdier, der er knyttet til analyse, såsom starttidspunkt, sidste sluttidspunkt osv.","properties":[]}]},{"name":"Visualization","id":"visualization","bundles":["core","geometry"],"variables":[{"name":"$feature","description":"Det objekt, der skal tegnes på kortet.","type":"feature"},{"name":"$view","type":"dictionary","description":"Egenskaber, der er tilgængelige i visningen.","properties":[{"name":"scale","type":"number","description":"Returnerer til skalaen af kortet på det tidspunkt, hvor udtrykket evalueres."},{"name":"timeProperties","type":"dictionary","properties":[{"name":"currentStart","type":"date","description":"Starttidspunktet for kortets tidsudstrækning som angivet af tidsskyderkomponenten på det tidspunkt, hvor udtrykket evalueres. Værdien opdateres dynamisk (og kan udløse genudførelsen af Arcade-udtrykket), når en tidsskyder bruges til at opdatere tidsfølsommede visualiseringer baseret på datofeltet. En `null`-værdi angiver, at starttidspunktet er inklusive, fordi det er starten på tiden."},{"name":"currentEnd","type":"date","description":"Sluttidspunktet for kortets tidsudstrækning som angivet af tidsskyderkomponenten på det tidspunkt, hvor udtrykket evalueres. Værdien opdateres dynamisk (og kan udløse genudførelsen af Arcade-udtrykket), når en tidsskyder bruges til at opdatere tidsfølsommede visualiseringer baseret på datofeltet. En `null`-værdi angiver, at sluttidspunktet er uendeligt og uden tidsbegrænsning."},{"name":"startIncluded","type":"boolean","description":"Angiver, om datoen `currentStart` er inkluderet i kortets aktuelle tidsudstrækning."},{"name":"endIncluded","type":"boolean","description":"Angiver, om datoen `currentEnd` er inkluderet i kortets aktuelle tidsudstrækning."}],"description":""}]}]},{"name":"Voxel popup","id":"popup-voxel","bundles":["core"],"variables":[{"name":"$voxel","type":"voxel","description":"Giver adgang til attributterne for den voxel, hvis popup vises på scenen."}]},{"name":"Voxel popup element","id":"popup-element-voxel","bundles":["core"],"variables":[{"name":"$voxel","type":"voxel","description":"Giver adgang til attributterne for den voxel, hvis popup vises på scenen."}]}]