[{"name":"Minimalist","id":"minimalist","bundles":["core","data-access","geometry","portal-access"],"variables":[]},{"name":"Aggregate Field","id":"aggregate-field","bundles":["core","geometry"],"variables":[{"name":"$feature","description":"Yksittäinen koostekohteeseen sisältyvä kohde. Näin saat kohteen kaikkien kentän ominaisuustietojen käyttöoikeuden.","type":"feature"}]},{"name":"Alias","id":"alias","bundles":["core","geometry"],"variables":[{"name":"$value","type":"number","description":"Numeerinen arvo, jolla on toivottavaa olla tekstialias."},{"name":"$feature","type":"feature","description":"Ominaisuus, jolla on toivottavaa olla tekstialias."}]},{"name":"Attribute rule calculation","id":"attribute-rule-calculation","bundles":["core","data-access","database","geometry","portal-access","ai"],"variables":[{"name":"$feature","type":"feature","description":"Laskettavana oleva kohde."},{"name":"$originalFeature","type":"feature","description":"Laskettavana olevan kohteen edellinen tila."},{"name":"$featureSet","type":"featureSet","description":"Kokoelma kohteita samassa taulukossa kuin lauseketta arvioiva $feature-kohde."},{"name":"$datastore","type":"featureSetCollection","description":"Kokoelma karttatasoja samassa kohdepalvelussa tai tietokannassa kuin komentosarjan suorittava $feature-kohde."},{"name":"$editcontext","type":"dictionary","properties":[{"name":"editType","type":"text","description":"Ilmaisee, onko muokkaustapahtuma LISÄÄ, PÄIVITÄ, POISTA tai NA (ei käytettävissä)."}],"description":""}]},{"name":"Attribute rule constraint","id":"attribute-rule-constraint","bundles":["core","data-access","geometry","portal-access"],"variables":[{"name":"$feature","type":"feature","description":"Laskettavana oleva kohde."},{"name":"$originalFeature","type":"feature","description":"Laskettavana olevan kohteen edellinen tila."},{"name":"$featureSet","type":"featureSet","description":"Kokoelma kohteita samassa taulukossa kuin lauseketta arvioiva $feature-kohde."},{"name":"$datastore","type":"featureSetCollection","description":"Kokoelma karttatasoja samassa kohdepalvelussa tai tietokannassa kuin komentosarjan suorittava $feature-kohde."},{"name":"$editcontext","type":"dictionary","properties":[{"name":"editType","type":"text","description":"Ilmaisee, onko muokkaustapahtuma LISÄÄ, PÄIVITÄ, POISTA tai NA (ei käytettävissä)."}],"description":""}]},{"name":"Attribute rule validation","id":"attribute-rule-validation","bundles":["core","data-access","geometry","portal-access"],"variables":[{"name":"$feature","type":"feature","description":"Laskettavana oleva kohde."},{"name":"$featureSet","type":"featureSet","description":"Kokoelma kohteita samassa taulukossa kuin lauseketta arvioiva $feature-kohde."},{"name":"$datastore","type":"featureSetCollection","description":"Kokoelma karttatasoja samassa kohdepalvelussa tai tietokannassa kuin komentosarjan suorittava $feature-kohde."}]},{"name":"Dashboard indicator formatting","id":"dashboard-indicator-formatting","bundles":["core"],"variables":[{"name":"$datapoint","type":"feature","description":"Aineistopiste, jonka visuaalista elementtiä arvioidaan."},{"name":"$reference","type":"dictionary","description":"Viitearvo, jonka visuaalista elementtiä arvioidaan.","properties":[]}]},{"name":"Dashboard list formatting","id":"dashboard-list-formatting","bundles":["core"],"variables":[{"name":"$datapoint","type":"feature","description":"Aineistopiste, jonka visuaalista elementtiä arvioidaan."}]},{"name":"Dashboard table formatting","id":"dashboard-table-formatting","bundles":["core"],"variables":[{"name":"$datapoint","type":"feature","description":"Aineistopiste, jonka visuaalista elementtiä arvioidaan."},{"name":"$rowindex","type":"number","description":"Rivin sijainti taulukossa (nollaperustainen)."}]},{"name":"Dashboard data","id":"dashboard-data","bundles":["core","geometry","data-access","portal-access","knowledge-graph"],"variables":[]},{"name":"Data Pipelines","id":"data-pipelines","bundles":["core"],"variables":[{"name":"$record","type":"dictionary","description":"Tarjoaa pääsyn laskettavana olevan tietueen ominaisuustieto- tai kenttäarvoihin.","properties":[]}]},{"name":"Dictionary renderer","id":"dictionary-renderer","bundles":["core","geometry"],"variables":[{"name":"$feature","type":"feature","description":"Kohde, joka piirretään kartalle."},{"name":"$config","type":"dictionary","description":"Määritysarvojen hakemisto.","properties":[]}]},{"name":"Experience Builder data","id":"experience-builder-data","bundles":["core","data-access","geometry","portal-access"],"variables":[]},{"name":"Experience Builder list item widget formatting","id":"experience-builder-list-item-widget-formatting","bundles":["core"],"variables":[{"name":"$feature","type":"feature","description":"Esittää kohdetta luettelokohteessa."}]},{"name":"Experience Builder widget formatting","id":"experience-builder-widget-formatting","bundles":["core","data-access"],"variables":[{"name":"$dataSources","type":"dictionary","description":"Widgetin käyttämät aineistolähteet. Tämä on avain-arvopareja sisältävä tietohakemisto, jossa jokainen avain on aineistolähteen tunnus (esim. \"dataSource_1-187acf797e1-layer-5-selection\").","properties":[]}]},{"name":"Feature Display Title","id":"feature-display-title","bundles":["core"],"variables":[{"name":"$feature","type":"feature","description":"Kohde tai rivi, jolle näytetään otsikko käyttöliittymässä."}]},{"name":"Feature Z","id":"feature-z","bundles":["core","geometry"],"variables":[{"name":"$feature","type":"feature","description":"Kohde, joka edellyttää Z-arvoa."}]},{"name":"Field calculation","id":"field-calculation","bundles":["core","data-access","geometry","portal-access","knowledge-graph","ai"],"variables":[{"name":"$feature","type":"feature","description":"Laskettavana oleva kohde."},{"name":"$datastore","type":"featureSetCollection","description":"Kokoelma karttatasoja samassa kohdepalvelussa tai tietokannassa kuin laskelman suorittava $feature-kohde."}]},{"name":"Field mapping","id":"field-mapping","bundles":["core","data-access","geometry","portal-access"],"variables":[{"name":"$sourceFeature","type":"feature","description":"Kenttäkartan lähteenä oleva kohde."},{"name":"$targetFeature","type":"feature","description":"Kenttäkartan kohteena oleva kohde."},{"name":"$sourceLayer","type":"featureSet","description":"Kokoelma kohteita samassa karttatasossa kuin $sourcefeature-kohde."},{"name":"$targetLayer","type":"featureSet","description":"Kokoelma kohteita samassa karttatasossa kuin $targetfeature-kohde."},{"name":"$map","type":"featureSetCollection","description":"Kokoelma karttatasoja suorittavan Arcade-lausekkeen kartassa."},{"name":"$sourceDatastore","type":"featureSetCollection","description":"Kokoelma karttatasoja samassa aineistosäilössä kuin $sourcelayer-karttataso."},{"name":"$targetDatastore","type":"featureSetCollection","description":"Kokoelma karttatasoja samassa aineistosäilössä kuin $targetlayer-karttataso."}]},{"name":"Form Attachment Filename Calculation","id":"form-attachment-filename-calculation","bundles":["core","data-access","geometry","portal-access"],"variables":[{"name":"$feature","type":"feature","description":"Å_The feature being calculated______________________________ö."},{"name":"$originalFeature","type":"feature","description":"Å_The previous state of the feature being calculated___________________________ö."},{"name":"$layer","type":"featureSet","description":"Å_A collection of features in the same layer as $feature_____________________________ö."},{"name":"$datastore","type":"featureSetCollection","description":"Å_A collection of layers in the same feature service or database as $feature_______________________________________ö."},{"name":"$featureset","type":"featureSet","description":"Å_A collection of features in the same table as $feature_____________________________ö."},{"name":"$map","type":"featureSetCollection","description":"Å_A collection of feature service layers in the same map as $feature___________________________________ö."},{"name":"$formElement","type":"dictionary","description":"Å_Information associated with the form element________________________ö.","properties":[{"name":"attachmentKeyword","type":"text","description":"Å_A text value identifying the content of the attachment. When a file is attached using the form, this property can be used in determining a new filename for the attachment_______________________________________________________________________________________ö."},{"name":"label","type":"text","description":"Å_A text value indicating what the element represents___________________________ö."},{"name":"description","type":"text","description":"Å_A text value that describes the element in detail__________________________ö."}]}]},{"name":"Form calculation","id":"form-calculation","bundles":["core","data-access","geometry","portal-access","ai"],"variables":[{"name":"$feature","type":"feature","description":"Näyttää kohteen laskelmassa käytettävät ominaisuustiedot"},{"name":"$originalFeature","type":"feature","description":"Laskettavana olevan kohteen edellinen tila."},{"name":"$layer","type":"featureSet","description":"Kokoelma kohteita samassa karttatasossa kuin $feature-kohde."},{"name":"$datastore","type":"featureSetCollection","description":"Kokoelma karttatasoja samassa kohdepalvelussa tai tietokannassa kuin $feature-kohde."},{"name":"$featureset","type":"featureSet","description":"Kokoelma kohteita samassa taulukossa kuin $feature-kohde."},{"name":"$map","type":"featureSetCollection","description":"Kokoelma kohdepalvelukarttatasoja samassa kartassa kuin $feature-kohde."},{"name":"$editcontext","type":"dictionary","properties":[{"name":"editType","type":"text","description":"Ilmaisee, onko muokkaustapahtuma LISÄÄ, PÄIVITÄ, POISTA tai NA (ei käytettävissä)."}],"description":""}]},{"name":"Form Constraint","id":"form-constraint","bundles":["core","geometry","data-access","portal-access"],"variables":[{"name":"$feature","type":"feature","description":"Kohde, jonka rajoitusta arvioidaan."},{"name":"$originalFeature","type":"feature","description":"Kohteen edellinen tila."},{"name":"$layer","type":"featureSet","description":"Kokoelma kohteita samassa karttatasossa kuin $feature-kohde."},{"name":"$datastore","type":"featureSetCollection","description":"Kokoelma karttatasoja samassa kohdepalvelussa tai tietokannassa kuin $feature-kohde."},{"name":"$featureset","type":"featureSet","description":"Kokoelma kohteita samassa taulukossa kuin $feature-kohde."},{"name":"$map","type":"featureSetCollection","description":"Kokoelma kohdepalvelukarttatasoja samassa kartassa kuin $feature-kohde."},{"name":"$editcontext","type":"dictionary","properties":[{"name":"editType","type":"text","description":"Ilmaisee, onko muokkaustapahtuma LISÄÄ, PÄIVITÄ, POISTA tai NA (ei käytettävissä)."}],"description":""}]},{"name":"Geoanalytics","id":"geoanalytics","bundles":["core","geometry","track"],"variables":[{"name":"$feature","type":"feature","description":"Laskettavana oleva kohde."}]},{"name":"Geotrigger notification","id":"geotrigger-notification","bundles":["core","geometry","data-access"],"variables":[{"name":"$feedFeature","type":"feature","description":"Lähtöaineiston kohde (esim. laitteen sijainti tai kohde), joka aiheutti geotriggerin aktivoitumisen. Tämän kohteen on sisällettävä geometria (yleensä piste) ja kiinteä rakenne, jolla on seuraavat ominaisuudet: \"course\" (sijainnin kurssi asteina myötäpäivään luvun 0 ollessa maantieteellinen pohjoinen) ja \"horizontalaccuracy\" (sijainnin vaakasuuntainen tarkkuus metreinä)."},{"name":"$fenceFeature","type":"feature","description":"Aitakohde (esim. kiinnostusalue), johon siirryttiin tai josta poistuttiin ja joka aiheutti Geotriggerin aktivoitumisen."},{"name":"$fenceLayer","type":"featureSet","description":"Kokoelma kohteita samassa karttatasossa kuin $fenceFeature."},{"name":"$fenceNotificationType","type":"text","description":"Tapahtuneen tapahtuman kuvaus – joko \"siirryttiin alueelle\" tai \"poistuttiin alueelta\"."}]},{"name":"Imagery popup","id":"popup-imagery","bundles":["core","geometry"],"variables":[{"name":"$pixel","type":"pixel","description":"Å_The pixel value and other pixel-dependent information (e.g. classification category), including virtual raster fields, for the imagery layer currently displayed in the view________________________________________________________________________________________ö."},{"name":"$imageCollectionItem","type":"feature","description":"Å_The metadata of the selected image collection item containing the pixel represented by `$pixel`. This value will be `null` if there is no associated image collection____________________________________________________________________________________ö."},{"name":"$view","type":"dictionary","description":"Å_Properties available from the view___________________ö.","properties":[{"name":"scale","type":"number","description":"Å_Returns the scale of the map at the time the expression evaluates__________________________________ö."},{"name":"timeProperties","type":"dictionary","properties":[{"name":"currentStart","type":"date","description":"Å_The start time of the map's time extent as indicated by a time slider component at the time the expression evaluates. This value dynamically updates (and may trigger the re-execution of the Arcade expression) when a time slider is used to update time-aware popups based on date field. A `null` value indicates the start time is inclusive since the beginning of time________________________________________________________________________________________________________________________________________________________________________________________ö."},{"name":"currentEnd","type":"date","description":"Å_The end time of the map's time extent as indicated by a time slider component at the time the expression evaluates. This value dynamically updates (and may trigger the re-execution of the Arcade expression) when a time slider is used to update time-aware popups based on date field. A `null` value indicates the end time is indefinite with no end_______________________________________________________________________________________________________________________________________________________________________________ö."},{"name":"startIncluded","type":"boolean","description":"Å_Indicates if the `currentStart` date is included in the map's current time extent__________________________________________ö."},{"name":"endIncluded","type":"boolean","description":"Å_Indicates if the `currentEnd` date is included in the map's current time extent_________________________________________ö."}],"description":""}]},{"name":"$userInput","description":"Å_A geometry representing a user's input for a popup. Typically, this represents a location where the user clicked or tapped in a map to launch a popup. There may be cases where this value is a Point, an Extent, or `null` as popups are not always opened from map interaction. Therefore, it is advised to check the geometry type of this value before it is used____________________________________________________________________________________________________________________________________________________________________________________ö.","type":"geometry"}]},{"name":"Imagery popup element","id":"popup-element-imagery","bundles":["core","geometry"],"variables":[{"name":"$pixel","type":"pixel","description":"Å_The pixel value and other pixel-dependent information (e.g. classification category), including virtual raster fields, for the imagery layer currently displayed in the view________________________________________________________________________________________ö."},{"name":"$imageCollectionItem","type":"feature","description":"Å_The metadata of the selected image collection item containing the pixel represented by `$pixel`. This value will be `null` if there is no associated image collection____________________________________________________________________________________ö."},{"name":"$view","type":"dictionary","description":"Å_Properties available from the view___________________ö.","properties":[{"name":"scale","type":"number","description":"Å_Returns the scale of the map at the time the expression evaluates__________________________________ö."},{"name":"timeProperties","type":"dictionary","properties":[{"name":"currentStart","type":"date","description":"Å_The start time of the map's time extent as indicated by a time slider component at the time the expression evaluates. This value dynamically updates (and may trigger the re-execution of the Arcade expression) when a time slider is used to update time-aware popups based on date field. A `null` value indicates the start time is inclusive since the beginning of time________________________________________________________________________________________________________________________________________________________________________________________ö."},{"name":"currentEnd","type":"date","description":"Å_The end time of the map's time extent as indicated by a time slider component at the time the expression evaluates. This value dynamically updates (and may trigger the re-execution of the Arcade expression) when a time slider is used to update time-aware popups based on date field. A `null` value indicates the end time is indefinite with no end_______________________________________________________________________________________________________________________________________________________________________________ö."},{"name":"startIncluded","type":"boolean","description":"Å_Indicates if the `currentStart` date is included in the map's current time extent__________________________________________ö."},{"name":"endIncluded","type":"boolean","description":"Å_Indicates if the `currentEnd` date is included in the map's current time extent_________________________________________ö."}],"description":""}]},{"name":"$userInput","description":"Å_A geometry representing a user's input for a popup. Typically, this represents a location where the user clicked or tapped in a map to launch a popup. There may be cases where this value is a Point, an Extent, or `null` as popups are not always opened from map interaction. Therefore, it is advised to check the geometry type of this value before it is used____________________________________________________________________________________________________________________________________________________________________________________ö.","type":"geometry"}]},{"name":"Labeling","id":"labeling","bundles":["core","geometry"],"variables":[{"name":"$feature","type":"feature","description":"Kohde, jonka tunnusteksti piirretään kartalle."},{"name":"$view","type":"dictionary","description":"Ominaisuudet käytettävissä näkymästä.","properties":[{"name":"scale","type":"number","description":"Palauttaa kartan mittakaavan lausekkeen arviointihetkellä."},{"name":"timeProperties","type":"dictionary","properties":[{"name":"currentStart","type":"date","description":"Kartan aikalaajuuden alkamisaika niin kuin se ilmoitetaan aikaliukusäädinkomponentissa lausekkeen laskemisen aikana. Tämä arvo päivittyy dynaamisesti (ja voi käynnistää Arcade-lausekkeen suorituksen uudelleen), kun aikaliukusäädintä käytetään ajan huomioivien tunnustekstien päivittämiseen päivämääräkentän perusteella. Nolla-arvo ilmaisee, että alkamisaika sisältyy alkukellonajasta alkaen."},{"name":"currentEnd","type":"date","description":"Kartan aikalaajuuden päättymisaika niin kuin se ilmoitetaan aikaliukusäädinkomponentissa lausekkeen laskemisen aikana. Tämä arvo päivittyy dynaamisesti (ja voi käynnistää Arcade-lausekkeen suorituksen uudelleen), kun aikaliukusäädintä käytetään ajan huomioivien tunnustekstien päivittämiseen päivämääräkentän perusteella. Nolla-arvo ilmaisee, että päättymisaika on rajaton ilman loppua."},{"name":"startIncluded","type":"boolean","description":"Ilmaisee, sisältyykö currentStart-päivämäärä kartan nykyiseen aikalaajuuteen."},{"name":"endIncluded","type":"boolean","description":"Ilmaisee, sisältyykö currentEnd-päivämäärä kartan nykyiseen aikalaajuuteen."}],"description":""}]}]},{"name":"Layout","id":"layout","bundles":["core","geometry"],"variables":[{"name":"$feature","type":"feature","description":"Kohde, jonka arvot voidaan näyttää asettelussa."}]},{"name":"Location update constraint","id":"location-update-constraint","bundles":["core","geometry"],"variables":[{"name":"$locationupdate","type":"dictionary","description":"Sijainnin päivityskohde (esim. GPS:stä), jonka rajoitusta arvioidaan.","properties":[{"name":"course","type":"number","description":"Sijainnin kurssi asteina myötäpäivään luvun 0 ollessa maantieteellinen pohjoinen."},{"name":"horizontalaccuracy","type":"number","description":"Sijainnin vaakasuuntainen tarkkuus metreinä."},{"name":"verticalaccuracy","type":"number","description":"Sijainnin pystysuuntainen tarkkuus metreinä."},{"name":"velocity","type":"number","description":"Sijainnin nopeus metreinä sekunnissa."}]}]},{"name":"Model Builder","id":"model-builder","bundles":["core","geometry","data-access","portal-access"],"variables":[{"name":"$variables","type":"dictionary","description":"Tietohakemisto, joka sisältää muuttujien nimet ja arvot.","properties":[]}]},{"name":"Measure visualization","id":"measure-visualization","bundles":["core","geometry"],"variables":[{"name":"$measure","type":"number","description":"Merkitsimen sijainnin interpoloitu M-arvo."},{"name":"$feature","type":"feature","description":"Kohde, joka piirretään kartalle."},{"name":"$view","type":"dictionary","properties":[{"name":"scale","type":"number","description":"Palauttaa kartan mittakaavan lausekkeen arviointihetkellä."}],"description":""}]},{"name":"Popup","id":"popup","bundles":["core","data-access","geometry","portal-access","knowledge-graph"],"variables":[{"name":"$feature","type":"feature","description":"Tarjoaa pääsyn sen kohteen ominaisuustietoihin ja geometriaan, jonka ponnahdusikkuna näytetään näkymässä."},{"name":"$layer","description":"Kokoelma kohteita samassa karttatasossa kuin $feature-kohde, jonka ponnahdusikkuna näkyy näkymässä.","type":"featureSet"},{"name":"$map","description":"Kokoelma karttatasoja samassa kartassa kuin $feature-kohde, jonka ponnahdusikkuna näkyy näkymässä. Tämä arvo voi olla \"tyhjäarvo\" tapauksissa, joissa karttaan ei liity ponnahdusikkunaa.","type":"featureSetCollection"},{"name":"$datastore","description":"Kokoelma karttatasoja samassa kohdepalvelussa tai tietokannassa kuin $feature-kohde, jonka ponnahdusikkuna näkyy näkymässä.","type":"featureSetCollection"},{"name":"$userInput","description":"Geometria, joka edustaa käyttäjän syötettä ponnahdusikkunassa. Tämä edustaa tyypillisesti sijaintia, jossa käyttäjä on avannut ponnahdusikkunan napsauttamalla tai napauttamalla kartassa. Joissain tapauksissa tämä arvo on Piste, Laajuus tai \"tyhjäarvo\", koska ponnahdusikkunat eivät aina avaudu kartan vuorovaikutuksesta. Siksi on suositeltavaa tarkistaa tämän arvon geometriatyyppi ennen sen käyttämistä.","type":"geometry"},{"name":"$graph","description":"Kohteeseen liittyvä tietämyskaavio. Jos tietämyskaaviota ei ole saatavilla, arvo on \"tyhjäarvo\".","type":"knowledgeGraph"},{"name":"$view","type":"dictionary","description":"Ominaisuudet käytettävissä näkymästä.","properties":[{"name":"scale","type":"number","description":"Palauttaa kartan mittakaavan lausekkeen arviointihetkellä."},{"name":"timeProperties","type":"dictionary","properties":[{"name":"currentStart","type":"date","description":"Kartan aikalaajuuden alkamisaika niin kuin se ilmoitetaan aikaliukusäädinkomponentissa lausekkeen laskemisen aikana. Tämä arvo päivittyy dynaamisesti (ja voi käynnistää Arcade-lausekkeen suorituksen uudelleen), kun aikaliukusäädintä käytetään ajan huomioivien ponnahdusikkunoiden päivittämiseen päivämääräkentän perusteella. Nolla-arvo ilmaisee, että alkamisaika sisältyy alkukellonajasta alkaen."},{"name":"currentEnd","type":"date","description":"Kartan aikalaajuuden päättymisaika niin kuin se ilmoitetaan aikaliukusäädinkomponentissa lausekkeen laskemisen aikana. Tämä arvo päivittyy dynaamisesti (ja voi käynnistää Arcade-lausekkeen suorituksen uudelleen), kun aikaliukusäädintä käytetään ajan huomioivien ponnahdusikkunoiden päivittämiseen päivämääräkentän perusteella. Nolla-arvo ilmaisee, että päättymisaika on rajaton ilman loppua."},{"name":"startIncluded","type":"boolean","description":"Ilmaisee, sisältyykö currentStart-päivämäärä kartan nykyiseen aikalaajuuteen."},{"name":"endIncluded","type":"boolean","description":"Ilmaisee, sisältyykö currentEnd-päivämäärä kartan nykyiseen aikalaajuuteen."}],"description":""}]}]},{"name":"Popup element","id":"popup-element","bundles":["core","data-access","geometry","portal-access","knowledge-graph"],"variables":[{"name":"$feature","type":"feature","description":"Tarjoaa pääsyn sen kohteen ominaisuustietoihin ja geometriaan, jonka ponnahdusikkuna näytetään näkymässä."},{"name":"$layer","description":"Kokoelma kohteita samassa karttatasossa kuin $feature-kohde, jonka ponnahdusikkuna näkyy näkymässä.","type":"featureSet"},{"name":"$map","description":"Kokoelma karttatasoja samassa kartassa kuin $feature-kohde, jonka ponnahdusikkuna näkyy näkymässä. Tämä arvo voi olla \"tyhjäarvo\" tapauksissa, joissa karttaan ei liity ponnahdusikkunaa.","type":"featureSetCollection"},{"name":"$datastore","description":"Kokoelma karttatasoja samassa kohdepalvelussa tai tietokannassa kuin $feature-kohde, jonka ponnahdusikkuna näkyy näkymässä.","type":"featureSetCollection"},{"name":"$userInput","description":"Geometria, joka edustaa käyttäjän syötettä ponnahdusikkunassa. Tämä edustaa tyypillisesti sijaintia, jossa käyttäjä on avannut ponnahdusikkunan napsauttamalla tai napauttamalla kartassa. Joissain tapauksissa tämä arvo on Piste, Laajuus tai \"tyhjäarvo\", koska ponnahdusikkunat eivät aina avaudu kartan vuorovaikutuksesta. Siksi on suositeltavaa tarkistaa tämän arvon geometriatyyppi ennen sen käyttämistä.","type":"geometry"},{"name":"$graph","description":"Kohteeseen liittyvä tietämyskaavio. Jos tietämyskaaviota ei ole saatavilla, arvo on \"tyhjäarvo\".","type":"knowledgeGraph"},{"name":"$view","type":"dictionary","description":"Ominaisuudet käytettävissä näkymästä.","properties":[{"name":"scale","type":"number","description":"Palauttaa kartan mittakaavan lausekkeen arviointihetkellä."},{"name":"timeProperties","type":"dictionary","properties":[{"name":"currentStart","type":"date","description":"Kartan aikalaajuuden alkamisaika niin kuin se ilmoitetaan aikaliukusäädinkomponentissa lausekkeen laskemisen aikana. Tämä arvo päivittyy dynaamisesti (ja voi käynnistää Arcade-lausekkeen suorituksen uudelleen), kun aikaliukusäädintä käytetään ajan huomioivien ponnahdusikkunoiden päivittämiseen päivämääräkentän perusteella. Nolla-arvo ilmaisee, että alkamisaika sisältyy alkukellonajasta alkaen."},{"name":"currentEnd","type":"date","description":"Kartan aikalaajuuden päättymisaika niin kuin se ilmoitetaan aikaliukusäädinkomponentissa lausekkeen laskemisen aikana. Tämä arvo päivittyy dynaamisesti (ja voi käynnistää Arcade-lausekkeen suorituksen uudelleen), kun aikaliukusäädintä käytetään ajan huomioivien ponnahdusikkunoiden päivittämiseen päivämääräkentän perusteella. Nolla-arvo ilmaisee, että päättymisaika on rajaton ilman loppua."},{"name":"startIncluded","type":"boolean","description":"Ilmaisee, sisältyykö currentStart-päivämäärä kartan nykyiseen aikalaajuuteen."},{"name":"endIncluded","type":"boolean","description":"Ilmaisee, sisältyykö currentEnd-päivämäärä kartan nykyiseen aikalaajuuteen."}],"description":""}]}]},{"name":"Popup feature reduction","id":"popup-feature-reduction","bundles":["core","data-access","geometry","portal-access"],"variables":[{"name":"$feature","type":"feature","description":"Tarjoaa pääsyn koontikenttiin, jotka on määritetty joko klusteroinnin tai lokeroinnin ponnahdusikkunoissa."},{"name":"$aggregatedFeatures","description":"FeatureSet, joka sisältää kaikki klusterin tai lokeron edustamat kohteet.","type":"featureSet"},{"name":"$view","type":"dictionary","description":"Ominaisuudet käytettävissä näkymästä.","properties":[{"name":"scale","type":"number","description":"Palauttaa kartan mittakaavan lausekkeen arviointihetkellä."},{"name":"timeProperties","type":"dictionary","properties":[{"name":"currentStart","type":"date","description":"Kartan aikalaajuuden alkamisaika niin kuin se ilmoitetaan aikaliukusäädinkomponentissa lausekkeen laskemisen aikana. Tämä arvo päivittyy dynaamisesti (ja voi käynnistää Arcade-lausekkeen suorituksen uudelleen), kun aikaliukusäädintä käytetään ajan huomioivien ponnahdusikkunoiden päivittämiseen päivämääräkentän perusteella. Nolla-arvo ilmaisee, että alkamisaika sisältyy alkukellonajasta alkaen."},{"name":"currentEnd","type":"date","description":"Kartan aikalaajuuden päättymisaika niin kuin se ilmoitetaan aikaliukusäädinkomponentissa lausekkeen laskemisen aikana. Tämä arvo päivittyy dynaamisesti (ja voi käynnistää Arcade-lausekkeen suorituksen uudelleen), kun aikaliukusäädintä käytetään ajan huomioivien ponnahdusikkunoiden päivittämiseen päivämääräkentän perusteella. Nolla-arvo ilmaisee, että päättymisaika on rajaton ilman loppua."},{"name":"startIncluded","type":"boolean","description":"Ilmaisee, sisältyykö currentStart-päivämäärä kartan nykyiseen aikalaajuuteen."},{"name":"endIncluded","type":"boolean","description":"Ilmaisee, sisältyykö currentEnd-päivämäärä kartan nykyiseen aikalaajuuteen."}],"description":""}]}]},{"name":"Popup element feature reduction","id":"popup-element-feature-reduction","bundles":["core","data-access","geometry","portal-access"],"variables":[{"name":"$feature","type":"feature","description":"Tarjoaa pääsyn koontikenttiin, jotka on määritetty joko klusteroinnin tai lokeroinnin ponnahdusikkunoissa."},{"name":"$aggregatedFeatures","description":"FeatureSet, joka sisältää kaikki klusterin tai lokeron edustamat kohteet.","type":"featureSet"},{"name":"$view","type":"dictionary","description":"Ominaisuudet käytettävissä näkymästä.","properties":[{"name":"scale","type":"number","description":"Palauttaa kartan mittakaavan lausekkeen arviointihetkellä."},{"name":"timeProperties","type":"dictionary","properties":[{"name":"currentStart","type":"date","description":"Kartan aikalaajuuden alkamisaika niin kuin se ilmoitetaan aikaliukusäädinkomponentissa lausekkeen laskemisen aikana. Tämä arvo päivittyy dynaamisesti (ja voi käynnistää Arcade-lausekkeen suorituksen uudelleen), kun aikaliukusäädintä käytetään ajan huomioivien ponnahdusikkunoiden päivittämiseen päivämääräkentän perusteella. Nolla-arvo ilmaisee, että alkamisaika sisältyy alkukellonajasta alkaen."},{"name":"currentEnd","type":"date","description":"Kartan aikalaajuuden päättymisaika niin kuin se ilmoitetaan aikaliukusäädinkomponentissa lausekkeen laskemisen aikana. Tämä arvo päivittyy dynaamisesti (ja voi käynnistää Arcade-lausekkeen suorituksen uudelleen), kun aikaliukusäädintä käytetään ajan huomioivien ponnahdusikkunoiden päivittämiseen päivämääräkentän perusteella. Nolla-arvo ilmaisee, että päättymisaika on rajaton ilman loppua."},{"name":"startIncluded","type":"boolean","description":"Ilmaisee, sisältyykö currentStart-päivämäärä kartan nykyiseen aikalaajuuteen."},{"name":"endIncluded","type":"boolean","description":"Ilmaisee, sisältyykö currentEnd-päivämäärä kartan nykyiseen aikalaajuuteen."}],"description":""}]}]},{"name":"Quick Capture","id":"quick-capture","bundles":["core","data-access","geometry","portal-access"],"variables":[{"name":"$feature","type":"feature","description":"Näyttää kohteen laskelmassa käytettävät ominaisuustiedot."},{"name":"$layer","type":"featureSet","description":"Kokoelma kohteita samassa karttatasossa kuin $feature-kohde."},{"name":"$datastore","type":"featureSetCollection","description":"Kokoelma karttatasoja samassa kohdepalvelussa tai tietokannassa kuin $feature-kohde."},{"name":"$map","type":"featureSetCollection","description":"Kokoelma kohdepalvelukarttatasoja kartassa, jota QuickCapture-projekti käyttää. Tällä muuttujalla voi olla \"tyhjäarvo\"."}]},{"name":"Tasks","id":"tasks","bundles":["core","data-access","geometry","portal-access"],"variables":[{"name":"$feature","description":"Kohde, jota tehtävä arvioi.","type":"feature"},{"name":"$datastore","description":"Kokoelma karttatasoja samassa kohdepalvelussa tai tietokannassa kuin tehtävän arvioitavana oleva $feature-kohde.","type":"featureSetCollection"}]},{"name":"Velocity","id":"velocity","bundles":["core","geometry","track"],"variables":[{"name":"$feature","type":"feature","description":"Laskettavana, arvioitavana tai käsiteltävänä oleva kohde analyysityökaluissa, joissa on yksi lähtöaineisto."},{"name":"$target","type":"feature","description":"Suodatusta tai rikastusta varten arvioitavana oleva kohde analyysityökaluissa, joissa on kaksi lähtöaineistoa."},{"name":"$join","type":"feature","description":"Kohteelle arviointi- tai rikastusarvoja antava kohde analyysityökaluissa, joissa on kaksi lähtöaineistoa."},{"name":"$analytic","type":"dictionary","description":"Analyysiin liittyvät aika-arvot, kuten aloitusaika, viimeisin lopetusaika, jne.","properties":[]}]},{"name":"Visualization","id":"visualization","bundles":["core","geometry"],"variables":[{"name":"$feature","description":"Kohde, joka piirretään kartalle.","type":"feature"},{"name":"$view","type":"dictionary","description":"Ominaisuudet käytettävissä näkymästä.","properties":[{"name":"scale","type":"number","description":"Palauttaa kartan mittakaavan lausekkeen arviointihetkellä."},{"name":"timeProperties","type":"dictionary","properties":[{"name":"currentStart","type":"date","description":"Kartan aikalaajuuden alkamisaika niin kuin se ilmoitetaan aikaliukusäädinkomponentissa lausekkeen laskemisen aikana. Tämä arvo päivittyy dynaamisesti (ja voi käynnistää Arcade-lausekkeen suorituksen uudelleen), kun aikaliukusäädintä käytetään ajan huomioivien visualisointien päivittämiseen päivämääräkentän perusteella. Nolla-arvo ilmaisee, että alkamisaika sisältyy alkukellonajasta alkaen."},{"name":"currentEnd","type":"date","description":"Kartan aikalaajuuden päättymisaika niin kuin se ilmoitetaan aikaliukusäädinkomponentissa lausekkeen laskemisen aikana. Tämä arvo päivittyy dynaamisesti (ja voi käynnistää Arcade-lausekkeen suorituksen uudelleen), kun aikaliukusäädintä käytetään ajan huomioivien visualisointien päivittämiseen päivämääräkentän perusteella. Nolla-arvo ilmaisee, että päättymisaika on rajaton ilman loppua."},{"name":"startIncluded","type":"boolean","description":"Ilmaisee, sisältyykö currentStart-päivämäärä kartan nykyiseen aikalaajuuteen."},{"name":"endIncluded","type":"boolean","description":"Ilmaisee, sisältyykö currentEnd-päivämäärä kartan nykyiseen aikalaajuuteen."}],"description":""}]}]},{"name":"Voxel popup","id":"popup-voxel","bundles":["core"],"variables":[{"name":"$voxel","type":"voxel","description":"Tarjoaa pääsyn sen vokselin ominaisuustietoihin, jonka ponnahdusikkuna näkyy maisemassa."}]},{"name":"Voxel popup element","id":"popup-element-voxel","bundles":["core"],"variables":[{"name":"$voxel","type":"voxel","description":"Tarjoaa pääsyn sen vokselin ominaisuustietoihin, jonka ponnahdusikkuna näkyy maisemassa."}]}]