[{"name":"Minimalist","id":"minimalist","bundles":["core","data-access","geometry","portal-access"],"variables":[]},{"name":"Aggregate Field","id":"aggregate-field","bundles":["core","geometry"],"variables":[{"name":"$feature","description":"Egy összesített vektoros elembe foglalt egyedi vektoros elem. Ez hozzáférést biztosít a vektoros elem összes mezőattribútumához.","type":"feature"}]},{"name":"Alias","id":"alias","bundles":["core","geometry"],"variables":[{"name":"$value","type":"number","description":"A szöveges aliasnévvel ellátni kívánt numerikus érték."},{"name":"$feature","type":"feature","description":"A szöveges aliasnévvel ellátni kívánt vektoros elem."}]},{"name":"Attribute rule calculation","id":"attribute-rule-calculation","bundles":["core","data-access","database","geometry","portal-access","ai"],"variables":[{"name":"$feature","type":"feature","description":"Az éppen számított vektoros elem."},{"name":"$originalFeature","type":"feature","description":"Az éppen számított vektoros elem előző állapota."},{"name":"$featureSet","type":"featureSet","description":"A kifejezést éppen értékelő $feature változóval egy táblában lévő vektoros elemek gyűjteménye."},{"name":"$datastore","type":"featureSetCollection","description":"A szkriptet végrehajtó $feature változóval egy vektoros szolgáltatásban vagy adatbázisban lévő rétegek gyűjteménye."},{"name":"$editcontext","type":"dictionary","properties":[{"name":"editType","type":"text","description":"Azt jelzi, hogy a szerkesztési esemény melyik a köetkezők közül: INSERT, UPDATE, DELETE vagy NA (nem alkalmazható."}],"description":""}]},{"name":"Attribute rule constraint","id":"attribute-rule-constraint","bundles":["core","data-access","geometry","portal-access"],"variables":[{"name":"$feature","type":"feature","description":"Az éppen számított vektoros elem."},{"name":"$originalFeature","type":"feature","description":"Az éppen számított vektoros elem előző állapota."},{"name":"$featureSet","type":"featureSet","description":"A kifejezést éppen értékelő $feature változóval egy táblában lévő vektoros elemek gyűjteménye."},{"name":"$datastore","type":"featureSetCollection","description":"A szkriptet végrehajtó $feature változóval egy vektoros szolgáltatásban vagy adatbázisban lévő rétegek gyűjteménye."},{"name":"$editcontext","type":"dictionary","properties":[{"name":"editType","type":"text","description":"Azt jelzi, hogy a szerkesztési esemény melyik a köetkezők közül: INSERT, UPDATE, DELETE vagy NA (nem alkalmazható."}],"description":""}]},{"name":"Attribute rule validation","id":"attribute-rule-validation","bundles":["core","data-access","geometry","portal-access"],"variables":[{"name":"$feature","type":"feature","description":"Az éppen számított vektoros elem."},{"name":"$featureSet","type":"featureSet","description":"A kifejezést éppen értékelő $feature változóval egy táblában lévő vektoros elemek gyűjteménye."},{"name":"$datastore","type":"featureSetCollection","description":"A szkriptet végrehajtó $feature változóval egy vektoros szolgáltatásban vagy adatbázisban lévő rétegek gyűjteménye."}]},{"name":"Dashboard indicator formatting","id":"dashboard-indicator-formatting","bundles":["core"],"variables":[{"name":"$datapoint","type":"feature","description":"A vizuális elem szempontjából értékelés alatt álló adatpont."},{"name":"$reference","type":"dictionary","description":"A vizuális elem szempontjából értékelés alatt álló referenciaérték.","properties":[]}]},{"name":"Dashboard list formatting","id":"dashboard-list-formatting","bundles":["core"],"variables":[{"name":"$datapoint","type":"feature","description":"A vizuális elem szempontjából értékelés alatt álló adatpont."}]},{"name":"Dashboard table formatting","id":"dashboard-table-formatting","bundles":["core"],"variables":[{"name":"$datapoint","type":"feature","description":"A vizuális elem szempontjából értékelés alatt álló adatpont."},{"name":"$rowindex","type":"number","description":"Sor (nullától kezdődő) pozíciója a táblázatban."}]},{"name":"Dashboard data","id":"dashboard-data","bundles":["core","geometry","data-access","portal-access","knowledge-graph"],"variables":[]},{"name":"Data Pipelines","id":"data-pipelines","bundles":["core"],"variables":[{"name":"$record","type":"dictionary","description":"Hozzáférést biztosít az éppen számított rekord attribútum-/mezőértékeihez.","properties":[]}]},{"name":"Dictionary renderer","id":"dictionary-renderer","bundles":["core","geometry"],"variables":[{"name":"$feature","type":"feature","description":"A térképen ábrázolni kívánt vektoeros elem."},{"name":"$config","type":"dictionary","description":"Konfigurációértékek szótára.","properties":[]}]},{"name":"Experience Builder data","id":"experience-builder-data","bundles":["core","data-access","geometry","portal-access"],"variables":[]},{"name":"Experience Builder list item widget formatting","id":"experience-builder-list-item-widget-formatting","bundles":["core"],"variables":[{"name":"$feature","type":"feature","description":"A vektoros elemet képviseli a listaelemben."}]},{"name":"Experience Builder widget formatting","id":"experience-builder-widget-formatting","bundles":["core","data-access"],"variables":[{"name":"$dataSources","type":"dictionary","description":"A widget által használt adatforrások. Ez egy olyan szótár, amely kulcs-érték párokat tartalmaz, és minden kulcs egy adatforrás-azonosító (például „dataSource_1-187acf797e1-layer-5-selection”).","properties":[]}]},{"name":"Feature Display Title","id":"feature-display-title","bundles":["core"],"variables":[{"name":"$feature","type":"feature","description":"Az a vektoros elem vagy sor, amelynek a címét meg szeretné jeleníteni a felhasználói felületen."}]},{"name":"Feature Z","id":"feature-z","bundles":["core","geometry"],"variables":[{"name":"$feature","type":"feature","description":"A Z értéket megkövetelő vektoros elem."}]},{"name":"Field calculation","id":"field-calculation","bundles":["core","data-access","geometry","portal-access","knowledge-graph","ai"],"variables":[{"name":"$feature","type":"feature","description":"Az éppen számított vektoros elem."},{"name":"$datastore","type":"featureSetCollection","description":"A számolást végrehajtó $feature változóval egy vektoros szolgáltatásban vagy adatbázisban lévő rétegek gyűjteménye."}]},{"name":"Field mapping","id":"field-mapping","bundles":["core","data-access","geometry","portal-access"],"variables":[{"name":"$sourceFeature","type":"feature","description":"A mezőtérkép forrás vektoros eleme."},{"name":"$targetFeature","type":"feature","description":"A mezőtérkép cél vektoros eleme."},{"name":"$sourceLayer","type":"featureSet","description":"A $sourcefeature változóval egy rétegben lévő vektoros elemek gyűjteménye."},{"name":"$targetLayer","type":"featureSet","description":"A $targetfeature változóval egy rétegben lévő vektoros elemek gyűjteménye."},{"name":"$map","type":"featureSetCollection","description":"A végrehajtás alatt álló Arcade-kifejezés térképén szereplő rétegek gyűjteménye."},{"name":"$sourceDatastore","type":"featureSetCollection","description":"A $sourcelayer változóval egyező adattárban lévő rétegek gyűjteménye."},{"name":"$targetDatastore","type":"featureSetCollection","description":"A $targetlayer változóval egyező adattárban lévő rétegek gyűjteménye."}]},{"name":"Form Attachment Filename Calculation","id":"form-attachment-filename-calculation","bundles":["core","data-access","geometry","portal-access"],"variables":[{"name":"$feature","type":"feature","description":"í_The feature being calculated______________________________ő."},{"name":"$originalFeature","type":"feature","description":"í_The previous state of the feature being calculated___________________________ő."},{"name":"$layer","type":"featureSet","description":"í_A collection of features in the same layer as $feature_____________________________ő."},{"name":"$datastore","type":"featureSetCollection","description":"í_A collection of layers in the same feature service or database as $feature_______________________________________ő."},{"name":"$featureset","type":"featureSet","description":"í_A collection of features in the same table as $feature_____________________________ő."},{"name":"$map","type":"featureSetCollection","description":"í_A collection of feature service layers in the same map as $feature___________________________________ő."},{"name":"$formElement","type":"dictionary","description":"í_Information associated with the form element________________________ő.","properties":[{"name":"attachmentKeyword","type":"text","description":"í_A text value identifying the content of the attachment. When a file is attached using the form, this property can be used in determining a new filename for the attachment_______________________________________________________________________________________ő."},{"name":"label","type":"text","description":"í_A text value indicating what the element represents___________________________ő."},{"name":"description","type":"text","description":"í_A text value that describes the element in detail__________________________ő."}]}]},{"name":"Form calculation","id":"form-calculation","bundles":["core","data-access","geometry","portal-access","ai"],"variables":[{"name":"$feature","type":"feature","description":"A vektoros elem attribútumait teszi közzé a számításban való felhasználáshoz"},{"name":"$originalFeature","type":"feature","description":"Az éppen számított vektoros elem előző állapota."},{"name":"$layer","type":"featureSet","description":"A $feature változóval egy rétegben lévő vektoros elemek gyűjteménye."},{"name":"$datastore","type":"featureSetCollection","description":"A $feature változóval egy vektoros szolgáltatásban vagy adatbázisban lévő rétegek gyűjteménye."},{"name":"$featureset","type":"featureSet","description":"A $feature változóval egy táblában lévő vektoros elemek gyűjteménye."},{"name":"$map","type":"featureSetCollection","description":"A $feature változóval egy térképen lévő vektorosszolgáltatás-rétegek gyűjteménye."},{"name":"$editcontext","type":"dictionary","properties":[{"name":"editType","type":"text","description":"Azt jelzi, hogy a szerkesztési esemény melyik a köetkezők közül: INSERT, UPDATE, DELETE vagy NA (nem alkalmazható."}],"description":""}]},{"name":"Form Constraint","id":"form-constraint","bundles":["core","geometry","data-access","portal-access"],"variables":[{"name":"$feature","type":"feature","description":"A korlátozás szempontjából értékelés alatt álló vektoros elem."},{"name":"$originalFeature","type":"feature","description":"A vektoros elem előző állapota."},{"name":"$layer","type":"featureSet","description":"A $feature változóval egy rétegben lévő vektoros elemek gyűjteménye."},{"name":"$datastore","type":"featureSetCollection","description":"A $feature változóval egy vektoros szolgáltatásban vagy adatbázisban lévő rétegek gyűjteménye."},{"name":"$featureset","type":"featureSet","description":"A $feature változóval egy táblában lévő vektoros elemek gyűjteménye."},{"name":"$map","type":"featureSetCollection","description":"A $feature változóval egy térképen lévő vektorosszolgáltatás-rétegek gyűjteménye."},{"name":"$editcontext","type":"dictionary","properties":[{"name":"editType","type":"text","description":"Azt jelzi, hogy a szerkesztési esemény melyik a következők közül: INSERT, UPDATE, DELETE vagy NA (nem alkalmazható)."}],"description":""}]},{"name":"Geoanalytics","id":"geoanalytics","bundles":["core","geometry","track"],"variables":[{"name":"$feature","type":"feature","description":"Az éppen számított vektoros elem."}]},{"name":"Geotrigger notification","id":"geotrigger-notification","bundles":["core","geometry","data-access"],"variables":[{"name":"$feedFeature","type":"feature","description":"A geoaktiválás aktiválódását kiváltó bemeneti vektoros elem (például az eszköz helyzete vagy egy vektoros elem). E vektoros elemnek tartalmaznia kell egy geometriát (rendszerint pontot), valamint a következő tulajdonságokkal rendelkező rögzített sémát: 'course' (a hely pályája fokban, az óramutató járásával egyező irányban, ahol a 0 a valódi észak), és 'horizontalaccuracy' (a hely méterben megadott horizontális pontossága)."},{"name":"$fenceFeature","type":"feature","description":"Belépés vagy kilépés történt a kerítésül szolgáló vektoros elembe vagy elemből (pl. a vizsgálati területre vagy területről), ami előidézte a geoaktiválás aktiválódását."},{"name":"$fenceLayer","type":"featureSet","description":"A $fenceFeature változóval egy rétegben lévő vektoros elemek gyűjteménye."},{"name":"$fenceNotificationType","type":"text","description":"A bekövetkezett esemény leírása, amely „entered” (belépett) vagy „exited” (kilépett) értékű lehet."}]},{"name":"Imagery popup","id":"popup-imagery","bundles":["core","geometry"],"variables":[{"name":"$pixel","type":"pixel","description":"í_The pixel value and other pixel-dependent information (e.g. classification category), including virtual raster fields, for the imagery layer currently displayed in the view________________________________________________________________________________________ő."},{"name":"$imageCollectionItem","type":"feature","description":"í_The metadata of the selected image collection item containing the pixel represented by `$pixel`. This value will be `null` if there is no associated image collection____________________________________________________________________________________ő."},{"name":"$view","type":"dictionary","description":"í_Properties available from the view___________________ő.","properties":[{"name":"scale","type":"number","description":"í_Returns the scale of the map at the time the expression evaluates__________________________________ő."},{"name":"timeProperties","type":"dictionary","properties":[{"name":"currentStart","type":"date","description":"í_The start time of the map's time extent as indicated by a time slider component at the time the expression evaluates. This value dynamically updates (and may trigger the re-execution of the Arcade expression) when a time slider is used to update time-aware popups based on date field. A `null` value indicates the start time is inclusive since the beginning of time________________________________________________________________________________________________________________________________________________________________________________________ő."},{"name":"currentEnd","type":"date","description":"í_The end time of the map's time extent as indicated by a time slider component at the time the expression evaluates. This value dynamically updates (and may trigger the re-execution of the Arcade expression) when a time slider is used to update time-aware popups based on date field. A `null` value indicates the end time is indefinite with no end_______________________________________________________________________________________________________________________________________________________________________________ő."},{"name":"startIncluded","type":"boolean","description":"í_Indicates if the `currentStart` date is included in the map's current time extent__________________________________________ő."},{"name":"endIncluded","type":"boolean","description":"í_Indicates if the `currentEnd` date is included in the map's current time extent_________________________________________ő."}],"description":""}]},{"name":"$userInput","description":"í_A geometry representing a user's input for a popup. Typically, this represents a location where the user clicked or tapped in a map to launch a popup. There may be cases where this value is a Point, an Extent, or `null` as popups are not always opened from map interaction. Therefore, it is advised to check the geometry type of this value before it is used____________________________________________________________________________________________________________________________________________________________________________________ő.","type":"geometry"}]},{"name":"Imagery popup element","id":"popup-element-imagery","bundles":["core","geometry"],"variables":[{"name":"$pixel","type":"pixel","description":"í_The pixel value and other pixel-dependent information (e.g. classification category), including virtual raster fields, for the imagery layer currently displayed in the view________________________________________________________________________________________ő."},{"name":"$imageCollectionItem","type":"feature","description":"í_The metadata of the selected image collection item containing the pixel represented by `$pixel`. This value will be `null` if there is no associated image collection____________________________________________________________________________________ő."},{"name":"$view","type":"dictionary","description":"í_Properties available from the view___________________ő.","properties":[{"name":"scale","type":"number","description":"í_Returns the scale of the map at the time the expression evaluates__________________________________ő."},{"name":"timeProperties","type":"dictionary","properties":[{"name":"currentStart","type":"date","description":"í_The start time of the map's time extent as indicated by a time slider component at the time the expression evaluates. This value dynamically updates (and may trigger the re-execution of the Arcade expression) when a time slider is used to update time-aware popups based on date field. A `null` value indicates the start time is inclusive since the beginning of time________________________________________________________________________________________________________________________________________________________________________________________ő."},{"name":"currentEnd","type":"date","description":"í_The end time of the map's time extent as indicated by a time slider component at the time the expression evaluates. This value dynamically updates (and may trigger the re-execution of the Arcade expression) when a time slider is used to update time-aware popups based on date field. A `null` value indicates the end time is indefinite with no end_______________________________________________________________________________________________________________________________________________________________________________ő."},{"name":"startIncluded","type":"boolean","description":"í_Indicates if the `currentStart` date is included in the map's current time extent__________________________________________ő."},{"name":"endIncluded","type":"boolean","description":"í_Indicates if the `currentEnd` date is included in the map's current time extent_________________________________________ő."}],"description":""}]},{"name":"$userInput","description":"í_A geometry representing a user's input for a popup. Typically, this represents a location where the user clicked or tapped in a map to launch a popup. There may be cases where this value is a Point, an Extent, or `null` as popups are not always opened from map interaction. Therefore, it is advised to check the geometry type of this value before it is used____________________________________________________________________________________________________________________________________________________________________________________ő.","type":"geometry"}]},{"name":"Labeling","id":"labeling","bundles":["core","geometry"],"variables":[{"name":"$feature","type":"feature","description":"A térképen ábrázolni kívánt címkéjű vektoros elem."},{"name":"$view","type":"dictionary","description":"A nézetből elérhető tulajdonságok.","properties":[{"name":"scale","type":"number","description":"A térkép méretarányát adja vissza a kifejezés által értékelt időpontban."},{"name":"timeProperties","type":"dictionary","properties":[{"name":"currentStart","type":"date","description":"A térkép időbeli kiterjedésének kezdési ideje, amelyet egy időcsúszka-komponens jelez, amikor sor kerül a kifejezés kiértékelésére. Ez az érték dinamikusan frissül (és elindíthatja az Arcade-kifejezés újbóli végrehajtását), amikor egy időcsúszkát használnak az időspecifikus feliratok dátummező alapján történő frissítésére. A „null” érték azt jelzi, hogy a kezdési idő az idő kezdete óta beletartozó."},{"name":"currentEnd","type":"date","description":"A térkép időbeli kiterjedésének befejezési ideje, amelyet egy időcsúszka-komponens jelez, amikor sor kerül a kifejezés kiértékelésére. Ez az érték dinamikusan frissül (és elindíthatja az Arcade-kifejezés újbóli végrehajtását), amikor egy időcsúszkát használnak az időspecifikus feliratok dátummező alapján történő frissítésére. A „null” érték azt jelzi, hogy a befejezési idő határozatlan, és nincs vége."},{"name":"startIncluded","type":"boolean","description":"Azt jelzi, hogy a „currentStart” dátum szerepel-e a térkép aktuális időbeli kiterjedésében."},{"name":"endIncluded","type":"boolean","description":"Azt jelzi, hogy a „currentEnd” dátum szerepel-e a térkép aktuális időbeli kiterjedésében."}],"description":""}]}]},{"name":"Layout","id":"layout","bundles":["core","geometry"],"variables":[{"name":"$feature","type":"feature","description":"Az vektoros elem, amelynek értékei megjeleníthetők a térképi kimeneten."}]},{"name":"Location update constraint","id":"location-update-constraint","bundles":["core","geometry"],"variables":[{"name":"$locationupdate","type":"dictionary","description":"A korlátozás szempontjából értékelés alatt álló vektoros elem helyzetének frissítése (pl. GPS-adatokkal).","properties":[{"name":"course","type":"number","description":"A hely pályája fokban, az óramutató járásával egyező irányban, ahol a 0 a valódi észak."},{"name":"horizontalaccuracy","type":"number","description":"A hely horizontális pontossága méterben."},{"name":"verticalaccuracy","type":"number","description":"A hely függőleges pontossága méterben."},{"name":"velocity","type":"number","description":"A hely sebessége méter per szekundumban."}]}]},{"name":"Model Builder","id":"model-builder","bundles":["core","geometry","data-access","portal-access"],"variables":[{"name":"$variables","type":"dictionary","description":"Változóneveket és értékeket tartalmazó szótár.","properties":[]}]},{"name":"Measure visualization","id":"measure-visualization","bundles":["core","geometry"],"variables":[{"name":"$measure","type":"number","description":"A jelölő helyének interpolált M-értéke."},{"name":"$feature","type":"feature","description":"A térképen ábrázolni kívánt vektoeros elem."},{"name":"$view","type":"dictionary","properties":[{"name":"scale","type":"number","description":"A térkép méretarányát adja vissza a kifejezés által értékelt időpontban."}],"description":""}]},{"name":"Popup","id":"popup","bundles":["core","data-access","geometry","portal-access","knowledge-graph"],"variables":[{"name":"$feature","type":"feature","description":"Annak a vektoros elemnek az attribútumaihoz és geometriájához nyújt hozzáférést, amelynek előugró ablaka megjelenik a nézetben."},{"name":"$layer","description":"Az azzal a $feature változóval egy rétegben lévő vektoros elemek gyűjteménye, amelynek előugró ablaka megjelenik a nézetben.","type":"featureSet"},{"name":"$map","description":"Az azzal a $feature változóval egy térképen lévő rétegek gyűjteménye, amelynek előugró ablaka megjelenik a nézetben. Előfordulhat, hogy az érték „null”, amikor nem kapcsolódik előugró ablak a térképhez.","type":"featureSetCollection"},{"name":"$datastore","description":"Az azzal a $feature változóval egy vektoros szolgáltatásban vagy adatbázisban lévő rétegek gyűjteménye, amelynek előugró ablaka megjelenik a nézetben.","type":"featureSetCollection"},{"name":"$userInput","description":"Egy geometria, amely egy felugró ablak felhasználói bemenetét reprezentálja. Általában ez azt a helyet jelöli, amelyre a felhasználó a felugró ablak elindításához rákattintott vagy megérintette a térképen. Előfordulhat olyan eset, amikor ez az érték pont, kiterjedés vagy „null”, mivel az előugró ablakok nem mindig térkép-interakcióval nyílnak meg. Ezért használat előtt ajánlott ellenőrizni az érték geometriatípusát.","type":"geometry"},{"name":"$graph","description":"A vektoros elemhez kapcsolódó tudásgráf. Ha nem áll rendelkezésre tudásgráf, az érték „null” lesz.","type":"knowledgeGraph"},{"name":"$view","type":"dictionary","description":"A nézetből elérhető tulajdonságok.","properties":[{"name":"scale","type":"number","description":"A térkép méretarányát adja vissza a kifejezés által értékelt időpontban."},{"name":"timeProperties","type":"dictionary","properties":[{"name":"currentStart","type":"date","description":"A térkép időbeli kiterjedésének kezdési ideje, amelyet egy időcsúszka-komponens jelez, amikor sor kerül a kifejezés kiértékelésére. Ez az érték dinamikusan frissül (és elindíthatja az Arcade-kifejezés újbóli végrehajtását), amikor egy időcsúszkát használnak az időspecifikus előugró ablakok dátummező alapján történő frissítésére. A „null” érték azt jelzi, hogy a kezdési idő az idő kezdete óta beletartozó."},{"name":"currentEnd","type":"date","description":"A térkép időbeli kiterjedésének befejezési ideje, amelyet egy időcsúszka-komponens jelez, amikor sor kerül a kifejezés kiértékelésére. Ez az érték dinamikusan frissül (és elindíthatja az Arcade-kifejezés újbóli végrehajtását), amikor egy időcsúszkát használnak az időspecifikus előugró ablakok dátummező alapján történő frissítésére. A „null” érték azt jelzi, hogy a befejezési idő határozatlan, és nincs vége."},{"name":"startIncluded","type":"boolean","description":"Azt jelzi, hogy a „currentStart” dátum szerepel-e a térkép aktuális időbeli kiterjedésében."},{"name":"endIncluded","type":"boolean","description":"Azt jelzi, hogy a „currentEnd” dátum szerepel-e a térkép aktuális időbeli kiterjedésében."}],"description":""}]}]},{"name":"Popup element","id":"popup-element","bundles":["core","data-access","geometry","portal-access","knowledge-graph"],"variables":[{"name":"$feature","type":"feature","description":"Annak a vektoros elemnek az attribútumaihoz és geometriájához nyújt hozzáférést, amelynek előugró ablaka megjelenik a nézetben."},{"name":"$layer","description":"Az azzal a $feature változóval egy rétegben lévő vektoros elemek gyűjteménye, amelynek előugró ablaka megjelenik a nézetben.","type":"featureSet"},{"name":"$map","description":"Az azzal a $feature változóval egy térképen lévő rétegek gyűjteménye, amelynek előugró ablaka megjelenik a nézetben. Előfordulhat, hogy az érték „null”, amikor nem kapcsolódik előugró ablak a térképhez.","type":"featureSetCollection"},{"name":"$datastore","description":"Az azzal a $feature változóval egy vektoros szolgáltatásban vagy adatbázisban lévő rétegek gyűjteménye, amelynek előugró ablaka megjelenik a nézetben.","type":"featureSetCollection"},{"name":"$userInput","description":"Egy geometria, amely egy felugró ablak felhasználói bemenetét reprezentálja. Általában ez azt a helyet jelöli, amelyre a felhasználó a felugró ablak elindításához rákattintott vagy megérintette a térképen. Előfordulhat olyan eset, amikor ez az érték pont, kiterjedés vagy „null”, mivel az előugró ablakok nem mindig térkép-interakcióval nyílnak meg. Ezért használat előtt ajánlott ellenőrizni az érték geometriatípusát.","type":"geometry"},{"name":"$graph","description":"A vektoros elemhez kapcsolódó tudásgráf. Ha nem áll rendelkezésre tudásgráf, az érték „null” lesz.","type":"knowledgeGraph"},{"name":"$view","type":"dictionary","description":"A nézetből elérhető tulajdonságok.","properties":[{"name":"scale","type":"number","description":"A térkép méretarányát adja vissza a kifejezés által értékelt időpontban."},{"name":"timeProperties","type":"dictionary","properties":[{"name":"currentStart","type":"date","description":"A térkép időbeli kiterjedésének kezdési ideje, amelyet egy időcsúszka-komponens jelez, amikor sor kerül a kifejezés kiértékelésére. Ez az érték dinamikusan frissül (és elindíthatja az Arcade-kifejezés újbóli végrehajtását), amikor egy időcsúszkát használnak az időspecifikus előugró ablakok dátummező alapján történő frissítésére. A „null” érték azt jelzi, hogy a kezdési idő az idő kezdete óta beletartozó."},{"name":"currentEnd","type":"date","description":"A térkép időbeli kiterjedésének befejezési ideje, amelyet egy időcsúszka-komponens jelez, amikor sor kerül a kifejezés kiértékelésére. Ez az érték dinamikusan frissül (és elindíthatja az Arcade-kifejezés újbóli végrehajtását), amikor egy időcsúszkát használnak az időspecifikus előugró ablakok dátummező alapján történő frissítésére. A „null” érték azt jelzi, hogy a befejezési idő határozatlan, és nincs vége."},{"name":"startIncluded","type":"boolean","description":"Azt jelzi, hogy a „currentStart” dátum szerepel-e a térkép aktuális időbeli kiterjedésében."},{"name":"endIncluded","type":"boolean","description":"Azt jelzi, hogy a „currentEnd” dátum szerepel-e a térkép aktuális időbeli kiterjedésében."}],"description":""}]}]},{"name":"Popup feature reduction","id":"popup-feature-reduction","bundles":["core","data-access","geometry","portal-access"],"variables":[{"name":"$feature","type":"feature","description":"A klaszterezés során vagy a tárolási előugró ablakokban meghatározott összesített mezőkhöz nyújt hozzáférést."},{"name":"$aggregatedFeatures","description":"A klaszter vagy tároló áltasl képviselt valamennyi vektoros elemet tartalmazó FeatureSet.","type":"featureSet"},{"name":"$view","type":"dictionary","description":"A nézetből elérhető tulajdonságok.","properties":[{"name":"scale","type":"number","description":"A térkép méretarányát adja vissza a kifejezés által értékelt időpontban."},{"name":"timeProperties","type":"dictionary","properties":[{"name":"currentStart","type":"date","description":"A térkép időbeli kiterjedésének kezdési ideje, amelyet egy időcsúszka-komponens jelez, amikor sor kerül a kifejezés kiértékelésére. Ez az érték dinamikusan frissül (és elindíthatja az Arcade-kifejezés újbóli végrehajtását), amikor egy időcsúszkát használnak az időspecifikus előugró ablakok dátummező alapján történő frissítésére. A „null” érték azt jelzi, hogy a kezdési idő az idő kezdete óta beletartozó."},{"name":"currentEnd","type":"date","description":"A térkép időbeli kiterjedésének befejezési ideje, amelyet egy időcsúszka-komponens jelez, amikor sor kerül a kifejezés kiértékelésére. Ez az érték dinamikusan frissül (és elindíthatja az Arcade-kifejezés újbóli végrehajtását), amikor egy időcsúszkát használnak az időspecifikus előugró ablakok dátummező alapján történő frissítésére. A „null” érték azt jelzi, hogy a befejezési idő határozatlan, és nincs vége."},{"name":"startIncluded","type":"boolean","description":"Azt jelzi, hogy a „currentStart” dátum szerepel-e a térkép aktuális időbeli kiterjedésében."},{"name":"endIncluded","type":"boolean","description":"Azt jelzi, hogy a „currentEnd” dátum szerepel-e a térkép aktuális időbeli kiterjedésében."}],"description":""}]}]},{"name":"Popup element feature reduction","id":"popup-element-feature-reduction","bundles":["core","data-access","geometry","portal-access"],"variables":[{"name":"$feature","type":"feature","description":"A klaszterezés során vagy a tárolási előugró ablakokban meghatározott összesített mezőkhöz nyújt hozzáférést."},{"name":"$aggregatedFeatures","description":"A klaszter vagy tároló áltasl képviselt valamennyi vektoros elemet tartalmazó FeatureSet.","type":"featureSet"},{"name":"$view","type":"dictionary","description":"A nézetből elérhető tulajdonságok.","properties":[{"name":"scale","type":"number","description":"A térkép méretarányát adja vissza a kifejezés által értékelt időpontban."},{"name":"timeProperties","type":"dictionary","properties":[{"name":"currentStart","type":"date","description":"A térkép időbeli kiterjedésének kezdési ideje, amelyet egy időcsúszka-komponens jelez, amikor sor kerül a kifejezés kiértékelésére. Ez az érték dinamikusan frissül (és elindíthatja az Arcade-kifejezés újbóli végrehajtását), amikor egy időcsúszkát használnak az időspecifikus előugró ablakok dátummező alapján történő frissítésére. A „null” érték azt jelzi, hogy a kezdési idő az idő kezdete óta beletartozó."},{"name":"currentEnd","type":"date","description":"A térkép időbeli kiterjedésének befejezési ideje, amelyet egy időcsúszka-komponens jelez, amikor sor kerül a kifejezés kiértékelésére. Ez az érték dinamikusan frissül (és elindíthatja az Arcade-kifejezés újbóli végrehajtását), amikor egy időcsúszkát használnak az időspecifikus előugró ablakok dátummező alapján történő frissítésére. A „null” érték azt jelzi, hogy a befejezési idő határozatlan, és nincs vége."},{"name":"startIncluded","type":"boolean","description":"Azt jelzi, hogy a „currentStart” dátum szerepel-e a térkép aktuális időbeli kiterjedésében."},{"name":"endIncluded","type":"boolean","description":"Azt jelzi, hogy a „currentEnd” dátum szerepel-e a térkép aktuális időbeli kiterjedésében."}],"description":""}]}]},{"name":"Quick Capture","id":"quick-capture","bundles":["core","data-access","geometry","portal-access"],"variables":[{"name":"$feature","type":"feature","description":"A vektoros elem attribútumait teszi közzé a számításban való felhasználáshoz."},{"name":"$layer","type":"featureSet","description":"A $feature változóval egy rétegben lévő vektoros elemek gyűjteménye."},{"name":"$datastore","type":"featureSetCollection","description":"A $feature változóval egy vektoros szolgáltatásban vagy adatbázisban lévő rétegek gyűjteménye."},{"name":"$map","type":"featureSetCollection","description":"A QuickCapture-projekt által használt térképen lévő vektorosszolgáltatás-rétegek gyűjteménye. Ez a változó lehet „null” értékű."}]},{"name":"Tasks","id":"tasks","bundles":["core","data-access","geometry","portal-access"],"variables":[{"name":"$feature","description":"A feladat által éppen értékelt vektoros elem.","type":"feature"},{"name":"$datastore","description":"A feladat által éppen értékelt $feature változóval egy vektoros szolgáltatásban vagy adatbázisban lévő rétegek gyűjteménye.","type":"featureSetCollection"}]},{"name":"Velocity","id":"velocity","bundles":["core","geometry","track"],"variables":[{"name":"$feature","type":"feature","description":"Az önálló (egyes) bemenetekkel rendelkező elemző eszközökben az éppen számított, értékelt vagy művelet alatt álló vektoros elem."},{"name":"$target","type":"feature","description":"A két bemenettel rendelkező elemző eszközökben a szűrés vagy bővítés szempontjából értékelt vektoros elem."},{"name":"$join","type":"feature","description":"A két bemenettel rendelkező elemző eszközökben a cél vektoros elem értékeléséhez vagy bővítéséhez értékeket biztosító vektoros elem."},{"name":"$analytic","type":"dictionary","description":"Az elemzéshez társított időértékek, például kezdő időpont, utolsó záró időpont stb.","properties":[]}]},{"name":"Visualization","id":"visualization","bundles":["core","geometry"],"variables":[{"name":"$feature","description":"A térképen ábrázolni kívánt vektoeros elem.","type":"feature"},{"name":"$view","type":"dictionary","description":"A nézetből elérhető tulajdonságok.","properties":[{"name":"scale","type":"number","description":"A térkép méretarányát adja vissza a kifejezés által értékelt időpontban."},{"name":"timeProperties","type":"dictionary","properties":[{"name":"currentStart","type":"date","description":"A térkép időbeli kiterjedésének kezdési ideje, amelyet egy időcsúszka-komponens jelez, amikor sor kerül a kifejezés kiértékelésére. Ez az érték dinamikusan frissül (és elindíthatja az Arcade-kifejezés újbóli végrehajtását), amikor egy időcsúszkát használnak az időspecifikus megjelenítések dátummező alapján történő frissítésére. A „null” érték azt jelzi, hogy a kezdési idő az idő kezdete óta beletartozó."},{"name":"currentEnd","type":"date","description":"A térkép időbeli kiterjedésének befejezési ideje, amelyet egy időcsúszka-komponens jelez, amikor sor kerül a kifejezés kiértékelésére. Ez az érték dinamikusan frissül (és elindíthatja az Arcade-kifejezés újbóli végrehajtását), amikor egy időcsúszkát használnak az időspecifikus megjelenítések dátummező alapján történő frissítésére. A „null” érték azt jelzi, hogy a befejezési idő határozatlan, és nincs vége."},{"name":"startIncluded","type":"boolean","description":"Azt jelzi, hogy a „currentStart” dátum szerepel-e a térkép aktuális időbeli kiterjedésében."},{"name":"endIncluded","type":"boolean","description":"Azt jelzi, hogy a „currentEnd” dátum szerepel-e a térkép aktuális időbeli kiterjedésében."}],"description":""}]}]},{"name":"Voxel popup","id":"popup-voxel","bundles":["core"],"variables":[{"name":"$voxel","type":"voxel","description":"Hozzáférést biztosít annak a voxelnek az attribútumaihoz, amelynek felugró ablakát meg kell jeleníteni a 3D térképen."}]},{"name":"Voxel popup element","id":"popup-element-voxel","bundles":["core"],"variables":[{"name":"$voxel","type":"voxel","description":"Hozzáférést biztosít annak a voxelnek az attribútumaihoz, amelynek felugró ablakát meg kell jeleníteni a 3D térképen."}]}]