[{"name":"Minimalist","id":"minimalist","bundles":["core","data-access","geometry","portal-access"],"variables":[]},{"name":"Aggregate Field","id":"aggregate-field","bundles":["core","geometry"],"variables":[{"name":"$feature","description":"Individualus elementas, įtrauktas į agreguotą elementą Tai suteikia prieigą prie visų elemento lauko atributų.","type":"feature"}]},{"name":"Alias","id":"alias","bundles":["core","geometry"],"variables":[{"name":"$value","type":"number","description":"Skaitinė reikšmė, kuriai reikia tekstinio pseudonimo."},{"name":"$feature","type":"feature","description":"Elementas, kuriam reikia tekstinio pseudonimo."}]},{"name":"Attribute rule calculation","id":"attribute-rule-calculation","bundles":["core","data-access","database","geometry","portal-access","ai"],"variables":[{"name":"$feature","type":"feature","description":"Elementas apskaičiuojamas."},{"name":"$originalFeature","type":"feature","description":"Ankstesnė skaičiuojamo elemento būsena."},{"name":"$featureSet","type":"featureSet","description":"Elementų rinkinys toje pačioje lentelėje kaip $feature įvertinant išraišką."},{"name":"$datastore","type":"featureSetCollection","description":"Sluoksnių rinkinys toje pačioje elementų paslaugoje arba duomenų bazėje kaip ir $feature vykdant scenarijų."},{"name":"$editcontext","type":"dictionary","properties":[{"name":"editType","type":"text","description":"Nurodo, ar redagavimo įvykis yra INSERT, UPDATE, DELETE ar NA (netaikoma)."}],"description":""}]},{"name":"Attribute rule constraint","id":"attribute-rule-constraint","bundles":["core","data-access","geometry","portal-access"],"variables":[{"name":"$feature","type":"feature","description":"Elementas apskaičiuojamas."},{"name":"$originalFeature","type":"feature","description":"Ankstesnė skaičiuojamo elemento būsena."},{"name":"$featureSet","type":"featureSet","description":"Elementų rinkinys toje pačioje lentelėje kaip $feature įvertinant išraišką."},{"name":"$datastore","type":"featureSetCollection","description":"Sluoksnių rinkinys toje pačioje elementų paslaugoje arba duomenų bazėje kaip ir $feature vykdant scenarijų."},{"name":"$editcontext","type":"dictionary","properties":[{"name":"editType","type":"text","description":"Nurodo, ar redagavimo įvykis yra INSERT, UPDATE, DELETE ar NA (netaikoma)."}],"description":""}]},{"name":"Attribute rule validation","id":"attribute-rule-validation","bundles":["core","data-access","geometry","portal-access"],"variables":[{"name":"$feature","type":"feature","description":"Elementas apskaičiuojamas."},{"name":"$featureSet","type":"featureSet","description":"Elementų rinkinys toje pačioje lentelėje kaip $feature įvertinant išraišką."},{"name":"$datastore","type":"featureSetCollection","description":"Sluoksnių rinkinys toje pačioje elementų paslaugoje arba duomenų bazėje kaip ir $feature vykdant scenarijų."}]},{"name":"Dashboard indicator formatting","id":"dashboard-indicator-formatting","bundles":["core"],"variables":[{"name":"$datapoint","type":"feature","description":"Duomenų taškas vertinamas pagal vizualinį elementą."},{"name":"$reference","type":"dictionary","description":"Nuorodos reikšmė vertinama pagal vizualinį elementą.","properties":[]}]},{"name":"Dashboard list formatting","id":"dashboard-list-formatting","bundles":["core"],"variables":[{"name":"$datapoint","type":"feature","description":"Duomenų taškas vertinamas pagal vizualinį elementą."}]},{"name":"Dashboard table formatting","id":"dashboard-table-formatting","bundles":["core"],"variables":[{"name":"$datapoint","type":"feature","description":"Duomenų taškas vertinamas pagal vizualinį elementą."},{"name":"$rowindex","type":"number","description":"Eilutės padėtis lentelėje (nuo nulio)."}]},{"name":"Dashboard data","id":"dashboard-data","bundles":["core","geometry","data-access","portal-access","knowledge-graph"],"variables":[]},{"name":"Data Pipelines","id":"data-pipelines","bundles":["core"],"variables":[{"name":"$record","type":"dictionary","description":"Suteikiama prieiga prie įrašo atributų/lauko reikšmių skaičiavimų.","properties":[]}]},{"name":"Dictionary renderer","id":"dictionary-renderer","bundles":["core","geometry"],"variables":[{"name":"$feature","type":"feature","description":"Elementas, kuris turi būti nubraižytas žemėlapyje."},{"name":"$config","type":"dictionary","description":"Konfigūracijos verčių žodynas.","properties":[]}]},{"name":"Experience Builder data","id":"experience-builder-data","bundles":["core","data-access","geometry","portal-access"],"variables":[]},{"name":"Experience Builder list item widget formatting","id":"experience-builder-list-item-widget-formatting","bundles":["core"],"variables":[{"name":"$feature","type":"feature","description":"Nurodo elementą elementų sąraše."}]},{"name":"Experience Builder widget formatting","id":"experience-builder-widget-formatting","bundles":["core","data-access"],"variables":[{"name":"$dataSources","type":"dictionary","description":"Valdiklio naudojami duomenų šaltiniai. Tai žodynas, kuriame yra raktų ir verčių poros, kur kiekvienas raktas yra duomenų šaltinio ID (pvz., „dataSource_1-187acf797e1-layer-5-selection“).","properties":[]}]},{"name":"Feature Display Title","id":"feature-display-title","bundles":["core"],"variables":[{"name":"$feature","type":"feature","description":"Elementas arba eilutė, kurios pavadinimas rodomas naudotojo sąsajoje."}]},{"name":"Feature Z","id":"feature-z","bundles":["core","geometry"],"variables":[{"name":"$feature","type":"feature","description":"Elementas, kuriam reikia Z reikšmės."}]},{"name":"Field calculation","id":"field-calculation","bundles":["core","data-access","geometry","portal-access","knowledge-graph","ai"],"variables":[{"name":"$feature","type":"feature","description":"Elementas apskaičiuojamas."},{"name":"$datastore","type":"featureSetCollection","description":"Sluoksnių rinkinys toje pačioje elementų paslaugoje arba duomenų bazėje kaip ir $feature vykdant skaičiavimą."}]},{"name":"Field mapping","id":"field-mapping","bundles":["core","data-access","geometry","portal-access"],"variables":[{"name":"$sourceFeature","type":"feature","description":"Lauko žemėlapio šaltinio elementas."},{"name":"$targetFeature","type":"feature","description":"Lauko žemėlapio tikslinis elementas."},{"name":"$sourceLayer","type":"featureSet","description":"Elementų rinkinys tame pačiame sluoksnyje kaip $sourcefeature."},{"name":"$targetLayer","type":"featureSet","description":"Elementų rinkinys tame pačiame sluoksnyje kaip $targetfeature."},{"name":"$map","type":"featureSetCollection","description":"Sluoksnių rinkinys vykdomos Arcade išraiškos žemėlapyje."},{"name":"$sourceDatastore","type":"featureSetCollection","description":"Sluoksnių rinkinys toje pačioje duomenų saugykloje kaip $sourcelayer."},{"name":"$targetDatastore","type":"featureSetCollection","description":"Sluoksnių rinkinys toje pačioje duomenų saugykloje kaip $targetlayer."}]},{"name":"Form Attachment Filename Calculation","id":"form-attachment-filename-calculation","bundles":["core","data-access","geometry","portal-access"],"variables":[{"name":"$feature","type":"feature","description":"Į_The feature being calculated______________________________š."},{"name":"$originalFeature","type":"feature","description":"Į_The previous state of the feature being calculated___________________________š."},{"name":"$layer","type":"featureSet","description":"Į_A collection of features in the same layer as $feature_____________________________š."},{"name":"$datastore","type":"featureSetCollection","description":"Į_A collection of layers in the same feature service or database as $feature_______________________________________š."},{"name":"$featureset","type":"featureSet","description":"Į_A collection of features in the same table as $feature_____________________________š."},{"name":"$map","type":"featureSetCollection","description":"Į_A collection of feature service layers in the same map as $feature___________________________________š."},{"name":"$formElement","type":"dictionary","description":"Į_Information associated with the form element________________________š.","properties":[{"name":"attachmentKeyword","type":"text","description":"Į_A text value identifying the content of the attachment. When a file is attached using the form, this property can be used in determining a new filename for the attachment_______________________________________________________________________________________š."},{"name":"label","type":"text","description":"Į_A text value indicating what the element represents___________________________š."},{"name":"description","type":"text","description":"Į_A text value that describes the element in detail__________________________š."}]}]},{"name":"Form calculation","id":"form-calculation","bundles":["core","data-access","geometry","portal-access","ai"],"variables":[{"name":"$feature","type":"feature","description":"Parodo elemento atributus, skirtus naudoti skaičiavimo metu"},{"name":"$originalFeature","type":"feature","description":"Ankstesnė skaičiuojamo elemento būsena."},{"name":"$layer","type":"featureSet","description":"Elementų rinkinys tame pačiame sluoksnyje kaip $feature."},{"name":"$datastore","type":"featureSetCollection","description":"Sluoksnių rinkinys toje pačioje elementų paslaugoje arba duomenų bazėje kaip ir $feature."},{"name":"$featureset","type":"featureSet","description":"Elementų rinkinys tame pačiame sluoksnyje kaip $feature."},{"name":"$map","type":"featureSetCollection","description":"Elementų paslaugų sluoksnių rinkinys tame pačiame žemėlapyje kaip $feature."},{"name":"$editcontext","type":"dictionary","properties":[{"name":"editType","type":"text","description":"Nurodo, ar redagavimo įvykis yra INSERT, UPDATE, DELETE ar NA (netaikoma)."}],"description":""}]},{"name":"Form Constraint","id":"form-constraint","bundles":["core","geometry","data-access","portal-access"],"variables":[{"name":"$feature","type":"feature","description":"Elementas vertinamas dėl apribojimo."},{"name":"$originalFeature","type":"feature","description":"Ankstesnė elemento būsena."},{"name":"$layer","type":"featureSet","description":"Elementų rinkinys tame pačiame sluoksnyje kaip $feature."},{"name":"$datastore","type":"featureSetCollection","description":"Sluoksnių rinkinys toje pačioje elementų paslaugoje arba duomenų bazėje kaip ir $feature."},{"name":"$featureset","type":"featureSet","description":"Elementų rinkinys tame pačiame sluoksnyje kaip $feature."},{"name":"$map","type":"featureSetCollection","description":"Elementų paslaugų sluoksnių rinkinys tame pačiame žemėlapyje kaip $feature."},{"name":"$editcontext","type":"dictionary","properties":[{"name":"editType","type":"text","description":"Nurodo, ar redagavimo įvykis yra INSERT, UPDATE, DELETE ar NA (netaikoma)."}],"description":""}]},{"name":"Geoanalytics","id":"geoanalytics","bundles":["core","geometry","track"],"variables":[{"name":"$feature","type":"feature","description":"Elementas apskaičiuojamas."}]},{"name":"Geotrigger notification","id":"geotrigger-notification","bundles":["core","geometry","data-access"],"variables":[{"name":"$feedFeature","type":"feature","description":"Įvesties elementas (pvz., įrenginio vieta arba elementas), dėl kurio buvo suaktyvintas Geotrigger. Šis elementas turi apimti geometriją (paprastai tašką) ir fiksuotą schemą su šiomis savybėmis: `course` (vietos kursas laipsniais pagal laikrodžio rodyklę, kai 0 yra tikroji šiaurė) ir `horizontalaccuracy` (vietos horizontalusis tikslumas metrais)."},{"name":"$fenceFeature","type":"feature","description":"Elementas (pvz., dominanti sritis), į kurį buvo įeita arba iš jo išeita, todėl buvo suaktyvintas Geotrigger."},{"name":"$fenceLayer","type":"featureSet","description":"Elementų rinkinys tame pačiame sluoksnyje kaip $fenceFeature."},{"name":"$fenceNotificationType","type":"text","description":"Įvykio aprašymas – „įėjo“ arba „išėjo“."}]},{"name":"Imagery popup","id":"popup-imagery","bundles":["core","geometry"],"variables":[{"name":"$pixel","type":"pixel","description":"Į_The pixel value and other pixel-dependent information (e.g. classification category), including virtual raster fields, for the imagery layer currently displayed in the view________________________________________________________________________________________š."},{"name":"$imageCollectionItem","type":"feature","description":"Į_The metadata of the selected image collection item containing the pixel represented by `$pixel`. This value will be `null` if there is no associated image collection____________________________________________________________________________________š."},{"name":"$view","type":"dictionary","description":"Į_Properties available from the view___________________š.","properties":[{"name":"scale","type":"number","description":"Į_Returns the scale of the map at the time the expression evaluates__________________________________š."},{"name":"timeProperties","type":"dictionary","properties":[{"name":"currentStart","type":"date","description":"Į_The start time of the map's time extent as indicated by a time slider component at the time the expression evaluates. This value dynamically updates (and may trigger the re-execution of the Arcade expression) when a time slider is used to update time-aware popups based on date field. A `null` value indicates the start time is inclusive since the beginning of time________________________________________________________________________________________________________________________________________________________________________________________š."},{"name":"currentEnd","type":"date","description":"Į_The end time of the map's time extent as indicated by a time slider component at the time the expression evaluates. This value dynamically updates (and may trigger the re-execution of the Arcade expression) when a time slider is used to update time-aware popups based on date field. A `null` value indicates the end time is indefinite with no end_______________________________________________________________________________________________________________________________________________________________________________š."},{"name":"startIncluded","type":"boolean","description":"Į_Indicates if the `currentStart` date is included in the map's current time extent__________________________________________š."},{"name":"endIncluded","type":"boolean","description":"Į_Indicates if the `currentEnd` date is included in the map's current time extent_________________________________________š."}],"description":""}]},{"name":"$userInput","description":"Į_A geometry representing a user's input for a popup. Typically, this represents a location where the user clicked or tapped in a map to launch a popup. There may be cases where this value is a Point, an Extent, or `null` as popups are not always opened from map interaction. Therefore, it is advised to check the geometry type of this value before it is used____________________________________________________________________________________________________________________________________________________________________________________š.","type":"geometry"}]},{"name":"Imagery popup element","id":"popup-element-imagery","bundles":["core","geometry"],"variables":[{"name":"$pixel","type":"pixel","description":"Į_The pixel value and other pixel-dependent information (e.g. classification category), including virtual raster fields, for the imagery layer currently displayed in the view________________________________________________________________________________________š."},{"name":"$imageCollectionItem","type":"feature","description":"Į_The metadata of the selected image collection item containing the pixel represented by `$pixel`. This value will be `null` if there is no associated image collection____________________________________________________________________________________š."},{"name":"$view","type":"dictionary","description":"Į_Properties available from the view___________________š.","properties":[{"name":"scale","type":"number","description":"Į_Returns the scale of the map at the time the expression evaluates__________________________________š."},{"name":"timeProperties","type":"dictionary","properties":[{"name":"currentStart","type":"date","description":"Į_The start time of the map's time extent as indicated by a time slider component at the time the expression evaluates. This value dynamically updates (and may trigger the re-execution of the Arcade expression) when a time slider is used to update time-aware popups based on date field. A `null` value indicates the start time is inclusive since the beginning of time________________________________________________________________________________________________________________________________________________________________________________________š."},{"name":"currentEnd","type":"date","description":"Į_The end time of the map's time extent as indicated by a time slider component at the time the expression evaluates. This value dynamically updates (and may trigger the re-execution of the Arcade expression) when a time slider is used to update time-aware popups based on date field. A `null` value indicates the end time is indefinite with no end_______________________________________________________________________________________________________________________________________________________________________________š."},{"name":"startIncluded","type":"boolean","description":"Į_Indicates if the `currentStart` date is included in the map's current time extent__________________________________________š."},{"name":"endIncluded","type":"boolean","description":"Į_Indicates if the `currentEnd` date is included in the map's current time extent_________________________________________š."}],"description":""}]},{"name":"$userInput","description":"Į_A geometry representing a user's input for a popup. Typically, this represents a location where the user clicked or tapped in a map to launch a popup. There may be cases where this value is a Point, an Extent, or `null` as popups are not always opened from map interaction. Therefore, it is advised to check the geometry type of this value before it is used____________________________________________________________________________________________________________________________________________________________________________________š.","type":"geometry"}]},{"name":"Labeling","id":"labeling","bundles":["core","geometry"],"variables":[{"name":"$feature","type":"feature","description":"Elementas, kurio žymė turi būti rodoma žemėlapyje."},{"name":"$view","type":"dictionary","description":"Iš peržiūros pasiekiamos savybės.","properties":[{"name":"scale","type":"number","description":"Grąžina žemėlapio mastelį išraiškos vertinimo metu."},{"name":"timeProperties","type":"dictionary","properties":[{"name":"currentStart","type":"date","description":"Žemėlapio laiko apimties pradžios laikas, kaip rodo laiko slankinklio komponentas išraiškos vertinimo metu. Reikšmė atnaujinama dinamiškai (ir gali inicijuoti Arcade išraiškos vykdymą iš naujo), kai laiko slankiklis naudojamas siekiant atnaujinti užrašus, kuriose atsižvelgiama į laiką, remiantis datos lauku. Nulinė reikšmė nurodo, kad pradžios laikas apima laiką nuo jo pradžios."},{"name":"currentEnd","type":"date","description":"Žemėlapio laiko apimties pabaigos laikas, kaip rodo laiko slankinklio komponentas išraiškos vertinimo metu. Reikšmė atnaujinama dinamiškai (ir gali inicijuoti Arcade išraiškos vykdymą iš naujo), kai laiko slankiklis naudojamas siekiant atnaujinti užrašus, kuriose atsižvelgiama į laiką, remiantis datos lauku. Nulinė reikšmė nurodo, kad pabaigos laikas yra neapibrėžtas ir pabaigos laiko nėra."},{"name":"startIncluded","type":"boolean","description":"Nurodo, ar data „currentStart“ įtraukta į dabartinę žemėlapio laiko apimtį."},{"name":"endIncluded","type":"boolean","description":"Nurodo, ar data „currentEnd“ įtraukta į dabartinę žemėlapio laiko apimtį."}],"description":""}]}]},{"name":"Layout","id":"layout","bundles":["core","geometry"],"variables":[{"name":"$feature","type":"feature","description":"Elementas, kurio reikšmės gali būti rodomos makete."}]},{"name":"Location update constraint","id":"location-update-constraint","bundles":["core","geometry"],"variables":[{"name":"$locationupdate","type":"dictionary","description":"Vietos atnaujinimo funkcija (pvz., iš GPS) vertinama dėl apribojimo.","properties":[{"name":"course","type":"number","description":"Vietos kursas laipsniais pagal laikrodžio rodyklę, 0 yra tikroji šiaurė."},{"name":"horizontalaccuracy","type":"number","description":"Horizontalus vietos tikslumas metrais."},{"name":"verticalaccuracy","type":"number","description":"Vertikalus vietos tikslumas metrais."},{"name":"velocity","type":"number","description":"Vietos greitis metrais per sekundę."}]}]},{"name":"Model Builder","id":"model-builder","bundles":["core","geometry","data-access","portal-access"],"variables":[{"name":"$variables","type":"dictionary","description":"Žodynas, kuriame yra kintamųjų pavadinimai ir reikšmės.","properties":[]}]},{"name":"Measure visualization","id":"measure-visualization","bundles":["core","geometry"],"variables":[{"name":"$measure","type":"number","description":"Interpoliuota M reikšmė žymeklio vietai."},{"name":"$feature","type":"feature","description":"Elementas, kuris turi būti nubraižytas žemėlapyje."},{"name":"$view","type":"dictionary","properties":[{"name":"scale","type":"number","description":"Grąžina žemėlapio mastelį išraiškos vertinimo metu."}],"description":""}]},{"name":"Popup","id":"popup","bundles":["core","data-access","geometry","portal-access","knowledge-graph"],"variables":[{"name":"$feature","type":"feature","description":"Suteikia prieigą prie elemento, kurio iššokantis langas turi būti rodomas rodinyje, atributų ir geometrijos."},{"name":"$layer","description":"Elementų rinkinys tame pačiame sluoksnyje kaip $feature, kurio iššokantis langas rodomas rodinyje.","type":"featureSet"},{"name":"$map","description":"Sluoksnių rinkinys tame pačiame žemėlapyje kaip $feature, kurio iššokantis langas rodomas rodinyje. Ši reikšmė gali būti „null“ tais atvejais, kai iššokantis langas nesusietas su žemėlapiu.","type":"featureSetCollection"},{"name":"$datastore","description":"Sluoksnių rinkinys toje pačioje elementų paslaugoje arba duomenų bazėje kaip $feature, kurios iššokantis langas rodomas rodinyje.","type":"featureSetCollection"},{"name":"$userInput","description":"Geometrija, vaizduojanti naudotojo įvestį iškylančiajame lange. Paprastai tai yra vieta, kurioje naudotojas spustelėjo arba bakstelėjo žemėlapį, kad atidarytų iškylantyjį langą. Gali būti atvejų, kai ši reikšmė yra taškas, aprėptis arba „null“, nes iššokantieji langai ne visada atidaromi spustelėjus žemėlapį. Todėl prieš naudojant šią reikšmę rekomenduojama patikrinti geometrijos tipą.","type":"geometry"},{"name":"$graph","description":"Žinių diagrama susieta su elementu. Jei žinių diagramos nėra, reikšmė bus „null“.","type":"knowledgeGraph"},{"name":"$view","type":"dictionary","description":"Iš peržiūros pasiekiamos savybės.","properties":[{"name":"scale","type":"number","description":"Grąžina žemėlapio mastelį išraiškos vertinimo metu."},{"name":"timeProperties","type":"dictionary","properties":[{"name":"currentStart","type":"date","description":"Žemėlapio laiko apimties pradžios laikas, kaip rodo laiko slankinklio komponentas išraiškos vertinimo metu. Reikšmė atnaujinama dinamiškai (ir gali inicijuoti Arcade išraiškos vykdymą iš naujo), kai laiko slankiklis naudojamas siekiant atnaujinti iškylančiuosius langus, kuriose atsižvelgiama į laiką, remiantis datos lauku. Nulinė reikšmė nurodo, kad pradžios laikas apima laiką nuo jo pradžios."},{"name":"currentEnd","type":"date","description":"Žemėlapio laiko apimties pabaigos laikas, kaip rodo laiko slankinklio komponentas išraiškos vertinimo metu. Reikšmė atnaujinama dinamiškai (ir gali inicijuoti Arcade išraiškos vykdymą iš naujo), kai laiko slankiklis naudojamas siekiant atnaujinti iškylančiuosius langus, kuriose atsižvelgiama į laiką, remiantis datos lauku. Nulinė reikšmė nurodo, kad pabaigos laikas yra neapibrėžtas ir pabaigos laiko nėra."},{"name":"startIncluded","type":"boolean","description":"Nurodo, ar data „currentStart“ įtraukta į dabartinę žemėlapio laiko apimtį."},{"name":"endIncluded","type":"boolean","description":"Nurodo, ar data „currentEnd“ įtraukta į dabartinę žemėlapio laiko apimtį."}],"description":""}]}]},{"name":"Popup element","id":"popup-element","bundles":["core","data-access","geometry","portal-access","knowledge-graph"],"variables":[{"name":"$feature","type":"feature","description":"Suteikia prieigą prie elemento, kurio iššokantis langas turi būti rodomas rodinyje, atributų ir geometrijos."},{"name":"$layer","description":"Elementų rinkinys tame pačiame sluoksnyje kaip $feature, kurio iššokantis langas rodomas rodinyje.","type":"featureSet"},{"name":"$map","description":"Sluoksnių rinkinys tame pačiame žemėlapyje kaip $feature, kurio iššokantis langas rodomas rodinyje. Ši reikšmė gali būti „null“ tais atvejais, kai iššokantis langas nesusietas su žemėlapiu.","type":"featureSetCollection"},{"name":"$datastore","description":"Sluoksnių rinkinys toje pačioje elementų paslaugoje arba duomenų bazėje kaip $feature, kurios iššokantis langas rodomas rodinyje.","type":"featureSetCollection"},{"name":"$userInput","description":"Geometrija, vaizduojanti naudotojo įvestį iškylančiajame lange. Paprastai tai yra vieta, kurioje naudotojas spustelėjo arba bakstelėjo žemėlapį, kad atidarytų iškylantyjį langą. Gali būti atvejų, kai ši reikšmė yra taškas, aprėptis arba „null“, nes iššokantieji langai ne visada atidaromi spustelėjus žemėlapį. Todėl prieš naudojant šią reikšmę rekomenduojama patikrinti geometrijos tipą.","type":"geometry"},{"name":"$graph","description":"Žinių diagrama susieta su elementu. Jei žinių diagramos nėra, reikšmė bus „null“.","type":"knowledgeGraph"},{"name":"$view","type":"dictionary","description":"Iš peržiūros pasiekiamos savybės.","properties":[{"name":"scale","type":"number","description":"Grąžina žemėlapio mastelį išraiškos vertinimo metu."},{"name":"timeProperties","type":"dictionary","properties":[{"name":"currentStart","type":"date","description":"Žemėlapio laiko apimties pradžios laikas, kaip rodo laiko slankinklio komponentas išraiškos vertinimo metu. Reikšmė atnaujinama dinamiškai (ir gali inicijuoti Arcade išraiškos vykdymą iš naujo), kai laiko slankiklis naudojamas siekiant atnaujinti iškylančiuosius langus, kuriose atsižvelgiama į laiką, remiantis datos lauku. Nulinė reikšmė nurodo, kad pradžios laikas apima laiką nuo jo pradžios."},{"name":"currentEnd","type":"date","description":"Žemėlapio laiko apimties pabaigos laikas, kaip rodo laiko slankinklio komponentas išraiškos vertinimo metu. Reikšmė atnaujinama dinamiškai (ir gali inicijuoti Arcade išraiškos vykdymą iš naujo), kai laiko slankiklis naudojamas siekiant atnaujinti iškylančiuosius langus, kuriose atsižvelgiama į laiką, remiantis datos lauku. Nulinė reikšmė nurodo, kad pabaigos laikas yra neapibrėžtas ir pabaigos laiko nėra."},{"name":"startIncluded","type":"boolean","description":"Nurodo, ar data „currentStart“ įtraukta į dabartinę žemėlapio laiko apimtį."},{"name":"endIncluded","type":"boolean","description":"Nurodo, ar data „currentEnd“ įtraukta į dabartinę žemėlapio laiko apimtį."}],"description":""}]}]},{"name":"Popup feature reduction","id":"popup-feature-reduction","bundles":["core","data-access","geometry","portal-access"],"variables":[{"name":"$feature","type":"feature","description":"Suteikia prieigą prie agreguotų laukų, apibrėžtų grupavimo arba perkėlimo į talpyklą iššokančiuose languose."},{"name":"$aggregatedFeatures","description":"FeatureSet rinkinys, kuriame yra visi sankaupos ar talpyklos elementai.","type":"featureSet"},{"name":"$view","type":"dictionary","description":"Iš peržiūros pasiekiamos savybės.","properties":[{"name":"scale","type":"number","description":"Grąžina žemėlapio mastelį išraiškos vertinimo metu."},{"name":"timeProperties","type":"dictionary","properties":[{"name":"currentStart","type":"date","description":"Žemėlapio laiko apimties pradžios laikas, kaip rodo laiko slankinklio komponentas išraiškos vertinimo metu. Reikšmė atnaujinama dinamiškai (ir gali inicijuoti Arcade išraiškos vykdymą iš naujo), kai laiko slankiklis naudojamas siekiant atnaujinti iškylančiuosius langus, kuriose atsižvelgiama į laiką, remiantis datos lauku. Nulinė reikšmė nurodo, kad pradžios laikas apima laiką nuo jo pradžios."},{"name":"currentEnd","type":"date","description":"Žemėlapio laiko apimties pabaigos laikas, kaip rodo laiko slankinklio komponentas išraiškos vertinimo metu. Reikšmė atnaujinama dinamiškai (ir gali inicijuoti Arcade išraiškos vykdymą iš naujo), kai laiko slankiklis naudojamas siekiant atnaujinti iškylančiuosius langus, kuriose atsižvelgiama į laiką, remiantis datos lauku. Nulinė reikšmė nurodo, kad pabaigos laikas yra neapibrėžtas ir pabaigos laiko nėra."},{"name":"startIncluded","type":"boolean","description":"Nurodo, ar data „currentStart“ įtraukta į dabartinę žemėlapio laiko apimtį."},{"name":"endIncluded","type":"boolean","description":"Nurodo, ar data „currentEnd“ įtraukta į dabartinę žemėlapio laiko apimtį."}],"description":""}]}]},{"name":"Popup element feature reduction","id":"popup-element-feature-reduction","bundles":["core","data-access","geometry","portal-access"],"variables":[{"name":"$feature","type":"feature","description":"Suteikia prieigą prie agreguotų laukų, apibrėžtų grupavimo arba perkėlimo į talpyklą iššokančiuose languose."},{"name":"$aggregatedFeatures","description":"FeatureSet rinkinys, kuriame yra visi sankaupos ar talpyklos elementai.","type":"featureSet"},{"name":"$view","type":"dictionary","description":"Iš peržiūros pasiekiamos savybės.","properties":[{"name":"scale","type":"number","description":"Grąžina žemėlapio mastelį išraiškos vertinimo metu."},{"name":"timeProperties","type":"dictionary","properties":[{"name":"currentStart","type":"date","description":"Žemėlapio laiko apimties pradžios laikas, kaip rodo laiko slankinklio komponentas išraiškos vertinimo metu. Reikšmė atnaujinama dinamiškai (ir gali inicijuoti Arcade išraiškos vykdymą iš naujo), kai laiko slankiklis naudojamas siekiant atnaujinti iškylančiuosius langus, kuriose atsižvelgiama į laiką, remiantis datos lauku. Nulinė reikšmė nurodo, kad pradžios laikas apima laiką nuo jo pradžios."},{"name":"currentEnd","type":"date","description":"Žemėlapio laiko apimties pabaigos laikas, kaip rodo laiko slankinklio komponentas išraiškos vertinimo metu. Reikšmė atnaujinama dinamiškai (ir gali inicijuoti Arcade išraiškos vykdymą iš naujo), kai laiko slankiklis naudojamas siekiant atnaujinti iškylančiuosius langus, kuriose atsižvelgiama į laiką, remiantis datos lauku. Nulinė reikšmė nurodo, kad pabaigos laikas yra neapibrėžtas ir pabaigos laiko nėra."},{"name":"startIncluded","type":"boolean","description":"Nurodo, ar data „currentStart“ įtraukta į dabartinę žemėlapio laiko apimtį."},{"name":"endIncluded","type":"boolean","description":"Nurodo, ar data „currentEnd“ įtraukta į dabartinę žemėlapio laiko apimtį."}],"description":""}]}]},{"name":"Quick Capture","id":"quick-capture","bundles":["core","data-access","geometry","portal-access"],"variables":[{"name":"$feature","type":"feature","description":"Parodo elemento atributus, skirtus naudoti skaičiavimo metu."},{"name":"$layer","type":"featureSet","description":"Elementų rinkinys tame pačiame sluoksnyje kaip $feature."},{"name":"$datastore","type":"featureSetCollection","description":"Sluoksnių rinkinys toje pačioje elementų paslaugoje arba duomenų bazėje kaip ir $feature."},{"name":"$map","type":"featureSetCollection","description":"Elementų paslaugų sluoksnių rinkinys žemėlapyje, kuris naudojamas QuickCapture projektui. Kintamasis gali būti „null“."}]},{"name":"Tasks","id":"tasks","bundles":["core","data-access","geometry","portal-access"],"variables":[{"name":"$feature","description":"Elementas vertinamas pagal užduotį.","type":"feature"},{"name":"$datastore","description":"Sluoksnių rinkinys toje pačioje elementų paslaugoje arba duomenų bazėje kaip ir $feature vertinant pagal užduotį.","type":"featureSetCollection"}]},{"name":"Velocity","id":"velocity","bundles":["core","geometry","track"],"variables":[{"name":"$feature","type":"feature","description":"Analitizės įrankiuose su viena įvestimi elementas apskaičiuojamas, vertinamas arba valdomas."},{"name":"$target","type":"feature","description":"Analizės įrankiuose su dviem įvestimis elementas tikrinamas dėl filtravimo arba išplėtimo."},{"name":"$join","type":"feature","description":"Analizės įrankiuose su dviem įvestimis elementas pateikia reikšmes įvertinimui arba tikslinio elemento išplėtimui."},{"name":"$analytic","type":"dictionary","description":"Laiko reikšmės, susijusios su analize, pvz., pradžios laikas, paskutinis pabaigos laikas ir kt.","properties":[]}]},{"name":"Visualization","id":"visualization","bundles":["core","geometry"],"variables":[{"name":"$feature","description":"Elementas, kuris turi būti nubraižytas žemėlapyje.","type":"feature"},{"name":"$view","type":"dictionary","description":"Iš peržiūros pasiekiamos savybės.","properties":[{"name":"scale","type":"number","description":"Grąžina žemėlapio mastelį išraiškos vertinimo metu."},{"name":"timeProperties","type":"dictionary","properties":[{"name":"currentStart","type":"date","description":"Žemėlapio laiko apimties pradžios laikas, kaip rodo laiko slankinklio komponentas išraiškos vertinimo metu. Reikšmė atnaujinama dinamiškai (ir gali inicijuoti Arcade išraiškos vykdymą iš naujo), kai laiko slankiklis naudojamas siekiant atnaujinti vizualizacijas, kuriose atsižvelgiama į laiką, remiantis datos lauku. Nulinė reikšmė nurodo, kad pradžios laikas apima laiką nuo jo pradžios."},{"name":"currentEnd","type":"date","description":"Žemėlapio laiko apimties pabaigos laikas, kaip rodo laiko slankinklio komponentas išraiškos vertinimo metu. Reikšmė atnaujinama dinamiškai (ir gali inicijuoti Arcade išraiškos vykdymą iš naujo), kai laiko slankiklis naudojamas siekiant atnaujinti vizualizacijas, kuriose atsižvelgiama į laiką, remiantis datos lauku. Nulinė reikšmė nurodo, kad pabaigos laikas yra neapibrėžtas ir pabaigos laiko nėra."},{"name":"startIncluded","type":"boolean","description":"Nurodo, ar data „currentStart“ įtraukta į dabartinę žemėlapio laiko apimtį."},{"name":"endIncluded","type":"boolean","description":"Nurodo, ar data „currentEnd“ įtraukta į dabartinę žemėlapio laiko apimtį."}],"description":""}]}]},{"name":"Voxel popup","id":"popup-voxel","bundles":["core"],"variables":[{"name":"$voxel","type":"voxel","description":"Suteikia prieigą prie vokselio, kurio iškylantysis langas turi būti rodomas scenoje, atributų."}]},{"name":"Voxel popup element","id":"popup-element-voxel","bundles":["core"],"variables":[{"name":"$voxel","type":"voxel","description":"Suteikia prieigą prie vokselio, kurio iškylantysis langas turi būti rodomas scenoje, atributų."}]}]