[{"name":"Minimalist","id":"minimalist","bundles":["core","data-access","geometry","portal-access"],"variables":[]},{"name":"Aggregate Field","id":"aggregate-field","bundles":["core","geometry"],"variables":[{"name":"$feature","description":"Pojedinačni geoobjekt uključen je u agregirani geoobjekt. Ovo omogućuje pristup svim atributima polja geoobjekta.","type":"feature"}]},{"name":"Alias","id":"alias","bundles":["core","geometry"],"variables":[{"name":"$value","type":"number","description":"Numerička vrijednost za koju je poželjan tekstualni alias."},{"name":"$feature","type":"feature","description":"Geoobjekt za koji je potreban tekstualni alias."}]},{"name":"Attribute rule calculation","id":"attribute-rule-calculation","bundles":["core","data-access","database","geometry","portal-access","ai"],"variables":[{"name":"$feature","type":"feature","description":"Geoobjekt koji se izračunava."},{"name":"$originalFeature","type":"feature","description":"Prethodno stanje geoobjekta koji se izračunava."},{"name":"$featureSet","type":"featureSet","description":"Zbirka geoobjekata u istoj tablici kao $feature koji procjenjuje izraz."},{"name":"$datastore","type":"featureSetCollection","description":"Zbirka slojeva u istoj usluzi geoobjekta ili bazi podataka kao $feature koji izvršava skriptu."},{"name":"$editcontext","type":"dictionary","properties":[{"name":"editType","type":"text","description":"Označava je li događaj uređivanja INSERT, UPDATE, DELETE ili NA (nije primjenjivo)."}],"description":""}]},{"name":"Attribute rule constraint","id":"attribute-rule-constraint","bundles":["core","data-access","geometry","portal-access"],"variables":[{"name":"$feature","type":"feature","description":"Geoobjekt koji se izračunava."},{"name":"$originalFeature","type":"feature","description":"Prethodno stanje geoobjekta koji se izračunava."},{"name":"$featureSet","type":"featureSet","description":"Zbirka geoobjekata u istoj tablici kao $feature koji procjenjuje izraz."},{"name":"$datastore","type":"featureSetCollection","description":"Zbirka slojeva u istoj usluzi geoobjekta ili bazi podataka kao $feature koji izvršava skriptu."},{"name":"$editcontext","type":"dictionary","properties":[{"name":"editType","type":"text","description":"Označava je li događaj uređivanja INSERT, UPDATE, DELETE ili NA (nije primjenjivo)."}],"description":""}]},{"name":"Attribute rule validation","id":"attribute-rule-validation","bundles":["core","data-access","geometry","portal-access"],"variables":[{"name":"$feature","type":"feature","description":"Geoobjekt koji se izračunava."},{"name":"$featureSet","type":"featureSet","description":"Zbirka geoobjekata u istoj tablici kao $feature koji procjenjuje izraz."},{"name":"$datastore","type":"featureSetCollection","description":"Zbirka slojeva u istoj usluzi geoobjekta ili bazi podataka kao $feature koji izvršava skriptu."}]},{"name":"Dashboard indicator formatting","id":"dashboard-indicator-formatting","bundles":["core"],"variables":[{"name":"$datapoint","type":"feature","description":"Podatkovna točka koja se procjenjuje za vizualni element."},{"name":"$reference","type":"dictionary","description":"Referentna vrijednost koja se procjenjuje za vizualni element.","properties":[]}]},{"name":"Dashboard list formatting","id":"dashboard-list-formatting","bundles":["core"],"variables":[{"name":"$datapoint","type":"feature","description":"Podatkovna točka koja se procjenjuje za vizualni element."}]},{"name":"Dashboard table formatting","id":"dashboard-table-formatting","bundles":["core"],"variables":[{"name":"$datapoint","type":"feature","description":"Podatkovna točka koja se procjenjuje za vizualni element."},{"name":"$rowindex","type":"number","description":"Položaj retka u tablici (na nuli)."}]},{"name":"Dashboard data","id":"dashboard-data","bundles":["core","geometry","data-access","portal-access","knowledge-graph"],"variables":[]},{"name":"Data Pipelines","id":"data-pipelines","bundles":["core"],"variables":[{"name":"$record","type":"dictionary","description":"Omogućuje pristup vrijednostima atributa/polja zapisa koji se izračunava.","properties":[]}]},{"name":"Dictionary renderer","id":"dictionary-renderer","bundles":["core","geometry"],"variables":[{"name":"$feature","type":"feature","description":"Geoobjekt koji treba nacrtati na karti."},{"name":"$config","type":"dictionary","description":"Rječnik konfiguracijskih vrijednosti.","properties":[]}]},{"name":"Experience Builder data","id":"experience-builder-data","bundles":["core","data-access","geometry","portal-access"],"variables":[]},{"name":"Experience Builder list item widget formatting","id":"experience-builder-list-item-widget-formatting","bundles":["core"],"variables":[{"name":"$feature","type":"feature","description":"Predstavlja geoobjekt u stavci popisa."}]},{"name":"Experience Builder widget formatting","id":"experience-builder-widget-formatting","bundles":["core","data-access"],"variables":[{"name":"$dataSources","type":"dictionary","description":"Izvori podataka koje koristi widget. Ovo je rječnik koji sadrži parove ključ-vrijednost, gdje je svaki ključ ID oznaka izvora podataka (npr. `dataSource_1-187acf797e1-layer-5-selection`).","properties":[]}]},{"name":"Feature Display Title","id":"feature-display-title","bundles":["core"],"variables":[{"name":"$feature","type":"feature","description":"Geoobjekt ili polje, za koje se prikazuje naslov u UI."}]},{"name":"Feature Z","id":"feature-z","bundles":["core","geometry"],"variables":[{"name":"$feature","type":"feature","description":"Geoobjekt koji zahtijeva Z vrijednost."}]},{"name":"Field calculation","id":"field-calculation","bundles":["core","data-access","geometry","portal-access","knowledge-graph","ai"],"variables":[{"name":"$feature","type":"feature","description":"Geoobjekt koji se izračunava."},{"name":"$datastore","type":"featureSetCollection","description":"Zbirka slojeva u istoj usluzi geoobjekta ili bazi podataka kao $feature koji izvršava izračun."}]},{"name":"Field mapping","id":"field-mapping","bundles":["core","data-access","geometry","portal-access"],"variables":[{"name":"$sourceFeature","type":"feature","description":"Izvorni geoobjekt za kartu polja."},{"name":"$targetFeature","type":"feature","description":"Ciljni geoobjekt za kartu polja."},{"name":"$sourceLayer","type":"featureSet","description":"Zbirka geoobjekata u istom sloju kao $sourcefeature."},{"name":"$targetLayer","type":"featureSet","description":"Zbirka geoobjekata u istom sloju kao $targetfeature."},{"name":"$map","type":"featureSetCollection","description":"Zbirka slojeva u mapi izvršavanja arkadnog izraza."},{"name":"$sourceDatastore","type":"featureSetCollection","description":"Zbirka slojeva u istoj pohrani podataka kao i $sourcelayer."},{"name":"$targetDatastore","type":"featureSetCollection","description":"Zbirka slojeva u istoj pohrani podataka kao i $targetlayer."}]},{"name":"Form Attachment Filename Calculation","id":"form-attachment-filename-calculation","bundles":["core","data-access","geometry","portal-access"],"variables":[{"name":"$feature","type":"feature","description":"Č_The feature being calculated______________________________ž."},{"name":"$originalFeature","type":"feature","description":"Č_The previous state of the feature being calculated___________________________ž."},{"name":"$layer","type":"featureSet","description":"Č_A collection of features in the same layer as $feature_____________________________ž."},{"name":"$datastore","type":"featureSetCollection","description":"Č_A collection of layers in the same feature service or database as $feature_______________________________________ž."},{"name":"$featureset","type":"featureSet","description":"Č_A collection of features in the same table as $feature_____________________________ž."},{"name":"$map","type":"featureSetCollection","description":"Č_A collection of feature service layers in the same map as $feature___________________________________ž."},{"name":"$formElement","type":"dictionary","description":"Č_Information associated with the form element________________________ž.","properties":[{"name":"attachmentKeyword","type":"text","description":"Č_A text value identifying the content of the attachment. When a file is attached using the form, this property can be used in determining a new filename for the attachment_______________________________________________________________________________________ž."},{"name":"label","type":"text","description":"Č_A text value indicating what the element represents___________________________ž."},{"name":"description","type":"text","description":"Č_A text value that describes the element in detail__________________________ž."}]}]},{"name":"Form calculation","id":"form-calculation","bundles":["core","data-access","geometry","portal-access","ai"],"variables":[{"name":"$feature","type":"feature","description":"Izlaže atribute geoobjekta za korištenje u izračunu"},{"name":"$originalFeature","type":"feature","description":"Prethodno stanje geoobjekta koji se izračunava."},{"name":"$layer","type":"featureSet","description":"Zbirka geoobjekata u istom sloju kao $feature."},{"name":"$datastore","type":"featureSetCollection","description":"Zbirka slojeva u istoj usluzi geoobjekta ili bazi podataka kao $feature."},{"name":"$featureset","type":"featureSet","description":"Zbirka geoobjekata u istoj tablici kao $feature."},{"name":"$map","type":"featureSetCollection","description":"Zbirka slojeva usluge geoobjekata na istoj karti kao $feature."},{"name":"$editcontext","type":"dictionary","properties":[{"name":"editType","type":"text","description":"Označava je li događaj uređivanja INSERT, UPDATE, DELETE ili NA (nije primjenjivo)."}],"description":""}]},{"name":"Form Constraint","id":"form-constraint","bundles":["core","geometry","data-access","portal-access"],"variables":[{"name":"$feature","type":"feature","description":"Geoobjekt koji se procjenjuje za ograničenje."},{"name":"$originalFeature","type":"feature","description":"Prethodno stanje geoobjekta."},{"name":"$layer","type":"featureSet","description":"Zbirka geoobjekata u istom sloju kao $feature."},{"name":"$datastore","type":"featureSetCollection","description":"Zbirka slojeva u istoj usluzi geoobjekta ili bazi podataka kao $feature."},{"name":"$featureset","type":"featureSet","description":"Zbirka geoobjekata u istoj tablici kao $feature."},{"name":"$map","type":"featureSetCollection","description":"Zbirka slojeva usluge geoobjekata na istoj karti kao $feature."},{"name":"$editcontext","type":"dictionary","properties":[{"name":"editType","type":"text","description":"Označava je li događaj uređivanja INSERT, UPDATE, DELETE ili NA (nije primjenjivo)."}],"description":""}]},{"name":"Geoanalytics","id":"geoanalytics","bundles":["core","geometry","track"],"variables":[{"name":"$feature","type":"feature","description":"Geoobjekt koji se izračunava."}]},{"name":"Geotrigger notification","id":"geotrigger-notification","bundles":["core","geometry","data-access"],"variables":[{"name":"$feedFeature","type":"feature","description":"Ulazni geoobjekt (npr. lokacija uređaja ili geoobjekt) koji je uzrokovao aktiviranje Geotriggera. Ovaj geoobjekt mora uključivati geometriju (obično točku) i fiksnu shemu sa sljedećim svojstvima: \"smjer\" (smjer lokacije u stupnjevima u smjeru kazaljke na satu, 0 je pravi sjever) i \"horizontalna točnost\" (horizontalna točnost lokacije u metrima)."},{"name":"$fenceFeature","type":"feature","description":"Geoobjekt ograde (npr. područje interesa) koji je ušao ili izašao i uzrokovao aktiviranje Geotriggera."},{"name":"$fenceLayer","type":"featureSet","description":"Zbirka geoobjekata u istom sloju kao i $fenceFeature."},{"name":"$fenceNotificationType","type":"text","description":"Opis događaja koji se dogodio – ili „ušao” ili „izišao”."}]},{"name":"Imagery popup","id":"popup-imagery","bundles":["core","geometry"],"variables":[{"name":"$pixel","type":"pixel","description":"Č_The pixel value and other pixel-dependent information (e.g. classification category), including virtual raster fields, for the imagery layer currently displayed in the view________________________________________________________________________________________ž."},{"name":"$imageCollectionItem","type":"feature","description":"Č_The metadata of the selected image collection item containing the pixel represented by `$pixel`. This value will be `null` if there is no associated image collection____________________________________________________________________________________ž."},{"name":"$view","type":"dictionary","description":"Č_Properties available from the view___________________ž.","properties":[{"name":"scale","type":"number","description":"Č_Returns the scale of the map at the time the expression evaluates__________________________________ž."},{"name":"timeProperties","type":"dictionary","properties":[{"name":"currentStart","type":"date","description":"Č_The start time of the map's time extent as indicated by a time slider component at the time the expression evaluates. This value dynamically updates (and may trigger the re-execution of the Arcade expression) when a time slider is used to update time-aware popups based on date field. A `null` value indicates the start time is inclusive since the beginning of time________________________________________________________________________________________________________________________________________________________________________________________ž."},{"name":"currentEnd","type":"date","description":"Č_The end time of the map's time extent as indicated by a time slider component at the time the expression evaluates. This value dynamically updates (and may trigger the re-execution of the Arcade expression) when a time slider is used to update time-aware popups based on date field. A `null` value indicates the end time is indefinite with no end_______________________________________________________________________________________________________________________________________________________________________________ž."},{"name":"startIncluded","type":"boolean","description":"Č_Indicates if the `currentStart` date is included in the map's current time extent__________________________________________ž."},{"name":"endIncluded","type":"boolean","description":"Č_Indicates if the `currentEnd` date is included in the map's current time extent_________________________________________ž."}],"description":""}]},{"name":"$userInput","description":"Č_A geometry representing a user's input for a popup. Typically, this represents a location where the user clicked or tapped in a map to launch a popup. There may be cases where this value is a Point, an Extent, or `null` as popups are not always opened from map interaction. Therefore, it is advised to check the geometry type of this value before it is used____________________________________________________________________________________________________________________________________________________________________________________ž.","type":"geometry"}]},{"name":"Imagery popup element","id":"popup-element-imagery","bundles":["core","geometry"],"variables":[{"name":"$pixel","type":"pixel","description":"Č_The pixel value and other pixel-dependent information (e.g. classification category), including virtual raster fields, for the imagery layer currently displayed in the view________________________________________________________________________________________ž."},{"name":"$imageCollectionItem","type":"feature","description":"Č_The metadata of the selected image collection item containing the pixel represented by `$pixel`. This value will be `null` if there is no associated image collection____________________________________________________________________________________ž."},{"name":"$view","type":"dictionary","description":"Č_Properties available from the view___________________ž.","properties":[{"name":"scale","type":"number","description":"Č_Returns the scale of the map at the time the expression evaluates__________________________________ž."},{"name":"timeProperties","type":"dictionary","properties":[{"name":"currentStart","type":"date","description":"Č_The start time of the map's time extent as indicated by a time slider component at the time the expression evaluates. This value dynamically updates (and may trigger the re-execution of the Arcade expression) when a time slider is used to update time-aware popups based on date field. A `null` value indicates the start time is inclusive since the beginning of time________________________________________________________________________________________________________________________________________________________________________________________ž."},{"name":"currentEnd","type":"date","description":"Č_The end time of the map's time extent as indicated by a time slider component at the time the expression evaluates. This value dynamically updates (and may trigger the re-execution of the Arcade expression) when a time slider is used to update time-aware popups based on date field. A `null` value indicates the end time is indefinite with no end_______________________________________________________________________________________________________________________________________________________________________________ž."},{"name":"startIncluded","type":"boolean","description":"Č_Indicates if the `currentStart` date is included in the map's current time extent__________________________________________ž."},{"name":"endIncluded","type":"boolean","description":"Č_Indicates if the `currentEnd` date is included in the map's current time extent_________________________________________ž."}],"description":""}]},{"name":"$userInput","description":"Č_A geometry representing a user's input for a popup. Typically, this represents a location where the user clicked or tapped in a map to launch a popup. There may be cases where this value is a Point, an Extent, or `null` as popups are not always opened from map interaction. Therefore, it is advised to check the geometry type of this value before it is used____________________________________________________________________________________________________________________________________________________________________________________ž.","type":"geometry"}]},{"name":"Labeling","id":"labeling","bundles":["core","geometry"],"variables":[{"name":"$feature","type":"feature","description":"Geoobjekt čija oznaka treba biti nacrtana na karti."},{"name":"$view","type":"dictionary","description":"Svojstva dostupna iz prikaza.","properties":[{"name":"scale","type":"number","description":"Vraća mjerilo karte u vrijeme koje izraz procjenjuje."},{"name":"timeProperties","type":"dictionary","properties":[{"name":"currentStart","type":"date","description":"Vrijeme početka vremenskog obuhvata karte kako je naznačeno komponentom vremenskog klizača u vrijeme koje izraz procjenjuje. Ova se vrijednost dinamički ažurira (i može pokrenuti ponovno izvršavanje Arcade izraza) kada se vremenski klizač koristi za ažuriranje oznaka koje vode računa o vremenu na temelju polja datuma. Vrijednost \"nula\" označava da je vrijeme početka uključivo od početka vremena."},{"name":"currentEnd","type":"date","description":"Vrijeme završetka vremenskog obuhvata karte kako je naznačeno komponentom vremenskog klizača u vrijeme koje izraz procjenjuje. Ova se vrijednost dinamički ažurira (i može pokrenuti ponovno izvršavanje Arcade izraza) kada se vremenski klizač koristi za ažuriranje oznaka koje vode računa o vremenu na temelju polja datuma. Vrijednost \"nula\" označava da je vrijeme završetka neodređeno bez kraja."},{"name":"startIncluded","type":"boolean","description":"Pokazuje je li datum `currentStart` uključen u trenutni vremenski obuhvat karte."},{"name":"endIncluded","type":"boolean","description":"Označava je li datum `currentEnd` uključen u trenutni vremenski obuhvat karte."}],"description":""}]}]},{"name":"Layout","id":"layout","bundles":["core","geometry"],"variables":[{"name":"$feature","type":"feature","description":"Geoobjekt čije se vrijednosti mogu prikazati u izgledu."}]},{"name":"Location update constraint","id":"location-update-constraint","bundles":["core","geometry"],"variables":[{"name":"$locationupdate","type":"dictionary","description":"Geoobjekt ažuriranja lokacije (npr. iz GPS-a) koji se procjenjuje za ograničenje.","properties":[{"name":"course","type":"number","description":"Kurs lokacije u stupnjevima u smjeru kazaljke na satu, pri čemu je 0 pravi sjever."},{"name":"horizontalaccuracy","type":"number","description":"Horizontalna točnost lokacije u metrima."},{"name":"verticalaccuracy","type":"number","description":"Vertikalna točnost lokacije u metrima."},{"name":"velocity","type":"number","description":"Brzina lokacije u metrima po sekundi."}]}]},{"name":"Model Builder","id":"model-builder","bundles":["core","geometry","data-access","portal-access"],"variables":[{"name":"$variables","type":"dictionary","description":"Rječnik koji sadrži nazive i vrijednosti varijabli.","properties":[]}]},{"name":"Measure visualization","id":"measure-visualization","bundles":["core","geometry"],"variables":[{"name":"$measure","type":"number","description":"Interpolirana M-vrijednost za lokaciju markera."},{"name":"$feature","type":"feature","description":"Geoobjekt koji treba nacrtati na karti."},{"name":"$view","type":"dictionary","properties":[{"name":"scale","type":"number","description":"Vraća mjerilo karte u vrijeme koje izraz procjenjuje."}],"description":""}]},{"name":"Popup","id":"popup","bundles":["core","data-access","geometry","portal-access","knowledge-graph"],"variables":[{"name":"$feature","type":"feature","description":"Omogućuje pristup atributima i geometriji geoobjekta čiji će se skočni prozor prikazati u prikazu."},{"name":"$layer","description":"Zbirka geoobjekata u istom sloju kao $feature čiji je skočni prozor prikazan u prikazu.","type":"featureSet"},{"name":"$map","description":"Zbirka slojeva u istoj karti kao $feature čiji je skočni prozor prikazan u prikazu. Ova vrijednost može biti „nula” u slučajevima kada skočni prozor nije povezan s kartom.","type":"featureSetCollection"},{"name":"$datastore","description":"Zbirka slojeva u istoj usluzi geoobjekata ili bazi podataka kao $feature čiji je skočni prozor prikazan u prikazu.","type":"featureSetCollection"},{"name":"$userInput","description":"Geometrija koja predstavlja korisnički unos za skočni prozor. To obično predstavlja lokaciju na kojoj je korisnik kliknuo ili dodirnuo kartu kako bi pokrenuo skočni prozor. Mogu postojati slučajevi u kojima je ta vrijednost točka, obuhvat ili „nula” jer se skočni prozori ne otvaraju uvijek iz interakcije s kartom. Stoga je preporučljivo provjeriti vrstu geometrije ove vrijednosti prije njezine upotrebe.","type":"geometry"},{"name":"$graph","description":"Grafikon znanja povezan s geoobjektom. Ako grafikon znanja nije dostupan, vrijednost će biti „nula”.","type":"knowledgeGraph"},{"name":"$view","type":"dictionary","description":"Svojstva dostupna iz prikaza.","properties":[{"name":"scale","type":"number","description":"Vraća mjerilo karte u vrijeme koje izraz procjenjuje."},{"name":"timeProperties","type":"dictionary","properties":[{"name":"currentStart","type":"date","description":"Vrijeme početka vremenskog obuhvata karte kako je naznačeno komponentom vremenskog klizača u vrijeme koje izraz procjenjuje. Ova se vrijednost dinamički ažurira (i može pokrenuti ponovno izvršavanje Arcade izraza) kada se vremenski klizač koristi za ažuriranje skočnih prozora koji vode računa o vremenu na temelju polja datuma. Vrijednost \"nula\" označava da je vrijeme početka uključivo od početka vremena."},{"name":"currentEnd","type":"date","description":"Vrijeme završetka vremenskog obuhvata karte kako je naznačeno komponentom vremenskog klizača u vrijeme koje izraz procjenjuje. Ova se vrijednost dinamički ažurira (i može pokrenuti ponovno izvršavanje Arcade izraza) kada se vremenski klizač koristi za ažuriranje skočnih prozora koji vode računa o vremenu na temelju polja datuma. Vrijednost \"nula\" označava da je vrijeme završetka neodređeno bez kraja."},{"name":"startIncluded","type":"boolean","description":"Pokazuje je li datum `currentStart` uključen u trenutni vremenski obuhvat karte."},{"name":"endIncluded","type":"boolean","description":"Označava je li datum `currentEnd` uključen u trenutni vremenski obuhvat karte."}],"description":""}]}]},{"name":"Popup element","id":"popup-element","bundles":["core","data-access","geometry","portal-access","knowledge-graph"],"variables":[{"name":"$feature","type":"feature","description":"Omogućuje pristup atributima i geometriji geoobjekta čiji će se skočni prozor prikazati u prikazu."},{"name":"$layer","description":"Zbirka geoobjekata u istom sloju kao $feature čiji je skočni prozor prikazan u prikazu.","type":"featureSet"},{"name":"$map","description":"Zbirka slojeva u istoj karti kao $feature čiji je skočni prozor prikazan u prikazu. Ova vrijednost može biti „nula” u slučajevima kada skočni prozor nije povezan s kartom.","type":"featureSetCollection"},{"name":"$datastore","description":"Zbirka slojeva u istoj usluzi geoobjekata ili bazi podataka kao $feature čiji je skočni prozor prikazan u prikazu.","type":"featureSetCollection"},{"name":"$userInput","description":"Geometrija koja predstavlja korisnički unos za skočni prozor. To obično predstavlja lokaciju na kojoj je korisnik kliknuo ili dodirnuo kartu kako bi pokrenuo skočni prozor. Mogu postojati slučajevi u kojima je ta vrijednost točka, obuhvat ili „nula” jer se skočni prozori ne otvaraju uvijek iz interakcije s kartom. Stoga je preporučljivo provjeriti vrstu geometrije ove vrijednosti prije njezine upotrebe.","type":"geometry"},{"name":"$graph","description":"Grafikon znanja povezan s geoobjektom. Ako grafikon znanja nije dostupan, vrijednost će biti „nula”.","type":"knowledgeGraph"},{"name":"$view","type":"dictionary","description":"Svojstva dostupna iz prikaza.","properties":[{"name":"scale","type":"number","description":"Vraća mjerilo karte u vrijeme koje izraz procjenjuje."},{"name":"timeProperties","type":"dictionary","properties":[{"name":"currentStart","type":"date","description":"Vrijeme početka vremenskog obuhvata karte kako je naznačeno komponentom vremenskog klizača u vrijeme koje izraz procjenjuje. Ova se vrijednost dinamički ažurira (i može pokrenuti ponovno izvršavanje Arcade izraza) kada se vremenski klizač koristi za ažuriranje skočnih prozora koji vode računa o vremenu na temelju polja datuma. Vrijednost \"nula\" označava da je vrijeme početka uključivo od početka vremena."},{"name":"currentEnd","type":"date","description":"Vrijeme završetka vremenskog obuhvata karte kako je naznačeno komponentom vremenskog klizača u vrijeme koje izraz procjenjuje. Ova se vrijednost dinamički ažurira (i može pokrenuti ponovno izvršavanje Arcade izraza) kada se vremenski klizač koristi za ažuriranje skočnih prozora koji vode računa o vremenu na temelju polja datuma. Vrijednost \"nula\" označava da je vrijeme završetka neodređeno bez kraja."},{"name":"startIncluded","type":"boolean","description":"Pokazuje je li datum `currentStart` uključen u trenutni vremenski obuhvat karte."},{"name":"endIncluded","type":"boolean","description":"Označava je li datum `currentEnd` uključen u trenutni vremenski obuhvat karte."}],"description":""}]}]},{"name":"Popup feature reduction","id":"popup-feature-reduction","bundles":["core","data-access","geometry","portal-access"],"variables":[{"name":"$feature","type":"feature","description":"Omogućuje pristup agregatnim poljima definiranim u skočnim prozorima klasteriranja ili grupiranja."},{"name":"$aggregatedFeatures","description":"FeatureSet koji sadrži sve geoobjekte predstavljene klasterom ili ćelijom.","type":"featureSet"},{"name":"$view","type":"dictionary","description":"Svojstva dostupna iz prikaza.","properties":[{"name":"scale","type":"number","description":"Vraća mjerilo karte u vrijeme koje izraz procjenjuje."},{"name":"timeProperties","type":"dictionary","properties":[{"name":"currentStart","type":"date","description":"Vrijeme početka vremenskog obuhvata karte kako je naznačeno komponentom vremenskog klizača u vrijeme koje izraz procjenjuje. Ova se vrijednost dinamički ažurira (i može pokrenuti ponovno izvršavanje Arcade izraza) kada se vremenski klizač koristi za ažuriranje skočnih prozora koji vode računa o vremenu na temelju polja datuma. Vrijednost \"nula\" označava da je vrijeme početka uključivo od početka vremena."},{"name":"currentEnd","type":"date","description":"Vrijeme završetka vremenskog obuhvata karte kako je naznačeno komponentom vremenskog klizača u vrijeme koje izraz procjenjuje. Ova se vrijednost dinamički ažurira (i može pokrenuti ponovno izvršavanje Arcade izraza) kada se vremenski klizač koristi za ažuriranje skočnih prozora koji vode računa o vremenu na temelju polja datuma. Vrijednost \"nula\" označava da je vrijeme završetka neodređeno bez kraja."},{"name":"startIncluded","type":"boolean","description":"Pokazuje je li datum `currentStart` uključen u trenutni vremenski obuhvat karte."},{"name":"endIncluded","type":"boolean","description":"Označava je li datum `currentEnd` uključen u trenutni vremenski obuhvat karte."}],"description":""}]}]},{"name":"Popup element feature reduction","id":"popup-element-feature-reduction","bundles":["core","data-access","geometry","portal-access"],"variables":[{"name":"$feature","type":"feature","description":"Omogućuje pristup agregatnim poljima definiranim u skočnim prozorima klasteriranja ili grupiranja."},{"name":"$aggregatedFeatures","description":"FeatureSet koji sadrži sve geoobjekte predstavljene klasterom ili ćelijom.","type":"featureSet"},{"name":"$view","type":"dictionary","description":"Svojstva dostupna iz prikaza.","properties":[{"name":"scale","type":"number","description":"Vraća mjerilo karte u vrijeme koje izraz procjenjuje."},{"name":"timeProperties","type":"dictionary","properties":[{"name":"currentStart","type":"date","description":"Vrijeme početka vremenskog obuhvata karte kako je naznačeno komponentom vremenskog klizača u vrijeme koje izraz procjenjuje. Ova se vrijednost dinamički ažurira (i može pokrenuti ponovno izvršavanje Arcade izraza) kada se vremenski klizač koristi za ažuriranje skočnih prozora koji vode računa o vremenu na temelju polja datuma. Vrijednost \"nula\" označava da je vrijeme početka uključivo od početka vremena."},{"name":"currentEnd","type":"date","description":"Vrijeme završetka vremenskog obuhvata karte kako je naznačeno komponentom vremenskog klizača u vrijeme koje izraz procjenjuje. Ova se vrijednost dinamički ažurira (i može pokrenuti ponovno izvršavanje Arcade izraza) kada se vremenski klizač koristi za ažuriranje skočnih prozora koji vode računa o vremenu na temelju polja datuma. Vrijednost \"nula\" označava da je vrijeme završetka neodređeno bez kraja."},{"name":"startIncluded","type":"boolean","description":"Pokazuje je li datum `currentStart` uključen u trenutni vremenski obuhvat karte."},{"name":"endIncluded","type":"boolean","description":"Označava je li datum `currentEnd` uključen u trenutni vremenski obuhvat karte."}],"description":""}]}]},{"name":"Quick Capture","id":"quick-capture","bundles":["core","data-access","geometry","portal-access"],"variables":[{"name":"$feature","type":"feature","description":"Izlaže atribute geoobjekta za korištenje u izračunu."},{"name":"$layer","type":"featureSet","description":"Zbirka geoobjekata u istom sloju kao $feature."},{"name":"$datastore","type":"featureSetCollection","description":"Zbirka slojeva u istoj usluzi geoobjekta ili bazi podataka kao $feature."},{"name":"$map","type":"featureSetCollection","description":"Zbirka slojeva usluga geoobjekata na karti koju koristi projekt QuickCapture. Ova varijabla može biti „nula”."}]},{"name":"Tasks","id":"tasks","bundles":["core","data-access","geometry","portal-access"],"variables":[{"name":"$feature","description":"Geoobjekt kojeg procjenjuje zadatak.","type":"feature"},{"name":"$datastore","description":"Zbirka slojeva u istoj usluzi geoobjekata ili bazi podataka kao $feature kojeg procjenjuje zadatak.","type":"featureSetCollection"}]},{"name":"Velocity","id":"velocity","bundles":["core","geometry","track"],"variables":[{"name":"$feature","type":"feature","description":"U analitičkim alatima s jednim unosom, geoobjekt koji se izračunava, procjenjuje ili se na njemu radi."},{"name":"$target","type":"feature","description":"U analitičkim alatima s dva ulaza, geoobjekt koji se procjenjuje za filtriranje ili obogaćivanje."},{"name":"$join","type":"feature","description":"U analitičkim alatima s dva ulaza, geoobjekt koji daje vrijednosti za procjenu ili obogaćivanje ciljanog geoobjekta."},{"name":"$analytic","type":"dictionary","description":"Vremenske vrijednosti povezane s analitikom kao što su vrijeme početka, posljednje vrijeme završetka itd.","properties":[]}]},{"name":"Visualization","id":"visualization","bundles":["core","geometry"],"variables":[{"name":"$feature","description":"Geoobjekt koji treba nacrtati na karti.","type":"feature"},{"name":"$view","type":"dictionary","description":"Svojstva dostupna iz prikaza.","properties":[{"name":"scale","type":"number","description":"Vraća mjerilo karte u vrijeme koje izraz procjenjuje."},{"name":"timeProperties","type":"dictionary","properties":[{"name":"currentStart","type":"date","description":"Vrijeme početka vremenskog obuhvata karte kako je naznačeno komponentom vremenskog klizača u vrijeme koje izraz procjenjuje. Ova se vrijednost dinamički ažurira (i može pokrenuti ponovno izvršavanje Arcade izraza) kada se vremenski klizač koristi za ažuriranje vizualizacija koje vode računa o vremenu na temelju polja datuma. Vrijednost \"nula\" označava da je vrijeme početka uključivo od početka vremena."},{"name":"currentEnd","type":"date","description":"Vrijeme završetka vremenskog obuhvata karte kako je naznačeno komponentom vremenskog klizača u vrijeme koje izraz procjenjuje. Ova se vrijednost dinamički ažurira (i može pokrenuti ponovno izvršavanje Arcade izraza) kada se vremenski klizač koristi za ažuriranje vizualizacija koje vode računa o vremenu na temelju polja datuma. Vrijednost \"nula\" označava da je vrijeme završetka neodređeno bez kraja."},{"name":"startIncluded","type":"boolean","description":"Pokazuje je li datum `currentStart` uključen u trenutni vremenski obuhvat karte."},{"name":"endIncluded","type":"boolean","description":"Označava je li datum `currentEnd` uključen u trenutni vremenski obuhvat karte."}],"description":""}]}]},{"name":"Voxel popup","id":"popup-voxel","bundles":["core"],"variables":[{"name":"$voxel","type":"voxel","description":"Omogućuje pristup atributima voxela čiji će se skočni prozor prikazati u sceni."}]},{"name":"Voxel popup element","id":"popup-element-voxel","bundles":["core"],"variables":[{"name":"$voxel","type":"voxel","description":"Omogućuje pristup atributima voxela čiji će se skočni prozor prikazati u sceni."}]}]