[{"name":"Minimalist","id":"minimalist","bundles":["core","data-access","geometry","portal-access"],"variables":[]},{"name":"Aggregate Field","id":"aggregate-field","bundles":["core","geometry"],"variables":[{"name":"$feature","description":"Individuálny prvok zahrnutý do agregačného prvku. Týmto získate prístup ku všetkým atribútovým poliam prvku.","type":"feature"}]},{"name":"Alias","id":"alias","bundles":["core","geometry"],"variables":[{"name":"$value","type":"number","description":"Číselná hodnota, pre ktorú sa má vytvoriť textový alias."},{"name":"$feature","type":"feature","description":"Prvok, pre ktorý je požadovaný textový alias."}]},{"name":"Attribute rule calculation","id":"attribute-rule-calculation","bundles":["core","data-access","database","geometry","portal-access","ai"],"variables":[{"name":"$feature","type":"feature","description":"Vypočítavaný prvok."},{"name":"$originalFeature","type":"feature","description":"Predchádzajúci stav vypočítavaného prvku."},{"name":"$featureSet","type":"featureSet","description":"Kolekcia prvkov v tej istej tabuľke ako prvok $feature, ktorý vyhodnocuje výraz."},{"name":"$datastore","type":"featureSetCollection","description":"Kolekcia vrstiev v tej istej prvkovej službe alebo databáze ako prvok $feature vykonávajúci skript."},{"name":"$editcontext","type":"dictionary","properties":[{"name":"editType","type":"text","description":"Indikuje, či editačná udalosť je INSERT, UPDATE, DELETE alebo NA (neplatná)."}],"description":""}]},{"name":"Attribute rule constraint","id":"attribute-rule-constraint","bundles":["core","data-access","geometry","portal-access"],"variables":[{"name":"$feature","type":"feature","description":"Vypočítavaný prvok."},{"name":"$originalFeature","type":"feature","description":"Predchádzajúci stav vypočítavaného prvku."},{"name":"$featureSet","type":"featureSet","description":"Kolekcia prvkov v tej istej tabuľke ako prvok $feature, ktorý vyhodnocuje výraz."},{"name":"$datastore","type":"featureSetCollection","description":"Kolekcia vrstiev v tej istej prvkovej službe alebo databáze ako prvok $feature vykonávajúci skript."},{"name":"$editcontext","type":"dictionary","properties":[{"name":"editType","type":"text","description":"Indikuje, či editačná udalosť je INSERT, UPDATE, DELETE alebo NA (neplatná)."}],"description":""}]},{"name":"Attribute rule validation","id":"attribute-rule-validation","bundles":["core","data-access","geometry","portal-access"],"variables":[{"name":"$feature","type":"feature","description":"Vypočítavaný prvok."},{"name":"$featureSet","type":"featureSet","description":"Kolekcia prvkov v tej istej tabuľke ako prvok $feature, ktorý vyhodnocuje výraz."},{"name":"$datastore","type":"featureSetCollection","description":"Kolekcia vrstiev v tej istej prvkovej službe alebo databáze ako prvok $feature vykonávajúci skript."}]},{"name":"Dashboard indicator formatting","id":"dashboard-indicator-formatting","bundles":["core"],"variables":[{"name":"$datapoint","type":"feature","description":"Dátový bod, ktorý sa vyhodnocuje pre vizuálny element."},{"name":"$reference","type":"dictionary","description":"Referenčná hodnota, ktorá sa vyhodnocuje pre vizuálny element.","properties":[]}]},{"name":"Dashboard list formatting","id":"dashboard-list-formatting","bundles":["core"],"variables":[{"name":"$datapoint","type":"feature","description":"Dátový bod, ktorý sa vyhodnocuje pre vizuálny element."}]},{"name":"Dashboard table formatting","id":"dashboard-table-formatting","bundles":["core"],"variables":[{"name":"$datapoint","type":"feature","description":"Dátový bod, ktorý sa vyhodnocuje pre vizuálny element."},{"name":"$rowindex","type":"number","description":"Pozícia riadku v tabuľke (na základe nuly)."}]},{"name":"Dashboard data","id":"dashboard-data","bundles":["core","geometry","data-access","portal-access","knowledge-graph"],"variables":[]},{"name":"Data Pipelines","id":"data-pipelines","bundles":["core"],"variables":[{"name":"$record","type":"dictionary","description":"Poskytuje prístup k hodnotám atribútov/polí vypočítavaného záznamu.","properties":[]}]},{"name":"Dictionary renderer","id":"dictionary-renderer","bundles":["core","geometry"],"variables":[{"name":"$feature","type":"feature","description":"Prvok, ktorý sa má zobraziť v mape."},{"name":"$config","type":"dictionary","description":"Slovník konfiguračných hodnôt.","properties":[]}]},{"name":"Experience Builder data","id":"experience-builder-data","bundles":["core","data-access","geometry","portal-access"],"variables":[]},{"name":"Experience Builder list item widget formatting","id":"experience-builder-list-item-widget-formatting","bundles":["core"],"variables":[{"name":"$feature","type":"feature","description":"Predstavuje prvok v položke zoznamu."}]},{"name":"Experience Builder widget formatting","id":"experience-builder-widget-formatting","bundles":["core","data-access"],"variables":[{"name":"$dataSources","type":"dictionary","description":"Dátové zdroje používané widgetom. Ide o slovník obsahujúci páry kľúč-hodnota, kde každý kľúč je identifikátorom dátového zdroja. (napr. `dataSource_1-187acf797e1-layer-5-selection`).","properties":[]}]},{"name":"Feature Display Title","id":"feature-display-title","bundles":["core"],"variables":[{"name":"$feature","type":"feature","description":"Prvok alebo riadok, pre ktorý sa má v používateľskom rozhraní zobraziť nadpis."}]},{"name":"Feature Z","id":"feature-z","bundles":["core","geometry"],"variables":[{"name":"$feature","type":"feature","description":"Prvok vyžadujúci hodnotu Z."}]},{"name":"Field calculation","id":"field-calculation","bundles":["core","data-access","geometry","portal-access","knowledge-graph","ai"],"variables":[{"name":"$feature","type":"feature","description":"Vypočítavaný prvok."},{"name":"$datastore","type":"featureSetCollection","description":"Kolekcia vrstiev v tej istej prvkovej službe alebo databáze ako prvok $feature vykonávajúci výpočet."}]},{"name":"Field mapping","id":"field-mapping","bundles":["core","data-access","geometry","portal-access"],"variables":[{"name":"$sourceFeature","type":"feature","description":"Zdrojový prvok pre mapové pole."},{"name":"$targetFeature","type":"feature","description":"Cieľový prvok pre mapové pole."},{"name":"$sourceLayer","type":"featureSet","description":"Kolekcia prvkov v tej istej vrstve ako zdrojový prvok $sourcefeature."},{"name":"$targetLayer","type":"featureSet","description":"Kolekcia prvkov v tej istej vrstve, v ktorej sa nachádza cieľový prvok $targetfeature."},{"name":"$map","type":"featureSetCollection","description":"Kolekcia vrstiev v mape vykonávacieho výrazu arcade."},{"name":"$sourceDatastore","type":"featureSetCollection","description":"Kolekcia vrstiev v tom istom úložisku datastore ako zdrojová vrstva $sourcelayer."},{"name":"$targetDatastore","type":"featureSetCollection","description":"Kolekcia vrstiev v tom istom úložisku datastore ako cieľová vrstva $targetlayer."}]},{"name":"Form Attachment Filename Calculation","id":"form-attachment-filename-calculation","bundles":["core","data-access","geometry","portal-access"],"variables":[{"name":"$feature","type":"feature","description":"ĺ_The feature being calculated______________________________ľ."},{"name":"$originalFeature","type":"feature","description":"ĺ_The previous state of the feature being calculated___________________________ľ."},{"name":"$layer","type":"featureSet","description":"ĺ_A collection of features in the same layer as $feature_____________________________ľ."},{"name":"$datastore","type":"featureSetCollection","description":"ĺ_A collection of layers in the same feature service or database as $feature_______________________________________ľ."},{"name":"$featureset","type":"featureSet","description":"ĺ_A collection of features in the same table as $feature_____________________________ľ."},{"name":"$map","type":"featureSetCollection","description":"ĺ_A collection of feature service layers in the same map as $feature___________________________________ľ."},{"name":"$formElement","type":"dictionary","description":"ĺ_Information associated with the form element________________________ľ.","properties":[{"name":"attachmentKeyword","type":"text","description":"ĺ_A text value identifying the content of the attachment. When a file is attached using the form, this property can be used in determining a new filename for the attachment_______________________________________________________________________________________ľ."},{"name":"label","type":"text","description":"ĺ_A text value indicating what the element represents___________________________ľ."},{"name":"description","type":"text","description":"ĺ_A text value that describes the element in detail__________________________ľ."}]}]},{"name":"Form calculation","id":"form-calculation","bundles":["core","data-access","geometry","portal-access","ai"],"variables":[{"name":"$feature","type":"feature","description":"Vystavuje atribúty prvku na použitie pri výpočte"},{"name":"$originalFeature","type":"feature","description":"Predchádzajúci stav vypočítavaného prvku."},{"name":"$layer","type":"featureSet","description":"Kolekcia prvkov v tej istej vrstve ako prvok $feature."},{"name":"$datastore","type":"featureSetCollection","description":"Kolekcia vrstiev v tej istej prvkovej službe alebo databáze ako $feature."},{"name":"$featureset","type":"featureSet","description":"Kolekcia prvkov v rovnakej tabuľke ako prvok $feature."},{"name":"$map","type":"featureSetCollection","description":"Kolekcia vrstiev prvkových služieb v rovnakej mape ako prvok $feature."},{"name":"$editcontext","type":"dictionary","properties":[{"name":"editType","type":"text","description":"Indikuje, či editačná udalosť je INSERT, UPDATE, DELETE alebo NA (neplatná)."}],"description":""}]},{"name":"Form Constraint","id":"form-constraint","bundles":["core","geometry","data-access","portal-access"],"variables":[{"name":"$feature","type":"feature","description":"Prvok, ktorý sa vyhodnocuje pre obmedzenie."},{"name":"$originalFeature","type":"feature","description":"Predchádzajúci stav prvku."},{"name":"$layer","type":"featureSet","description":"Kolekcia prvkov v tej istej vrstve ako prvok $feature."},{"name":"$datastore","type":"featureSetCollection","description":"Kolekcia vrstiev v tej istej prvkovej službe alebo databáze ako $feature."},{"name":"$featureset","type":"featureSet","description":"Kolekcia prvkov v rovnakej tabuľke ako prvok $feature."},{"name":"$map","type":"featureSetCollection","description":"Kolekcia vrstiev prvkových služieb v rovnakej mape ako prvok $feature."},{"name":"$editcontext","type":"dictionary","properties":[{"name":"editType","type":"text","description":"Indikuje, či editačná udalosť je INSERT, UPDATE, DELETE alebo NA (neplatná)."}],"description":""}]},{"name":"Geoanalytics","id":"geoanalytics","bundles":["core","geometry","track"],"variables":[{"name":"$feature","type":"feature","description":"Vypočítavaný prvok."}]},{"name":"Geotrigger notification","id":"geotrigger-notification","bundles":["core","geometry","data-access"],"variables":[{"name":"$feedFeature","type":"feature","description":"Vstupný prvok (napr. poloha zariadenia alebo prvok), ktorý spôsobil aktiváciu Geotriggeru. Tento prvok musí obsahovať geometriu (zvyčajne bod) a pevnú schému s týmito vlastnosťami: `kurz`(kurz polohy v stupňoch v smere hodinových ručičiek, pričom 0 je pravý sever) a `horizontálnu presnosť` (horizontálna presnosť polohy v metroch)."},{"name":"$fenceFeature","type":"feature","description":"Ohraničujúci prvok (napr. záujmová oblasť), do ktorého sa vstúpilo alebo z ktorého sa vystúpilo a ktorý spôsobil aktiváciu Geotriggeru."},{"name":"$fenceLayer","type":"featureSet","description":"Kolekcia prvkov v tej istej vrstve ako zdrojový prvok $fenceFeature."},{"name":"$fenceNotificationType","type":"text","description":"Popis udalosti, ktorá nastala - buď \"vstúpil\", alebo \"vystúpil\"."}]},{"name":"Imagery popup","id":"popup-imagery","bundles":["core","geometry"],"variables":[{"name":"$pixel","type":"pixel","description":"ĺ_The pixel value and other pixel-dependent information (e.g. classification category), including virtual raster fields, for the imagery layer currently displayed in the view________________________________________________________________________________________ľ."},{"name":"$imageCollectionItem","type":"feature","description":"ĺ_The metadata of the selected image collection item containing the pixel represented by `$pixel`. This value will be `null` if there is no associated image collection____________________________________________________________________________________ľ."},{"name":"$view","type":"dictionary","description":"ĺ_Properties available from the view___________________ľ.","properties":[{"name":"scale","type":"number","description":"ĺ_Returns the scale of the map at the time the expression evaluates__________________________________ľ."},{"name":"timeProperties","type":"dictionary","properties":[{"name":"currentStart","type":"date","description":"ĺ_The start time of the map's time extent as indicated by a time slider component at the time the expression evaluates. This value dynamically updates (and may trigger the re-execution of the Arcade expression) when a time slider is used to update time-aware popups based on date field. A `null` value indicates the start time is inclusive since the beginning of time________________________________________________________________________________________________________________________________________________________________________________________ľ."},{"name":"currentEnd","type":"date","description":"ĺ_The end time of the map's time extent as indicated by a time slider component at the time the expression evaluates. This value dynamically updates (and may trigger the re-execution of the Arcade expression) when a time slider is used to update time-aware popups based on date field. A `null` value indicates the end time is indefinite with no end_______________________________________________________________________________________________________________________________________________________________________________ľ."},{"name":"startIncluded","type":"boolean","description":"ĺ_Indicates if the `currentStart` date is included in the map's current time extent__________________________________________ľ."},{"name":"endIncluded","type":"boolean","description":"ĺ_Indicates if the `currentEnd` date is included in the map's current time extent_________________________________________ľ."}],"description":""}]},{"name":"$userInput","description":"ĺ_A geometry representing a user's input for a popup. Typically, this represents a location where the user clicked or tapped in a map to launch a popup. There may be cases where this value is a Point, an Extent, or `null` as popups are not always opened from map interaction. Therefore, it is advised to check the geometry type of this value before it is used____________________________________________________________________________________________________________________________________________________________________________________ľ.","type":"geometry"}]},{"name":"Imagery popup element","id":"popup-element-imagery","bundles":["core","geometry"],"variables":[{"name":"$pixel","type":"pixel","description":"ĺ_The pixel value and other pixel-dependent information (e.g. classification category), including virtual raster fields, for the imagery layer currently displayed in the view________________________________________________________________________________________ľ."},{"name":"$imageCollectionItem","type":"feature","description":"ĺ_The metadata of the selected image collection item containing the pixel represented by `$pixel`. This value will be `null` if there is no associated image collection____________________________________________________________________________________ľ."},{"name":"$view","type":"dictionary","description":"ĺ_Properties available from the view___________________ľ.","properties":[{"name":"scale","type":"number","description":"ĺ_Returns the scale of the map at the time the expression evaluates__________________________________ľ."},{"name":"timeProperties","type":"dictionary","properties":[{"name":"currentStart","type":"date","description":"ĺ_The start time of the map's time extent as indicated by a time slider component at the time the expression evaluates. This value dynamically updates (and may trigger the re-execution of the Arcade expression) when a time slider is used to update time-aware popups based on date field. A `null` value indicates the start time is inclusive since the beginning of time________________________________________________________________________________________________________________________________________________________________________________________ľ."},{"name":"currentEnd","type":"date","description":"ĺ_The end time of the map's time extent as indicated by a time slider component at the time the expression evaluates. This value dynamically updates (and may trigger the re-execution of the Arcade expression) when a time slider is used to update time-aware popups based on date field. A `null` value indicates the end time is indefinite with no end_______________________________________________________________________________________________________________________________________________________________________________ľ."},{"name":"startIncluded","type":"boolean","description":"ĺ_Indicates if the `currentStart` date is included in the map's current time extent__________________________________________ľ."},{"name":"endIncluded","type":"boolean","description":"ĺ_Indicates if the `currentEnd` date is included in the map's current time extent_________________________________________ľ."}],"description":""}]},{"name":"$userInput","description":"ĺ_A geometry representing a user's input for a popup. Typically, this represents a location where the user clicked or tapped in a map to launch a popup. There may be cases where this value is a Point, an Extent, or `null` as popups are not always opened from map interaction. Therefore, it is advised to check the geometry type of this value before it is used____________________________________________________________________________________________________________________________________________________________________________________ľ.","type":"geometry"}]},{"name":"Labeling","id":"labeling","bundles":["core","geometry"],"variables":[{"name":"$feature","type":"feature","description":"Prvok, ktorého popis sa má zobraziť v mape."},{"name":"$view","type":"dictionary","description":"Vlastnosti sú dostupné zo zobrazenia.","properties":[{"name":"scale","type":"number","description":"Vracia mierku mapy v čase vyhodnotenia výrazu."},{"name":"timeProperties","type":"dictionary","properties":[{"name":"currentStart","type":"date","description":"Čas začatia časového rozsahu mapy, ako to uvádza komponent časového posuvníka v čase vyhodnocovania výrazu. Táto hodnota sa dynamicky aktualizuje (a môže spustiť opätovné vykonanie výrazu Arcade), keď sa na aktualizovanie popisov s podporou času na základe dátumového poľa používa časový posuvník. Hodnota \"null\" označuje, že čas začatia je zahrnutý od začiatku času."},{"name":"currentEnd","type":"date","description":"Čas ukončenia časového rozsahu mapy, ako to uvádza komponent časového posuvníka v čase vyhodnocovania výrazu. Táto hodnota sa dynamicky aktualizuje (a môže spustiť opätovné vykonanie výrazu Arcade), keď sa na aktualizovanie popisov s podporou času na základe dátumového poľa používa časový posuvník. Hodnota null označuje, že čas ukončenia je neurčitý bez konca."},{"name":"startIncluded","type":"boolean","description":"Označuje, či je dátum \"currentStart\" zahrnutý do aktuálneho časového rozsahu mapy."},{"name":"endIncluded","type":"boolean","description":"Označuje, či je dátum \"currentEnd\" zahrnutý do aktuálneho časového rozsahu mapy."}],"description":""}]}]},{"name":"Layout","id":"layout","bundles":["core","geometry"],"variables":[{"name":"$feature","type":"feature","description":"Prvok, ktorého hodnoty sa môžu zobrazovať v rozložení."}]},{"name":"Location update constraint","id":"location-update-constraint","bundles":["core","geometry"],"variables":[{"name":"$locationupdate","type":"dictionary","description":"Prvok aktualizácie polohy (napr. z GPS), ktorý sa vyhodnocuje pre obmedzenie.","properties":[{"name":"course","type":"number","description":"Kurz lokality v stupňoch v smere hodinových ručičiek, pričom 0 je skutočný sever."},{"name":"horizontalaccuracy","type":"number","description":"Horizontálna presnosť polohy v metroch."},{"name":"verticalaccuracy","type":"number","description":"Vertikálna presnosť polohy v metroch."},{"name":"velocity","type":"number","description":"Rýchlosť polohy v metroch za sekundu."}]}]},{"name":"Model Builder","id":"model-builder","bundles":["core","geometry","data-access","portal-access"],"variables":[{"name":"$variables","type":"dictionary","description":"Slovník obsahujúci názvy premenných a hodnoty.","properties":[]}]},{"name":"Measure visualization","id":"measure-visualization","bundles":["core","geometry"],"variables":[{"name":"$measure","type":"number","description":"Interpolovaná hodnota M pre umiestnenie značky."},{"name":"$feature","type":"feature","description":"Prvok, ktorý sa má zobraziť v mape."},{"name":"$view","type":"dictionary","properties":[{"name":"scale","type":"number","description":"Vracia mierku mapy v čase vyhodnotenia výrazu."}],"description":""}]},{"name":"Popup","id":"popup","bundles":["core","data-access","geometry","portal-access","knowledge-graph"],"variables":[{"name":"$feature","type":"feature","description":"Poskytuje prístup k atribútom a geometrii prvku, ktorého vyskakovacie okno sa zobrazí v pohľade."},{"name":"$layer","description":"Kolekcia prvkov v rovnakej vrstve ako prvok $feature, ktorého vyskakovacie okno sa zobrazuje v pohľade.","type":"featureSet"},{"name":"$map","description":"Kolekcia vrstiev v tej istej mape ako prvok $feature, ktorého vyskakovacie okno sa zobrazuje v pohľade. Táto hodnota môže byť `null` v prípadoch, keď vyskakovacie okno nie je spojené s mapou.","type":"featureSetCollection"},{"name":"$datastore","description":"Kolekcia vrstiev v tej istej prvkovej službe alebo databáze ako prvok $feature, ktorého vyskakovacie okno sa zobrazuje v pohľade.","type":"featureSetCollection"},{"name":"$userInput","description":"Geometria reprezentujúca vstup používateľa pre vyskakovacie okno. Zvyčajne predstavuje miesto, kde používateľ klikol alebo ťukol na mapu, aby spustil vyskakovacie okno. Môže sa stať, že táto hodnota bude Point, Extent alebo `null`, pretože vyskakovacie okná sa nie vždy otvárajú z interakcie s mapou. Preto sa odporúča skontrolovať typ geometrie tejto hodnoty pred jej použitím.","type":"geometry"},{"name":"$graph","description":"Znalostný graf priradený k prvku. Ak nie je k dispozícii žiadny znalostný graf, hodnota bude `null`.","type":"knowledgeGraph"},{"name":"$view","type":"dictionary","description":"Vlastnosti sú dostupné zo zobrazenia.","properties":[{"name":"scale","type":"number","description":"Vracia mierku mapy v čase vyhodnotenia výrazu."},{"name":"timeProperties","type":"dictionary","properties":[{"name":"currentStart","type":"date","description":"Čas začatia časového rozsahu mapy, ako to uvádza komponent časového posuvníka v čase vyhodnocovania výrazu. Táto hodnota sa dynamicky aktualizuje (a môže spustiť opätovné vykonanie výrazu Arcade), keď sa na aktualizovanie vyskakovacích okien s podporou času na základe dátumového poľa používa časový posuvník. Hodnota \"null\" označuje, že čas začatia je zahrnutý od začiatku času."},{"name":"currentEnd","type":"date","description":"Čas ukončenia časového rozsahu mapy, ako to uvádza komponent časového posuvníka v čase vyhodnocovania výrazu. Táto hodnota sa dynamicky aktualizuje (a môže spustiť opätovné vykonanie výrazu Arcade), keď sa na aktualizovanie vyskakovacích okien s podporou času na základe dátumového poľa používa časový posuvník. Hodnota null označuje, že čas ukončenia je neurčitý bez konca."},{"name":"startIncluded","type":"boolean","description":"Označuje, či je dátum \"currentStart\" zahrnutý do aktuálneho časového rozsahu mapy."},{"name":"endIncluded","type":"boolean","description":"Označuje, či je dátum \"currentEnd\" zahrnutý do aktuálneho časového rozsahu mapy."}],"description":""}]}]},{"name":"Popup element","id":"popup-element","bundles":["core","data-access","geometry","portal-access","knowledge-graph"],"variables":[{"name":"$feature","type":"feature","description":"Poskytuje prístup k atribútom a geometrii prvku, ktorého vyskakovacie okno sa zobrazí v pohľade."},{"name":"$layer","description":"Kolekcia prvkov v rovnakej vrstve ako prvok $feature, ktorého vyskakovacie okno sa zobrazuje v pohľade.","type":"featureSet"},{"name":"$map","description":"Kolekcia vrstiev v tej istej mape ako prvok $feature, ktorého vyskakovacie okno sa zobrazuje v pohľade. Táto hodnota môže byť `null` v prípadoch, keď vyskakovacie okno nie je spojené s mapou.","type":"featureSetCollection"},{"name":"$datastore","description":"Kolekcia vrstiev v tej istej prvkovej službe alebo databáze ako prvok $feature, ktorého vyskakovacie okno sa zobrazuje v pohľade.","type":"featureSetCollection"},{"name":"$userInput","description":"Geometria reprezentujúca vstup používateľa pre vyskakovacie okno. Zvyčajne predstavuje miesto, kde používateľ klikol alebo ťukol na mapu, aby spustil vyskakovacie okno. Môže sa stať, že táto hodnota bude Point, Extent alebo `null`, pretože vyskakovacie okná sa nie vždy otvárajú z interakcie s mapou. Preto sa odporúča skontrolovať typ geometrie tejto hodnoty pred jej použitím.","type":"geometry"},{"name":"$graph","description":"Znalostný graf priradený k prvku. Ak nie je k dispozícii žiadny znalostný graf, hodnota bude `null`.","type":"knowledgeGraph"},{"name":"$view","type":"dictionary","description":"Vlastnosti sú dostupné zo zobrazenia.","properties":[{"name":"scale","type":"number","description":"Vracia mierku mapy v čase vyhodnotenia výrazu."},{"name":"timeProperties","type":"dictionary","properties":[{"name":"currentStart","type":"date","description":"Čas začatia časového rozsahu mapy, ako to uvádza komponent časového posuvníka v čase vyhodnocovania výrazu. Táto hodnota sa dynamicky aktualizuje (a môže spustiť opätovné vykonanie výrazu Arcade), keď sa na aktualizovanie vyskakovacích okien s podporou času na základe dátumového poľa používa časový posuvník. Hodnota \"null\" označuje, že čas začatia je zahrnutý od začiatku času."},{"name":"currentEnd","type":"date","description":"Čas ukončenia časového rozsahu mapy, ako to uvádza komponent časového posuvníka v čase vyhodnocovania výrazu. Táto hodnota sa dynamicky aktualizuje (a môže spustiť opätovné vykonanie výrazu Arcade), keď sa na aktualizovanie vyskakovacích okien s podporou času na základe dátumového poľa používa časový posuvník. Hodnota null označuje, že čas ukončenia je neurčitý bez konca."},{"name":"startIncluded","type":"boolean","description":"Označuje, či je dátum \"currentStart\" zahrnutý do aktuálneho časového rozsahu mapy."},{"name":"endIncluded","type":"boolean","description":"Označuje, či je dátum \"currentEnd\" zahrnutý do aktuálneho časového rozsahu mapy."}],"description":""}]}]},{"name":"Popup feature reduction","id":"popup-feature-reduction","bundles":["core","data-access","geometry","portal-access"],"variables":[{"name":"$feature","type":"feature","description":"Poskytuje prístup k agregačným poliam definovaným vo vyskakovacích oknách klastrovania alebo tvorby buniek."},{"name":"$aggregatedFeatures","description":"Súbor prvkov obsahujúci všetky prvky reprezentované klasterom alebo bunkou.","type":"featureSet"},{"name":"$view","type":"dictionary","description":"Vlastnosti sú dostupné zo zobrazenia.","properties":[{"name":"scale","type":"number","description":"Vracia mierku mapy v čase vyhodnotenia výrazu."},{"name":"timeProperties","type":"dictionary","properties":[{"name":"currentStart","type":"date","description":"Čas začatia časového rozsahu mapy, ako to uvádza komponent časového posuvníka v čase vyhodnocovania výrazu. Táto hodnota sa dynamicky aktualizuje (a môže spustiť opätovné vykonanie výrazu Arcade), keď sa na aktualizovanie vyskakovacích okien s podporou času na základe dátumového poľa používa časový posuvník. Hodnota \"null\" označuje, že čas začatia je zahrnutý od začiatku času."},{"name":"currentEnd","type":"date","description":"Čas ukončenia časového rozsahu mapy, ako to uvádza komponent časového posuvníka v čase vyhodnocovania výrazu. Táto hodnota sa dynamicky aktualizuje (a môže spustiť opätovné vykonanie výrazu Arcade), keď sa na aktualizovanie vyskakovacích okien s podporou času na základe dátumového poľa používa časový posuvník. Hodnota null označuje, že čas ukončenia je neurčitý bez konca."},{"name":"startIncluded","type":"boolean","description":"Označuje, či je dátum \"currentStart\" zahrnutý do aktuálneho časového rozsahu mapy."},{"name":"endIncluded","type":"boolean","description":"Označuje, či je dátum \"currentEnd\" zahrnutý do aktuálneho časového rozsahu mapy."}],"description":""}]}]},{"name":"Popup element feature reduction","id":"popup-element-feature-reduction","bundles":["core","data-access","geometry","portal-access"],"variables":[{"name":"$feature","type":"feature","description":"Poskytuje prístup k agregačným poliam definovaným vo vyskakovacích oknách klastrovania alebo tvorby buniek."},{"name":"$aggregatedFeatures","description":"Súbor prvkov obsahujúci všetky prvky reprezentované klasterom alebo bunkou.","type":"featureSet"},{"name":"$view","type":"dictionary","description":"Vlastnosti sú dostupné zo zobrazenia.","properties":[{"name":"scale","type":"number","description":"Vracia mierku mapy v čase vyhodnotenia výrazu."},{"name":"timeProperties","type":"dictionary","properties":[{"name":"currentStart","type":"date","description":"Čas začatia časového rozsahu mapy, ako to uvádza komponent časového posuvníka v čase vyhodnocovania výrazu. Táto hodnota sa dynamicky aktualizuje (a môže spustiť opätovné vykonanie výrazu Arcade), keď sa na aktualizovanie vyskakovacích okien s podporou času na základe dátumového poľa používa časový posuvník. Hodnota \"null\" označuje, že čas začatia je zahrnutý od začiatku času."},{"name":"currentEnd","type":"date","description":"Čas ukončenia časového rozsahu mapy, ako to uvádza komponent časového posuvníka v čase vyhodnocovania výrazu. Táto hodnota sa dynamicky aktualizuje (a môže spustiť opätovné vykonanie výrazu Arcade), keď sa na aktualizovanie vyskakovacích okien s podporou času na základe dátumového poľa používa časový posuvník. Hodnota null označuje, že čas ukončenia je neurčitý bez konca."},{"name":"startIncluded","type":"boolean","description":"Označuje, či je dátum \"currentStart\" zahrnutý do aktuálneho časového rozsahu mapy."},{"name":"endIncluded","type":"boolean","description":"Označuje, či je dátum \"currentEnd\" zahrnutý do aktuálneho časového rozsahu mapy."}],"description":""}]}]},{"name":"Quick Capture","id":"quick-capture","bundles":["core","data-access","geometry","portal-access"],"variables":[{"name":"$feature","type":"feature","description":"Vystaví atribúty prvkov na použitie pri kalkuláciách."},{"name":"$layer","type":"featureSet","description":"Kolekcia prvkov v tej istej vrstve ako prvok $feature."},{"name":"$datastore","type":"featureSetCollection","description":"Kolekcia vrstiev v tej istej prvkovej službe alebo databáze ako $feature."},{"name":"$map","type":"featureSetCollection","description":"Kolekcia vrstiev prvkových služieb v mape použitých v projekte QuickCapture. Táto premenná môže byť `null`."}]},{"name":"Tasks","id":"tasks","bundles":["core","data-access","geometry","portal-access"],"variables":[{"name":"$feature","description":"Prvok, ktorý úloha vyhodnocuje.","type":"feature"},{"name":"$datastore","description":"Kolekcia vrstiev v tej istej prvkovej službe alebo databáze ako prvok $feature, ktorý sa vyhodnocuje v úlohe.","type":"featureSetCollection"}]},{"name":"Velocity","id":"velocity","bundles":["core","geometry","track"],"variables":[{"name":"$feature","type":"feature","description":"V analytických nástrojoch s jednotlivými vstupmi je prvok, ktorý sa počíta, vyhodnocuje alebo s ktorým sa pracuje."},{"name":"$target","type":"feature","description":"V analytických nástrojoch s dvoma vstupmi je prvok, ktorý sa hodnotí pre filtrovanie alebo obohatenie."},{"name":"$join","type":"feature","description":"V analytických nástrojoch s dvoma vstupmi je prvok dodávajúci hodnoty na hodnotenie alebo obohatenie cieľového prvku."},{"name":"$analytic","type":"dictionary","description":"Časové hodnoty súvisiace s analýzou, ako je čas začiatku, posledný čas ukončenia atď.","properties":[]}]},{"name":"Visualization","id":"visualization","bundles":["core","geometry"],"variables":[{"name":"$feature","description":"Prvok, ktorý sa má zobraziť v mape.","type":"feature"},{"name":"$view","type":"dictionary","description":"Vlastnosti sú dostupné zo zobrazenia.","properties":[{"name":"scale","type":"number","description":"Vracia mierku mapy v čase vyhodnotenia výrazu."},{"name":"timeProperties","type":"dictionary","properties":[{"name":"currentStart","type":"date","description":"Čas začatia časového rozsahu mapy, ako to uvádza komponent časového posuvníka v čase vyhodnocovania výrazu. Táto hodnota sa dynamicky aktualizuje (a môže spustiť opätovné vykonanie výrazu Arcade), keď sa na aktualizovanie vizualizácií s podporou času na základe dátumového poľa používa časový posuvník. Hodnota nula označuje, že čas začatia je zahrnutý od začiatku času."},{"name":"currentEnd","type":"date","description":"Čas ukončenia časového rozsahu mapy, ako to uvádza komponent časového posuvníka v čase vyhodnocovania výrazu. Táto hodnota sa dynamicky aktualizuje (a môže spustiť opätovné vykonanie výrazu Arcade), keď sa na aktualizovanie vizualizácií s podporou času na základe dátumového poľa používa časový posuvník. Hodnota null označuje, že čas ukončenia je neurčitý bez konca."},{"name":"startIncluded","type":"boolean","description":"Označuje, či je dátum \"currentStart\" zahrnutý do aktuálneho časového rozsahu mapy."},{"name":"endIncluded","type":"boolean","description":"Označuje, či je dátum \"currentEnd\" zahrnutý do aktuálneho časového rozsahu mapy."}],"description":""}]}]},{"name":"Voxel popup","id":"popup-voxel","bundles":["core"],"variables":[{"name":"$voxel","type":"voxel","description":"Poskytuje prístup k atribútom voxelu, ktorého vyskakovacie okno sa zobrazí v scéne."}]},{"name":"Voxel popup element","id":"popup-element-voxel","bundles":["core"],"variables":[{"name":"$voxel","type":"voxel","description":"Poskytuje prístup k atribútom voxelu, ktorého vyskakovacie okno sa zobrazí v scéne."}]}]