[{"name":"Minimalist","id":"minimalist","bundles":["core","data-access","geometry","portal-access"],"variables":[]},{"name":"Aggregate Field","id":"aggregate-field","bundles":["core","geometry"],"variables":[{"name":"$feature","description":"Uma feição individual incluída em uma feição agregada. Isso fornece acesso a todos os atributos de campo da feição.","type":"feature"}]},{"name":"Alias","id":"alias","bundles":["core","geometry"],"variables":[{"name":"$value","type":"number","description":"O valor numérico para o qual um nome alternativo de texto é desejado."},{"name":"$feature","type":"feature","description":"A feição para o qual um nome alternativo de texto é desejado."}]},{"name":"Attribute rule calculation","id":"attribute-rule-calculation","bundles":["core","data-access","database","geometry","portal-access","ai"],"variables":[{"name":"$feature","type":"feature","description":"A feição sendo calculada."},{"name":"$originalFeature","type":"feature","description":"O estado anterior da feição que está sendo calculada."},{"name":"$featureSet","type":"featureSet","description":"Uma coleção de feições na mesma tabela que o $feature que avalia a expressão."},{"name":"$datastore","type":"featureSetCollection","description":"Uma coleção de camadas no mesmo serviço da feição ou banco de dados que o $feature que executa o script."},{"name":"$editcontext","type":"dictionary","properties":[{"name":"editType","type":"text","description":"Indica se o evento de edição é INSERT, UPDATE, DELETE ou NA (não aplicável)."}],"description":""}]},{"name":"Attribute rule constraint","id":"attribute-rule-constraint","bundles":["core","data-access","geometry","portal-access"],"variables":[{"name":"$feature","type":"feature","description":"A feição sendo calculada."},{"name":"$originalFeature","type":"feature","description":"O estado anterior da feição que está sendo calculada."},{"name":"$featureSet","type":"featureSet","description":"Uma coleção de feições na mesma tabela que o $feature que avalia a expressão."},{"name":"$datastore","type":"featureSetCollection","description":"Uma coleção de camadas no mesmo serviço da feição ou banco de dados que o $feature que executa o script."},{"name":"$editcontext","type":"dictionary","properties":[{"name":"editType","type":"text","description":"Indica se o evento de edição é INSERT, UPDATE, DELETE ou NA (não aplicável)."}],"description":""}]},{"name":"Attribute rule validation","id":"attribute-rule-validation","bundles":["core","data-access","geometry","portal-access"],"variables":[{"name":"$feature","type":"feature","description":"A feição sendo calculada."},{"name":"$featureSet","type":"featureSet","description":"Uma coleção de feições na mesma tabela que o $feature que avalia a expressão."},{"name":"$datastore","type":"featureSetCollection","description":"Uma coleção de camadas no mesmo serviço da feição ou banco de dados que o $feature que executa o script."}]},{"name":"Dashboard indicator formatting","id":"dashboard-indicator-formatting","bundles":["core"],"variables":[{"name":"$datapoint","type":"feature","description":"O ponto de dados que está sendo avaliado para o elemento visual."},{"name":"$reference","type":"dictionary","description":"O valor de referência que está sendo avaliado para o elemento visual.","properties":[]}]},{"name":"Dashboard list formatting","id":"dashboard-list-formatting","bundles":["core"],"variables":[{"name":"$datapoint","type":"feature","description":"O ponto de dados que está sendo avaliado para o elemento visual."}]},{"name":"Dashboard table formatting","id":"dashboard-table-formatting","bundles":["core"],"variables":[{"name":"$datapoint","type":"feature","description":"O ponto de dados que está sendo avaliado para o elemento visual."},{"name":"$rowindex","type":"number","description":"A posição de uma linha na tabela (base zero)."}]},{"name":"Dashboard data","id":"dashboard-data","bundles":["core","geometry","data-access","portal-access","knowledge-graph"],"variables":[]},{"name":"Data Pipelines","id":"data-pipelines","bundles":["core"],"variables":[{"name":"$record","type":"dictionary","description":"Fornece acesso aos valores de atributo/campo de registro que está sendo calculado.","properties":[]}]},{"name":"Dictionary renderer","id":"dictionary-renderer","bundles":["core","geometry"],"variables":[{"name":"$feature","type":"feature","description":"A feição que deve ser desenhada no mapa."},{"name":"$config","type":"dictionary","description":"Um dicionário de valores de configuração.","properties":[]}]},{"name":"Experience Builder data","id":"experience-builder-data","bundles":["core","data-access","geometry","portal-access"],"variables":[]},{"name":"Experience Builder list item widget formatting","id":"experience-builder-list-item-widget-formatting","bundles":["core"],"variables":[{"name":"$feature","type":"feature","description":"Representa a feição no item da lista."}]},{"name":"Experience Builder widget formatting","id":"experience-builder-widget-formatting","bundles":["core","data-access"],"variables":[{"name":"$dataSources","type":"dictionary","description":"As fontes de dados usadas pelo widget. Este é um dicionário que contém pares de chave-valor, onde cada chave é um ID da fonte de dados (por exemplo, `dataSource_1-187acf797e1-layer-5-selection`).","properties":[]}]},{"name":"Feature Display Title","id":"feature-display-title","bundles":["core"],"variables":[{"name":"$feature","type":"feature","description":"A feição, ou linha, para o qual exibir um título na interface do usuário."}]},{"name":"Feature Z","id":"feature-z","bundles":["core","geometry"],"variables":[{"name":"$feature","type":"feature","description":"A feição que exige um valor Z."}]},{"name":"Field calculation","id":"field-calculation","bundles":["core","data-access","geometry","portal-access","knowledge-graph","ai"],"variables":[{"name":"$feature","type":"feature","description":"A feição sendo calculada."},{"name":"$datastore","type":"featureSetCollection","description":"Uma coleção de camadas no mesmo serviço da feição ou banco de dados que o $feature que executa o cálculo."}]},{"name":"Field mapping","id":"field-mapping","bundles":["core","data-access","geometry","portal-access"],"variables":[{"name":"$sourceFeature","type":"feature","description":"A feição de origem para o mapa de campo."},{"name":"$targetFeature","type":"feature","description":"A feição de destino para o mapa de campo."},{"name":"$sourceLayer","type":"featureSet","description":"Uma coleção de feições na mesma camada que $sourcefeature."},{"name":"$targetLayer","type":"featureSet","description":"Uma coleção de feições na mesma camada que $targetfeature."},{"name":"$map","type":"featureSetCollection","description":"Uma coleção de camadas no mapa da expressão Arcade em execução."},{"name":"$sourceDatastore","type":"featureSetCollection","description":"Uma coleção de camadas no mesmo armazenamento de dados que o $sourcelayer."},{"name":"$targetDatastore","type":"featureSetCollection","description":"Uma coleção de camadas no mesmo armazenamento de dados que o $targetlayer."}]},{"name":"Form Attachment Filename Calculation","id":"form-attachment-filename-calculation","bundles":["core","data-access","geometry","portal-access"],"variables":[{"name":"$feature","type":"feature","description":"ã_The feature being calculated______________________________Ç."},{"name":"$originalFeature","type":"feature","description":"ã_The previous state of the feature being calculated___________________________Ç."},{"name":"$layer","type":"featureSet","description":"ã_A collection of features in the same layer as $feature_____________________________Ç."},{"name":"$datastore","type":"featureSetCollection","description":"ã_A collection of layers in the same feature service or database as $feature_______________________________________Ç."},{"name":"$featureset","type":"featureSet","description":"ã_A collection of features in the same table as $feature_____________________________Ç."},{"name":"$map","type":"featureSetCollection","description":"ã_A collection of feature service layers in the same map as $feature___________________________________Ç."},{"name":"$formElement","type":"dictionary","description":"ã_Information associated with the form element________________________Ç.","properties":[{"name":"attachmentKeyword","type":"text","description":"ã_A text value identifying the content of the attachment. When a file is attached using the form, this property can be used in determining a new filename for the attachment_______________________________________________________________________________________Ç."},{"name":"label","type":"text","description":"ã_A text value indicating what the element represents___________________________Ç."},{"name":"description","type":"text","description":"ã_A text value that describes the element in detail__________________________Ç."}]}]},{"name":"Form calculation","id":"form-calculation","bundles":["core","data-access","geometry","portal-access","ai"],"variables":[{"name":"$feature","type":"feature","description":"Expõe os atributos da feição para uso no cálculo"},{"name":"$originalFeature","type":"feature","description":"O estado anterior da feição que está sendo calculada."},{"name":"$layer","type":"featureSet","description":"Uma coleção de feições na mesma camada que $feature."},{"name":"$datastore","type":"featureSetCollection","description":"Uma coleção de camadas no mesmo serviço da feição ou banco de dados que $feature."},{"name":"$featureset","type":"featureSet","description":"Uma coleção de feições na mesma tabela que $feature."},{"name":"$map","type":"featureSetCollection","description":"Uma coleção de camadas de serviço da feição no mesmo mapa que $feature."},{"name":"$editcontext","type":"dictionary","properties":[{"name":"editType","type":"text","description":"Indica se o evento de edição é INSERT, UPDATE, DELETE ou NA (não aplicável)."}],"description":""}]},{"name":"Form Constraint","id":"form-constraint","bundles":["core","geometry","data-access","portal-access"],"variables":[{"name":"$feature","type":"feature","description":"A feição que está sendo avaliada para a restrição."},{"name":"$originalFeature","type":"feature","description":"O estado anterior da feição."},{"name":"$layer","type":"featureSet","description":"Uma coleção de feições na mesma camada que $feature."},{"name":"$datastore","type":"featureSetCollection","description":"Uma coleção de camadas no mesmo serviço da feição ou banco de dados que $feature."},{"name":"$featureset","type":"featureSet","description":"Uma coleção de feições na mesma tabela que $feature."},{"name":"$map","type":"featureSetCollection","description":"Uma coleção de camadas de serviço da feição no mesmo mapa que $feature."},{"name":"$editcontext","type":"dictionary","properties":[{"name":"editType","type":"text","description":"Indica se o evento de edição é INSERT, UPDATE, DELETE ou NA (não aplicável)."}],"description":""}]},{"name":"Geoanalytics","id":"geoanalytics","bundles":["core","geometry","track"],"variables":[{"name":"$feature","type":"feature","description":"A feição sendo calculada."}]},{"name":"Geotrigger notification","id":"geotrigger-notification","bundles":["core","geometry","data-access"],"variables":[{"name":"$feedFeature","type":"feature","description":"A feição de entrada (por exemplo, uma localização do dispositivo ou uma feição) que fez com que o geotrigger fosse ativado. Essa feição deve incluir uma geometria (geralmente um ponto) e um esquema fixo com as seguintes propriedades: `curso` (o curso do local em graus no sentido horário, sendo 0 o norte verdadeiro) e `horizontalaccuracy` (a precisão horizontal do local em metros)."},{"name":"$fenceFeature","type":"feature","description":"A feição de limite (por exemplo, uma área de interesse) que foi inserida ou saída e fez com que o Geotrigger fosse ativado."},{"name":"$fenceLayer","type":"featureSet","description":"Uma coleção de feições na mesma camada que $fenceFeature."},{"name":"$fenceNotificationType","type":"text","description":"Uma descrição do evento que ocorreu - \"entrou\" ou \"saiu\"."}]},{"name":"Imagery popup","id":"popup-imagery","bundles":["core","geometry"],"variables":[{"name":"$pixel","type":"pixel","description":"ã_The pixel value and other pixel-dependent information (e.g. classification category), including virtual raster fields, for the imagery layer currently displayed in the view________________________________________________________________________________________Ç."},{"name":"$imageCollectionItem","type":"feature","description":"ã_The metadata of the selected image collection item containing the pixel represented by `$pixel`. This value will be `null` if there is no associated image collection____________________________________________________________________________________Ç."},{"name":"$view","type":"dictionary","description":"ã_Properties available from the view___________________Ç.","properties":[{"name":"scale","type":"number","description":"ã_Returns the scale of the map at the time the expression evaluates__________________________________Ç."},{"name":"timeProperties","type":"dictionary","properties":[{"name":"currentStart","type":"date","description":"ã_The start time of the map's time extent as indicated by a time slider component at the time the expression evaluates. This value dynamically updates (and may trigger the re-execution of the Arcade expression) when a time slider is used to update time-aware popups based on date field. A `null` value indicates the start time is inclusive since the beginning of time________________________________________________________________________________________________________________________________________________________________________________________Ç."},{"name":"currentEnd","type":"date","description":"ã_The end time of the map's time extent as indicated by a time slider component at the time the expression evaluates. This value dynamically updates (and may trigger the re-execution of the Arcade expression) when a time slider is used to update time-aware popups based on date field. A `null` value indicates the end time is indefinite with no end_______________________________________________________________________________________________________________________________________________________________________________Ç."},{"name":"startIncluded","type":"boolean","description":"ã_Indicates if the `currentStart` date is included in the map's current time extent__________________________________________Ç."},{"name":"endIncluded","type":"boolean","description":"ã_Indicates if the `currentEnd` date is included in the map's current time extent_________________________________________Ç."}],"description":""}]},{"name":"$userInput","description":"ã_A geometry representing a user's input for a popup. Typically, this represents a location where the user clicked or tapped in a map to launch a popup. There may be cases where this value is a Point, an Extent, or `null` as popups are not always opened from map interaction. Therefore, it is advised to check the geometry type of this value before it is used____________________________________________________________________________________________________________________________________________________________________________________Ç.","type":"geometry"}]},{"name":"Imagery popup element","id":"popup-element-imagery","bundles":["core","geometry"],"variables":[{"name":"$pixel","type":"pixel","description":"ã_The pixel value and other pixel-dependent information (e.g. classification category), including virtual raster fields, for the imagery layer currently displayed in the view________________________________________________________________________________________Ç."},{"name":"$imageCollectionItem","type":"feature","description":"ã_The metadata of the selected image collection item containing the pixel represented by `$pixel`. This value will be `null` if there is no associated image collection____________________________________________________________________________________Ç."},{"name":"$view","type":"dictionary","description":"ã_Properties available from the view___________________Ç.","properties":[{"name":"scale","type":"number","description":"ã_Returns the scale of the map at the time the expression evaluates__________________________________Ç."},{"name":"timeProperties","type":"dictionary","properties":[{"name":"currentStart","type":"date","description":"ã_The start time of the map's time extent as indicated by a time slider component at the time the expression evaluates. This value dynamically updates (and may trigger the re-execution of the Arcade expression) when a time slider is used to update time-aware popups based on date field. A `null` value indicates the start time is inclusive since the beginning of time________________________________________________________________________________________________________________________________________________________________________________________Ç."},{"name":"currentEnd","type":"date","description":"ã_The end time of the map's time extent as indicated by a time slider component at the time the expression evaluates. This value dynamically updates (and may trigger the re-execution of the Arcade expression) when a time slider is used to update time-aware popups based on date field. A `null` value indicates the end time is indefinite with no end_______________________________________________________________________________________________________________________________________________________________________________Ç."},{"name":"startIncluded","type":"boolean","description":"ã_Indicates if the `currentStart` date is included in the map's current time extent__________________________________________Ç."},{"name":"endIncluded","type":"boolean","description":"ã_Indicates if the `currentEnd` date is included in the map's current time extent_________________________________________Ç."}],"description":""}]},{"name":"$userInput","description":"ã_A geometry representing a user's input for a popup. Typically, this represents a location where the user clicked or tapped in a map to launch a popup. There may be cases where this value is a Point, an Extent, or `null` as popups are not always opened from map interaction. Therefore, it is advised to check the geometry type of this value before it is used____________________________________________________________________________________________________________________________________________________________________________________Ç.","type":"geometry"}]},{"name":"Labeling","id":"labeling","bundles":["core","geometry"],"variables":[{"name":"$feature","type":"feature","description":"A feição cujo rótulo deve ser desenhado no mapa."},{"name":"$view","type":"dictionary","description":"Propriedades disponíveis na visualização.","properties":[{"name":"scale","type":"number","description":"Retorna a escala do mapa no momento que a expressão é avaliada."},{"name":"timeProperties","type":"dictionary","properties":[{"name":"currentStart","type":"date","description":"O horário de início da extensão de tempo do mapa, conforme indicado por um componente de controle deslizante de tempo no momento em que a expressão é avaliada. Este valor é atualizado dinamicamente (e pode acionar a reexecução da expressão Arcade) quando um controle deslizante de tempo é usado para atualizar rótulos com reconhecimento de tempo com base no campo de data. Um valor `null` indica que a hora de início é inclusiva desde o início dos tempos."},{"name":"currentEnd","type":"date","description":"O tempo final da extensão de tempo do mapa, conforme indicado por um componente de controle deslizante de tempo no momento em que a expressão é avaliada. Este valor é atualizado dinamicamente (e pode acionar a reexecução da expressão Arcade) quando um controle deslizante de tempo é usado para atualizar rótulos com reconhecimento de tempo com base no campo de data. Um valor `null` indica que o tempo de término é indefinido, sem fim."},{"name":"startIncluded","type":"boolean","description":"Indica se a data `currentStart` está incluída na extensão de tempo atual do mapa."},{"name":"endIncluded","type":"boolean","description":"Indica se a data `currentEnd` está incluída na extensão de tempo atual do mapa."}],"description":""}]}]},{"name":"Layout","id":"layout","bundles":["core","geometry"],"variables":[{"name":"$feature","type":"feature","description":"A feição cujos valores podem ser exibidos no layout."}]},{"name":"Location update constraint","id":"location-update-constraint","bundles":["core","geometry"],"variables":[{"name":"$locationupdate","type":"dictionary","description":"A feição de atualização de localização (por exemplo, do GPS) sendo avaliada para a restrição.","properties":[{"name":"course","type":"number","description":"O curso do local em graus no sentido horário, sendo 0 o Norte verdadeiro."},{"name":"horizontalaccuracy","type":"number","description":"A precisão horizontal da localização em metros."},{"name":"verticalaccuracy","type":"number","description":"A precisão vertical da localização em metros."},{"name":"velocity","type":"number","description":"A velocidade do local em metros por segundo."}]}]},{"name":"Model Builder","id":"model-builder","bundles":["core","geometry","data-access","portal-access"],"variables":[{"name":"$variables","type":"dictionary","description":"Um dicionário contendo nomes e valores de variáveis.","properties":[]}]},{"name":"Measure visualization","id":"measure-visualization","bundles":["core","geometry"],"variables":[{"name":"$measure","type":"number","description":"O valor M interpolado para o local do marcador."},{"name":"$feature","type":"feature","description":"A feição que deve ser desenhada no mapa."},{"name":"$view","type":"dictionary","properties":[{"name":"scale","type":"number","description":"Retorna a escala do mapa no momento que a expressão é avaliada."}],"description":""}]},{"name":"Popup","id":"popup","bundles":["core","data-access","geometry","portal-access","knowledge-graph"],"variables":[{"name":"$feature","type":"feature","description":"Fornece acesso aos atributos e geometria da feição cujo pop-up deve ser exibido na visualização."},{"name":"$layer","description":"Uma coleção de feições na mesma camada que o $feature cujo pop-up é exibido na visualização.","type":"featureSet"},{"name":"$map","description":"Uma coleção de camadas no mesmo mapa que o $feature cujo pop-up é exibido na visualização. Este valor pode ser `nulo` nos casos em que um pop-up não está associado a um mapa.","type":"featureSetCollection"},{"name":"$datastore","description":"Uma coleção de camadas no mesmo serviço da feição ou banco de dados que o $feature cujo pop-up é exibido na visualização.","type":"featureSetCollection"},{"name":"$userInput","description":"Uma geometria que representa a entrada de um usuário para um pop-up. Normalmente, isso representa um local onde o usuário clicou ou tocou em um mapa para abrir um pop-up. Pode haver casos em que este valor seja um Ponto, uma Extensão ou `nulo`, pois os pop-ups nem sempre são abertos a partir da interação do mapa. Portanto, é aconselhável verificar o tipo de geometria deste valor antes de utilizá-lo.","type":"geometry"},{"name":"$graph","description":"Um gráfico de conhecimento associado à feição. Se nenhum gráfico de conhecimento estiver disponível, o valor será `nulo`.","type":"knowledgeGraph"},{"name":"$view","type":"dictionary","description":"Propriedades disponíveis na visualização.","properties":[{"name":"scale","type":"number","description":"Retorna a escala do mapa no momento que a expressão é avaliada."},{"name":"timeProperties","type":"dictionary","properties":[{"name":"currentStart","type":"date","description":"O horário de início da extensão de tempo do mapa, conforme indicado por um componente de controle deslizante de tempo no momento em que a expressão é avaliada. Este valor é atualizado dinamicamente (e pode acionar a reexecução da expressão Arcade) quando um controle deslizante de tempo é usado para atualizar pop-ups com reconhecimento de tempo com base no campo de data. Um valor `null` indica que a hora de início é inclusiva desde o início dos tempos."},{"name":"currentEnd","type":"date","description":"O tempo final da extensão de tempo do mapa, conforme indicado por um componente de controle deslizante de tempo no momento em que a expressão é avaliada. Este valor é atualizado dinamicamente (e pode acionar a reexecução da expressão Arcade) quando um controle deslizante de tempo é usado para atualizar pop-ups com reconhecimento de tempo com base no campo de data. Um valor `null` indica que o tempo de término é indefinido, sem fim."},{"name":"startIncluded","type":"boolean","description":"Indica se a data `currentStart` está incluída na extensão de tempo atual do mapa."},{"name":"endIncluded","type":"boolean","description":"Indica se a data `currentEnd` está incluída na extensão de tempo atual do mapa."}],"description":""}]}]},{"name":"Popup element","id":"popup-element","bundles":["core","data-access","geometry","portal-access","knowledge-graph"],"variables":[{"name":"$feature","type":"feature","description":"Fornece acesso aos atributos e geometria da feição cujo pop-up deve ser exibido na visualização."},{"name":"$layer","description":"Uma coleção de feições na mesma camada que o $feature cujo pop-up é exibido na visualização.","type":"featureSet"},{"name":"$map","description":"Uma coleção de camadas no mesmo mapa que o $feature cujo pop-up é exibido na visualização. Este valor pode ser `nulo` nos casos em que um pop-up não está associado a um mapa.","type":"featureSetCollection"},{"name":"$datastore","description":"Uma coleção de camadas no mesmo serviço da feição ou banco de dados que o $feature cujo pop-up é exibido na visualização.","type":"featureSetCollection"},{"name":"$userInput","description":"Uma geometria que representa a entrada de um usuário para um pop-up. Normalmente, isso representa um local onde o usuário clicou ou tocou em um mapa para abrir um pop-up. Pode haver casos em que este valor seja um Ponto, uma Extensão ou `nulo`, pois os pop-ups nem sempre são abertos a partir da interação do mapa. Portanto, é aconselhável verificar o tipo de geometria deste valor antes de utilizá-lo.","type":"geometry"},{"name":"$graph","description":"Um gráfico de conhecimento associado à feição. Se nenhum gráfico de conhecimento estiver disponível, o valor será `nulo`.","type":"knowledgeGraph"},{"name":"$view","type":"dictionary","description":"Propriedades disponíveis na visualização.","properties":[{"name":"scale","type":"number","description":"Retorna a escala do mapa no momento que a expressão é avaliada."},{"name":"timeProperties","type":"dictionary","properties":[{"name":"currentStart","type":"date","description":"O horário de início da extensão de tempo do mapa, conforme indicado por um componente de controle deslizante de tempo no momento em que a expressão é avaliada. Este valor é atualizado dinamicamente (e pode acionar a reexecução da expressão Arcade) quando um controle deslizante de tempo é usado para atualizar pop-ups com reconhecimento de tempo com base no campo de data. Um valor `null` indica que a hora de início é inclusiva desde o início dos tempos."},{"name":"currentEnd","type":"date","description":"O tempo final da extensão de tempo do mapa, conforme indicado por um componente de controle deslizante de tempo no momento em que a expressão é avaliada. Este valor é atualizado dinamicamente (e pode acionar a reexecução da expressão Arcade) quando um controle deslizante de tempo é usado para atualizar pop-ups com reconhecimento de tempo com base no campo de data. Um valor `null` indica que o tempo de término é indefinido, sem fim."},{"name":"startIncluded","type":"boolean","description":"Indica se a data `currentStart` está incluída na extensão de tempo atual do mapa."},{"name":"endIncluded","type":"boolean","description":"Indica se a data `currentEnd` está incluída na extensão de tempo atual do mapa."}],"description":""}]}]},{"name":"Popup feature reduction","id":"popup-feature-reduction","bundles":["core","data-access","geometry","portal-access"],"variables":[{"name":"$feature","type":"feature","description":"Fornece acesso aos campos agregados definidos em pop-ups de agrupamento ou categorização."},{"name":"$aggregatedFeatures","description":"Um FeatureSet contendo todas as feições representadas pelo agrupamento ou categorização.","type":"featureSet"},{"name":"$view","type":"dictionary","description":"Propriedades disponíveis na visualização.","properties":[{"name":"scale","type":"number","description":"Retorna a escala do mapa no momento que a expressão é avaliada."},{"name":"timeProperties","type":"dictionary","properties":[{"name":"currentStart","type":"date","description":"O horário de início da extensão de tempo do mapa, conforme indicado por um componente de controle deslizante de tempo no momento em que a expressão é avaliada. Este valor é atualizado dinamicamente (e pode acionar a reexecução da expressão Arcade) quando um controle deslizante de tempo é usado para atualizar pop-ups com reconhecimento de tempo com base no campo de data. Um valor `null` indica que a hora de início é inclusiva desde o início dos tempos."},{"name":"currentEnd","type":"date","description":"O tempo final da extensão de tempo do mapa, conforme indicado por um componente de controle deslizante de tempo no momento em que a expressão é avaliada. Este valor é atualizado dinamicamente (e pode acionar a reexecução da expressão Arcade) quando um controle deslizante de tempo é usado para atualizar pop-ups com reconhecimento de tempo com base no campo de data. Um valor `null` indica que o tempo de término é indefinido, sem fim."},{"name":"startIncluded","type":"boolean","description":"Indica se a data `currentStart` está incluída na extensão de tempo atual do mapa."},{"name":"endIncluded","type":"boolean","description":"Indica se a data `currentEnd` está incluída na extensão de tempo atual do mapa."}],"description":""}]}]},{"name":"Popup element feature reduction","id":"popup-element-feature-reduction","bundles":["core","data-access","geometry","portal-access"],"variables":[{"name":"$feature","type":"feature","description":"Fornece acesso aos campos agregados definidos em pop-ups de agrupamento ou categorização."},{"name":"$aggregatedFeatures","description":"Um FeatureSet contendo todas as feições representadas pelo agrupamento ou categorização.","type":"featureSet"},{"name":"$view","type":"dictionary","description":"Propriedades disponíveis na visualização.","properties":[{"name":"scale","type":"number","description":"Retorna a escala do mapa no momento que a expressão é avaliada."},{"name":"timeProperties","type":"dictionary","properties":[{"name":"currentStart","type":"date","description":"O horário de início da extensão de tempo do mapa, conforme indicado por um componente de controle deslizante de tempo no momento em que a expressão é avaliada. Este valor é atualizado dinamicamente (e pode acionar a reexecução da expressão Arcade) quando um controle deslizante de tempo é usado para atualizar pop-ups com reconhecimento de tempo com base no campo de data. Um valor `null` indica que a hora de início é inclusiva desde o início dos tempos."},{"name":"currentEnd","type":"date","description":"O tempo final da extensão de tempo do mapa, conforme indicado por um componente de controle deslizante de tempo no momento em que a expressão é avaliada. Este valor é atualizado dinamicamente (e pode acionar a reexecução da expressão Arcade) quando um controle deslizante de tempo é usado para atualizar pop-ups com reconhecimento de tempo com base no campo de data. Um valor `null` indica que o tempo de término é indefinido, sem fim."},{"name":"startIncluded","type":"boolean","description":"Indica se a data `currentStart` está incluída na extensão de tempo atual do mapa."},{"name":"endIncluded","type":"boolean","description":"Indica se a data `currentEnd` está incluída na extensão de tempo atual do mapa."}],"description":""}]}]},{"name":"Quick Capture","id":"quick-capture","bundles":["core","data-access","geometry","portal-access"],"variables":[{"name":"$feature","type":"feature","description":"Expõe os atributos da feição para uso no cálculo"},{"name":"$layer","type":"featureSet","description":"Uma coleção de feições na mesma camada que $feature."},{"name":"$datastore","type":"featureSetCollection","description":"Uma coleção de camadas no mesmo serviço da feição ou banco de dados que $feature."},{"name":"$map","type":"featureSetCollection","description":"Uma coleção de camadas de serviço da feição no mapa usado pelo projeto do QuickCapture. Esta variável pode ser `null`."}]},{"name":"Tasks","id":"tasks","bundles":["core","data-access","geometry","portal-access"],"variables":[{"name":"$feature","description":"A feição que está sendo avaliada pela tarefa.","type":"feature"},{"name":"$datastore","description":"Uma coleção de camadas no mesmo serviço da feição ou banco de dados que o $feature sendo avaliado pela tarefa.","type":"featureSetCollection"}]},{"name":"Velocity","id":"velocity","bundles":["core","geometry","track"],"variables":[{"name":"$feature","type":"feature","description":"Em ferramentas analíticas com entradas únicas, a feição sendo calculada, avaliada ou operada."},{"name":"$target","type":"feature","description":"Em ferramentas analíticas com duas entradas, a feição sendo avaliada para filtragem ou enriquecimento."},{"name":"$join","type":"feature","description":"Em ferramentas analíticas com duas entradas, a feição fornece valores para avaliação ou enriquecimento da feição de destino."},{"name":"$analytic","type":"dictionary","description":"Valores de tempo associados à análise, como hora inicial, última hora final, etc.","properties":[]}]},{"name":"Visualization","id":"visualization","bundles":["core","geometry"],"variables":[{"name":"$feature","description":"A feição que deve ser desenhada no mapa.","type":"feature"},{"name":"$view","type":"dictionary","description":"Propriedades disponíveis na visualização.","properties":[{"name":"scale","type":"number","description":"Retorna a escala do mapa no momento que a expressão é avaliada."},{"name":"timeProperties","type":"dictionary","properties":[{"name":"currentStart","type":"date","description":"O horário de início da extensão de tempo do mapa, conforme indicado por um componente de controle deslizante de tempo no momento em que a expressão é avaliada. Este valor é atualizado dinamicamente (e pode acionar a reexecução da expressão Arcade) quando um controle deslizante de tempo é usado para atualizar visualizações com reconhecimento de tempo com base no campo de data. Um valor `null` indica que a hora de início é inclusiva desde o início dos tempos."},{"name":"currentEnd","type":"date","description":"O tempo final da extensão de tempo do mapa, conforme indicado por um componente de controle deslizante de tempo no momento em que a expressão é avaliada. Este valor é atualizado dinamicamente (e pode acionar a reexecução da expressão Arcade) quando um controle deslizante de tempo é usado para atualizar visualizações com reconhecimento de tempo com base no campo de data. Um valor `null` indica que o tempo de término é indefinido, sem fim."},{"name":"startIncluded","type":"boolean","description":"Indica se a data `currentStart` está incluída na extensão de tempo atual do mapa."},{"name":"endIncluded","type":"boolean","description":"Indica se a data `currentEnd` está incluída na extensão de tempo atual do mapa."}],"description":""}]}]},{"name":"Voxel popup","id":"popup-voxel","bundles":["core"],"variables":[{"name":"$voxel","type":"voxel","description":"Fornece acesso aos atributos do voxel cujo pop-up será exibido na cena."}]},{"name":"Voxel popup element","id":"popup-element-voxel","bundles":["core"],"variables":[{"name":"$voxel","type":"voxel","description":"Fornece acesso aos atributos do voxel cujo pop-up será exibido na cena."}]}]