[{"name":"Minimalist","id":"minimalist","bundles":["core","data-access","geometry","portal-access"],"variables":[]},{"name":"Aggregate Field","id":"aggregate-field","bundles":["core","geometry"],"variables":[{"name":"$feature","description":"แต่ละฟีเจอร์จะถูกรวมไว้ในฟีเจอร์รวม ซึ่งช่วยให้สามารถเข้าถึงคุณลักษณะฟิลด์ทั้งหมดของฟีเจอร์ได้","type":"feature"}]},{"name":"Alias","id":"alias","bundles":["core","geometry"],"variables":[{"name":"$value","type":"number","description":"ค่าตัวเลขที่ต้องการนามแฝงข้อความ"},{"name":"$feature","type":"feature","description":"ฟีเจอร์ที่ต้องการชื่อแฝงข้อความ"}]},{"name":"Attribute rule calculation","id":"attribute-rule-calculation","bundles":["core","data-access","database","geometry","portal-access","ai"],"variables":[{"name":"$feature","type":"feature","description":"ฟีเจอร์ที่กำลังถูกคำนวณ"},{"name":"$originalFeature","type":"feature","description":"สถานะก่อนหน้าของฟีเจอร์ที่กำลังถูกคำนวณ"},{"name":"$featureSet","type":"featureSet","description":"คอลเลกชันของฟีเจอร์ในตารางเดียวกันกับที่ $feature ทำการประเมินนิพจน์"},{"name":"$datastore","type":"featureSetCollection","description":"คอลเลกชันของชั้นข้อมูลในฟีเจอร์เซอร์วิสหรือฐานข้อมูลเดียวกัน ในขณะที่ $feature ดำเนินการตามสคริปต์"},{"name":"$editcontext","type":"dictionary","properties":[{"name":"editType","type":"text","description":"ระบุว่าเหตุการณ์การแก้ไขเป็น INSERT, UPDATE, DELETE หรือ NA (ไม่สามารถดำเนินการได้)"}],"description":""}]},{"name":"Attribute rule constraint","id":"attribute-rule-constraint","bundles":["core","data-access","geometry","portal-access"],"variables":[{"name":"$feature","type":"feature","description":"ฟีเจอร์ที่กำลังถูกคำนวณ"},{"name":"$originalFeature","type":"feature","description":"สถานะก่อนหน้าของฟีเจอร์ที่กำลังถูกคำนวณ"},{"name":"$featureSet","type":"featureSet","description":"คอลเลกชันของฟีเจอร์ในตารางเดียวกันกับที่ $feature ทำการประเมินนิพจน์"},{"name":"$datastore","type":"featureSetCollection","description":"คอลเลกชันของชั้นข้อมูลในฟีเจอร์เซอร์วิสหรือฐานข้อมูลเดียวกัน ในขณะที่ $feature ดำเนินการตามสคริปต์"},{"name":"$editcontext","type":"dictionary","properties":[{"name":"editType","type":"text","description":"ระบุว่าเหตุการณ์การแก้ไขเป็น INSERT, UPDATE, DELETE หรือ NA (ไม่สามารถดำเนินการได้)"}],"description":""}]},{"name":"Attribute rule validation","id":"attribute-rule-validation","bundles":["core","data-access","geometry","portal-access"],"variables":[{"name":"$feature","type":"feature","description":"ฟีเจอร์ที่กำลังถูกคำนวณ"},{"name":"$featureSet","type":"featureSet","description":"คอลเลกชันของฟีเจอร์ในตารางเดียวกันกับที่ $feature ทำการประเมินนิพจน์"},{"name":"$datastore","type":"featureSetCollection","description":"คอลเลกชันของชั้นข้อมูลในฟีเจอร์เซอร์วิสหรือฐานข้อมูลเดียวกัน ในขณะที่ $feature ดำเนินการตามสคริปต์"}]},{"name":"Dashboard indicator formatting","id":"dashboard-indicator-formatting","bundles":["core"],"variables":[{"name":"$datapoint","type":"feature","description":"จุดข้อมูลที่กำลังถูกประเมินสำหรับองค์ประกอบภาพ"},{"name":"$reference","type":"dictionary","description":"ค่าอ้างอิงที่กำลังถูกประเมินสำหรับองค์ประกอบภาพ","properties":[]}]},{"name":"Dashboard list formatting","id":"dashboard-list-formatting","bundles":["core"],"variables":[{"name":"$datapoint","type":"feature","description":"จุดข้อมูลที่กำลังถูกประเมินสำหรับองค์ประกอบภาพ"}]},{"name":"Dashboard table formatting","id":"dashboard-table-formatting","bundles":["core"],"variables":[{"name":"$datapoint","type":"feature","description":"จุดข้อมูลที่กำลังถูกประเมินสำหรับองค์ประกอบภาพ"},{"name":"$rowindex","type":"number","description":"ตำแหน่งของแถวในตาราง (อิงศูนย์)"}]},{"name":"Dashboard data","id":"dashboard-data","bundles":["core","geometry","data-access","portal-access","knowledge-graph"],"variables":[]},{"name":"Data Pipelines","id":"data-pipelines","bundles":["core"],"variables":[{"name":"$record","type":"dictionary","description":"ระบุการเข้าถึงค่าแอตทริบิวต์/ฟิลด์ของบันทึกที่กำลังทำการคำนวณ","properties":[]}]},{"name":"Dictionary renderer","id":"dictionary-renderer","bundles":["core","geometry"],"variables":[{"name":"$feature","type":"feature","description":"ฟีเจอร์ที่จะวาดบนแผนที่"},{"name":"$config","type":"dictionary","description":"พจนานุกรมของค่าการกำหนดค่า","properties":[]}]},{"name":"Experience Builder data","id":"experience-builder-data","bundles":["core","data-access","geometry","portal-access"],"variables":[]},{"name":"Experience Builder list item widget formatting","id":"experience-builder-list-item-widget-formatting","bundles":["core"],"variables":[{"name":"$feature","type":"feature","description":"แทนฟีเจอร์ในลิสต์รายการ"}]},{"name":"Experience Builder widget formatting","id":"experience-builder-widget-formatting","bundles":["core","data-access"],"variables":[{"name":"$dataSources","type":"dictionary","description":"แหล่งข้อมูลที่วิดเจ็ตใช้ นี่คือพจนานุกรมที่มีคู่ค่าคีย์ โดยแต่ละคู่จะเป็น ID แหล่งข้อมูล (เช่น `dataSource_1-187acf797e1-layer-5-selection`)","properties":[]}]},{"name":"Feature Display Title","id":"feature-display-title","bundles":["core"],"variables":[{"name":"$feature","type":"feature","description":"ฟีเจอร์ หรือแถว ที่จะแสดงชื่อใน UI"}]},{"name":"Feature Z","id":"feature-z","bundles":["core","geometry"],"variables":[{"name":"$feature","type":"feature","description":"ฟีเจอร์ที่ต้องการค่า Z"}]},{"name":"Field calculation","id":"field-calculation","bundles":["core","data-access","geometry","portal-access","knowledge-graph","ai"],"variables":[{"name":"$feature","type":"feature","description":"ฟีเจอร์ที่กำลังถูกคำนวณ"},{"name":"$datastore","type":"featureSetCollection","description":"คอลเลกชันของชั้นข้อมูลในฟีเจอร์เซอร์วิสหรือฐานข้อมูลเดียวกันกับ $feature ที่ดำเนินการคำนวณ"}]},{"name":"Field mapping","id":"field-mapping","bundles":["core","data-access","geometry","portal-access"],"variables":[{"name":"$sourceFeature","type":"feature","description":"ฟีเจอร์ต้นทางสำหรับแผนที่ฟิลด์"},{"name":"$targetFeature","type":"feature","description":"ฟีเจอร์เป้าหมายสำหรับแผนที่ฟิลด์"},{"name":"$sourceLayer","type":"featureSet","description":"คอลเลกชันของฟีเจอร์ในชั้นข้อมูลเดียวกันกับ $sourcefeature"},{"name":"$targetLayer","type":"featureSet","description":"คอลเลกชันของฟีเจอร์ในชั้นข้อมูลเดียวกันกับ $targetfeature"},{"name":"$map","type":"featureSetCollection","description":"คอลเลกชันชั้นข้อมูลในแผนที่ของนิพจน์ Arcade ที่ดำเนินการ"},{"name":"$sourceDatastore","type":"featureSetCollection","description":"คอลเลกชันของชั้นข้อมูลในที่เก็บข้อมูลเดียวกันกับ $sourcelayer"},{"name":"$targetDatastore","type":"featureSetCollection","description":"คอลเลกชันของชั้นข้อมูลในที่เก็บข้อมูลเดียวกันกับ $targetlayer"}]},{"name":"Form Attachment Filename Calculation","id":"form-attachment-filename-calculation","bundles":["core","data-access","geometry","portal-access"],"variables":[{"name":"$feature","type":"feature","description":"ก้_The feature being calculated______________________________ษฺ."},{"name":"$originalFeature","type":"feature","description":"ก้_The previous state of the feature being calculated___________________________ษฺ."},{"name":"$layer","type":"featureSet","description":"ก้_A collection of features in the same layer as $feature_____________________________ษฺ."},{"name":"$datastore","type":"featureSetCollection","description":"ก้_A collection of layers in the same feature service or database as $feature_______________________________________ษฺ."},{"name":"$featureset","type":"featureSet","description":"ก้_A collection of features in the same table as $feature_____________________________ษฺ."},{"name":"$map","type":"featureSetCollection","description":"ก้_A collection of feature service layers in the same map as $feature___________________________________ษฺ."},{"name":"$formElement","type":"dictionary","description":"ก้_Information associated with the form element________________________ษฺ.","properties":[{"name":"attachmentKeyword","type":"text","description":"ก้_A text value identifying the content of the attachment. When a file is attached using the form, this property can be used in determining a new filename for the attachment_______________________________________________________________________________________ษฺ."},{"name":"label","type":"text","description":"ก้_A text value indicating what the element represents___________________________ษฺ."},{"name":"description","type":"text","description":"ก้_A text value that describes the element in detail__________________________ษฺ."}]}]},{"name":"Form calculation","id":"form-calculation","bundles":["core","data-access","geometry","portal-access","ai"],"variables":[{"name":"$feature","type":"feature","description":"เปิดเผยแอตทริบิวต์ของฟีเจอร์สำหรับใช้ในการคำนวณ"},{"name":"$originalFeature","type":"feature","description":"สถานะก่อนหน้าของฟีเจอร์ที่กำลังถูกคำนวณ"},{"name":"$layer","type":"featureSet","description":"คอลเลกชันของฟีเจอร์ในชั้นข้อมูลเดียวกันกับ $feature"},{"name":"$datastore","type":"featureSetCollection","description":"คอลเลกชันของชั้นข้อมูลในฟีเจอร์เซอร์วิสหรือฐานข้อมูลเดียวกันกับ $feature"},{"name":"$featureset","type":"featureSet","description":"คอลเลกชันของฟีเจอร์ในตารางเดียวกันกับ $feature"},{"name":"$map","type":"featureSetCollection","description":"คอลเลกชันของชั้นข้อมูลฟีเจอร์เซอร์วิสในแผนที่เดียวกันกับ $feature"},{"name":"$editcontext","type":"dictionary","properties":[{"name":"editType","type":"text","description":"ระบุว่าเหตุการณ์การแก้ไขเป็น INSERT, UPDATE, DELETE หรือ NA (ไม่สามารถดำเนินการได้)"}],"description":""}]},{"name":"Form Constraint","id":"form-constraint","bundles":["core","geometry","data-access","portal-access"],"variables":[{"name":"$feature","type":"feature","description":"ฟีเจอร์ที่กำลังถูกประเมินข้อจำกัด"},{"name":"$originalFeature","type":"feature","description":"สถานะก่อนหน้าของฟีเจอร์"},{"name":"$layer","type":"featureSet","description":"คอลเลกชันของฟีเจอร์ในชั้นข้อมูลเดียวกันกับ $feature"},{"name":"$datastore","type":"featureSetCollection","description":"คอลเลกชันของชั้นข้อมูลในฟีเจอร์เซอร์วิสหรือฐานข้อมูลเดียวกันกับ $feature"},{"name":"$featureset","type":"featureSet","description":"คอลเลกชันของฟีเจอร์ในตารางเดียวกันกับ $feature"},{"name":"$map","type":"featureSetCollection","description":"คอลเลกชันของชั้นข้อมูลฟีเจอร์เซอร์วิสในแผนที่เดียวกันกับ $feature"},{"name":"$editcontext","type":"dictionary","properties":[{"name":"editType","type":"text","description":"ระบุว่าเหตุการณ์การแก้ไขเป็น INSERT, UPDATE, DELETE หรือ NA (ไม่สามารถดำเนินการได้)"}],"description":""}]},{"name":"Geoanalytics","id":"geoanalytics","bundles":["core","geometry","track"],"variables":[{"name":"$feature","type":"feature","description":"ฟีเจอร์ที่กำลังถูกคำนวณ"}]},{"name":"Geotrigger notification","id":"geotrigger-notification","bundles":["core","geometry","data-access"],"variables":[{"name":"$feedFeature","type":"feature","description":"ฟีเจอร์อินพุท (เช่น ตำแหน่งของอุปกรณ์หรือฟีเจอร์) ที่ส่งผลให้ Geotrigger เริ่มทำงาน ฟีเจอร์นี้ต้องมีเรขาคณิต (โดยทั่วไปจะเป็นจุด) และสคีมาแบบคงที่ ซึ่งมีคุณสมบัติต่อไปนี้: `course` (เส้นทางของตำแหน่งในองศาตามเข็มนาฬิกา โดย 0 คือทิศเหนือจริง) และ `horizontalaccuracy` (ความแม่นยำแนวนอนของตำแหน่งในหน่วยเมตร)"},{"name":"$fenceFeature","type":"feature","description":"ฟีเจอร์รั้วกั้น (เช่น พื้นที่ที่สนใจ) ซึ่งเมื่อมีการเข้าหรือออก จะส่งผลให้ Geotrigger เริ่มทำงาน"},{"name":"$fenceLayer","type":"featureSet","description":"คอลเลกชันของฟีเจอร์ในชั้นข้อมูลเดียวกันกับ $fenceFeature"},{"name":"$fenceNotificationType","type":"text","description":"คำอธิบายของเหตุการณ์ที่เกิดขึ้น - ระหว่าง \"เข้าสู่\" หรือ \"ออกจาก\""}]},{"name":"Imagery popup","id":"popup-imagery","bundles":["core","geometry"],"variables":[{"name":"$pixel","type":"pixel","description":"ก้_The pixel value and other pixel-dependent information (e.g. classification category), including virtual raster fields, for the imagery layer currently displayed in the view________________________________________________________________________________________ษฺ."},{"name":"$imageCollectionItem","type":"feature","description":"ก้_The metadata of the selected image collection item containing the pixel represented by `$pixel`. This value will be `null` if there is no associated image collection____________________________________________________________________________________ษฺ."},{"name":"$view","type":"dictionary","description":"ก้_Properties available from the view___________________ษฺ.","properties":[{"name":"scale","type":"number","description":"ก้_Returns the scale of the map at the time the expression evaluates__________________________________ษฺ."},{"name":"timeProperties","type":"dictionary","properties":[{"name":"currentStart","type":"date","description":"ก้_The start time of the map's time extent as indicated by a time slider component at the time the expression evaluates. This value dynamically updates (and may trigger the re-execution of the Arcade expression) when a time slider is used to update time-aware popups based on date field. A `null` value indicates the start time is inclusive since the beginning of time________________________________________________________________________________________________________________________________________________________________________________________ษฺ."},{"name":"currentEnd","type":"date","description":"ก้_The end time of the map's time extent as indicated by a time slider component at the time the expression evaluates. This value dynamically updates (and may trigger the re-execution of the Arcade expression) when a time slider is used to update time-aware popups based on date field. A `null` value indicates the end time is indefinite with no end_______________________________________________________________________________________________________________________________________________________________________________ษฺ."},{"name":"startIncluded","type":"boolean","description":"ก้_Indicates if the `currentStart` date is included in the map's current time extent__________________________________________ษฺ."},{"name":"endIncluded","type":"boolean","description":"ก้_Indicates if the `currentEnd` date is included in the map's current time extent_________________________________________ษฺ."}],"description":""}]},{"name":"$userInput","description":"ก้_A geometry representing a user's input for a popup. Typically, this represents a location where the user clicked or tapped in a map to launch a popup. There may be cases where this value is a Point, an Extent, or `null` as popups are not always opened from map interaction. Therefore, it is advised to check the geometry type of this value before it is used____________________________________________________________________________________________________________________________________________________________________________________ษฺ.","type":"geometry"}]},{"name":"Imagery popup element","id":"popup-element-imagery","bundles":["core","geometry"],"variables":[{"name":"$pixel","type":"pixel","description":"ก้_The pixel value and other pixel-dependent information (e.g. classification category), including virtual raster fields, for the imagery layer currently displayed in the view________________________________________________________________________________________ษฺ."},{"name":"$imageCollectionItem","type":"feature","description":"ก้_The metadata of the selected image collection item containing the pixel represented by `$pixel`. This value will be `null` if there is no associated image collection____________________________________________________________________________________ษฺ."},{"name":"$view","type":"dictionary","description":"ก้_Properties available from the view___________________ษฺ.","properties":[{"name":"scale","type":"number","description":"ก้_Returns the scale of the map at the time the expression evaluates__________________________________ษฺ."},{"name":"timeProperties","type":"dictionary","properties":[{"name":"currentStart","type":"date","description":"ก้_The start time of the map's time extent as indicated by a time slider component at the time the expression evaluates. This value dynamically updates (and may trigger the re-execution of the Arcade expression) when a time slider is used to update time-aware popups based on date field. A `null` value indicates the start time is inclusive since the beginning of time________________________________________________________________________________________________________________________________________________________________________________________ษฺ."},{"name":"currentEnd","type":"date","description":"ก้_The end time of the map's time extent as indicated by a time slider component at the time the expression evaluates. This value dynamically updates (and may trigger the re-execution of the Arcade expression) when a time slider is used to update time-aware popups based on date field. A `null` value indicates the end time is indefinite with no end_______________________________________________________________________________________________________________________________________________________________________________ษฺ."},{"name":"startIncluded","type":"boolean","description":"ก้_Indicates if the `currentStart` date is included in the map's current time extent__________________________________________ษฺ."},{"name":"endIncluded","type":"boolean","description":"ก้_Indicates if the `currentEnd` date is included in the map's current time extent_________________________________________ษฺ."}],"description":""}]},{"name":"$userInput","description":"ก้_A geometry representing a user's input for a popup. Typically, this represents a location where the user clicked or tapped in a map to launch a popup. There may be cases where this value is a Point, an Extent, or `null` as popups are not always opened from map interaction. Therefore, it is advised to check the geometry type of this value before it is used____________________________________________________________________________________________________________________________________________________________________________________ษฺ.","type":"geometry"}]},{"name":"Labeling","id":"labeling","bundles":["core","geometry"],"variables":[{"name":"$feature","type":"feature","description":"ฟีเจอร์ที่จะวาดป้ายกำกับบนแผนที่"},{"name":"$view","type":"dictionary","description":"คุณสมบัติที่พร้อมใช้งานจากมุมมอง","properties":[{"name":"scale","type":"number","description":"ส่งคืนมาตราส่วนของแผนที่ในช่วงเวลาที่นิพจน์ทำการประเมิน"},{"name":"timeProperties","type":"dictionary","properties":[{"name":"currentStart","type":"date","description":"เวลาเริ่มต้นของขอบเขตเวลาของแผนที่ ตามที่ระบุโดยองค์ประกอบตัวเลื่อนเวลา ณ เวลาที่ประเมินนิพจน์ ค่านี้จะอัปเดตแบบไดนามิก (และอาจทริกเกอร์การดำเนินการซ้ำของนิพจน์ Arcade) เมื่อใช้ตัวเลื่อนเวลาในการอัปเดตป้ายกำกับแบบรับรู้เวลาโดยอิงตามฟิลด์วันที่ ค่า `null` หมายถึงเวลาเริ่มต้นเป็นแบบครอบคลุม นับตั้งแต่จุดเริ่มต้นของเวลา"},{"name":"currentEnd","type":"date","description":"เวลาสิ้นสุดของขอบเขตเวลาของแผนที่ ตามที่ระบุโดยองค์ประกอบตัวเลื่อนเวลา ณ เวลาที่ประเมินนิพจน์ ค่านี้จะอัปเดตแบบไดนามิก (และอาจทริกเกอร์การดำเนินการซ้ำของนิพจน์ Arcade) เมื่อใช้ตัวเลื่อนเวลาในการอัปเดตป้ายกำกับแบบรับรู้เวลาโดยอิงตามฟิลด์วันที่ ค่า `null` หมายถึงเวลาสิ้นสุดนั้นไม่จำกัดและไม่มีที่สิ้นสุด"},{"name":"startIncluded","type":"boolean","description":"ระบุว่ามีการรวม `currentStart` ไว้ในขอบเขตเวลาปัจจุบันของแผนที่หรือไม่"},{"name":"endIncluded","type":"boolean","description":"ระบุว่ามีการรวมวันที่ `currentEnd` ไว้ในขอบเขตเวลาปัจจุบันของแผนที่หรือไม่"}],"description":""}]}]},{"name":"Layout","id":"layout","bundles":["core","geometry"],"variables":[{"name":"$feature","type":"feature","description":"ฟีเจอร์ที่ค่าอาจถูกแสดงในโครงร่าง"}]},{"name":"Location update constraint","id":"location-update-constraint","bundles":["core","geometry"],"variables":[{"name":"$locationupdate","type":"dictionary","description":"ฟีเจอร์การอัปเดตตำแหน่ง (เช่น จาก GPS) ที่กำลังถูกประเมินข้อจำกัด","properties":[{"name":"course","type":"number","description":"ทิศทางของตำแหน่งในหน่วยองศาตามเข็มนาฬิกา โดยที่ 0 คือทิศเหนือที่แท้จริง"},{"name":"horizontalaccuracy","type":"number","description":"ความแม่นยำแนวนอนของตำแหน่งในหน่วยเมตร"},{"name":"verticalaccuracy","type":"number","description":"ความแม่นยำแนวดิ่งของตำแหน่งในหน่วยเมตร"},{"name":"velocity","type":"number","description":"ความเร็วของตำแหน่งในหน่วยเมตรต่อวินาที"}]}]},{"name":"Model Builder","id":"model-builder","bundles":["core","geometry","data-access","portal-access"],"variables":[{"name":"$variables","type":"dictionary","description":"พจนานุกรมที่มีชื่อและค่าตัวแปร","properties":[]}]},{"name":"Measure visualization","id":"measure-visualization","bundles":["core","geometry"],"variables":[{"name":"$measure","type":"number","description":"ค่า M ที่ประมาณในช่วงสำหรับตำแหน่งมาร์คเกอร์"},{"name":"$feature","type":"feature","description":"ฟีเจอร์ที่จะวาดบนแผนที่"},{"name":"$view","type":"dictionary","properties":[{"name":"scale","type":"number","description":"ส่งคืนมาตราส่วนของแผนที่ในช่วงเวลาที่นิพจน์ทำการประเมิน"}],"description":""}]},{"name":"Popup","id":"popup","bundles":["core","data-access","geometry","portal-access","knowledge-graph"],"variables":[{"name":"$feature","type":"feature","description":"ช่วยให้สามารถเข้าใช้งานแอตทริบิวต์และเรขาคณิตของฟีเจอร์ ที่ป็อปอัพจะถูกแสดงในมุมมองได้"},{"name":"$layer","description":"คอลเลกชันของฟีเจอร์ในชั้นข้อมูลเดียวกันกับ $feature ที่ป็อปอัพจะถูกแสดงในมุมมอง","type":"featureSet"},{"name":"$map","description":"คอลเลกชันของชั้นข้อมูลในแผนที่เดียวกันกับ $feature ที่ป็อปอัพจะถูกแสดงในมุมมอง ค่านี้อาจเป็น `null` ในกรณีที่ป็อปอัพไม่เชื่อมโยงกับแผนที่","type":"featureSetCollection"},{"name":"$datastore","description":"คอลเลกชันของชั้นข้อมูลในฟีเจอร์เซอร์วิสหรือฐานข้อมูลเดียวกันกับ $feature ที่ปรากฏในมุมมอง","type":"featureSetCollection"},{"name":"$userInput","description":"เรขาคณิตที่แสดงอินพุทสำหรับป็อปอัพของผู้ใช้ โดยปกติแล้ว จะแสดงตำแหน่งที่ผู้ใช้คลิกหรือแตะในแผนที่เพื่อเปิดป็อปอัพ อาจมีกรณีที่ค่านี้เป็น จุด, ขอบเขต, หรือ `null` เนื่องจากป็อปอัพนั้นไม่ได้เปิดจากการโต้ตอบของแผนที่เสมอไป ดังนั้น ควรตรวจสอบประเภทเรขาคณิตของค่านี้ก่อนที่จะใช้งาน","type":"geometry"},{"name":"$graph","description":"กราฟความรู้ที่เชื่อมโยงกับฟีเจอร์ หากไม่มีกราฟความรู้ ค่าจะเป็น `null`","type":"knowledgeGraph"},{"name":"$view","type":"dictionary","description":"คุณสมบัติที่พร้อมใช้งานจากมุมมอง","properties":[{"name":"scale","type":"number","description":"ส่งคืนมาตราส่วนของแผนที่ในช่วงเวลาที่นิพจน์ทำการประเมิน"},{"name":"timeProperties","type":"dictionary","properties":[{"name":"currentStart","type":"date","description":"เวลาเริ่มต้นของขอบเขตเวลาของแผนที่ ตามที่ระบุโดยองค์ประกอบตัวเลื่อนเวลา ณ เวลาที่ประเมินนิพจน์ ค่านี้จะอัปเดตแบบไดนามิก (และอาจทริกเกอร์การดำเนินการซ้ำของนิพจน์ Arcade) เมื่อใช้ตัวเลื่อนเวลาในการอัปเดตป็อปอัพแบบรับรู้เวลาโดยอิงตามฟิลด์วันที่ ค่า `null` หมายถึงเวลาเริ่มต้นเป็นแบบครอบคลุม นับตั้งแต่จุดเริ่มต้นของเวลา"},{"name":"currentEnd","type":"date","description":"เวลาสิ้นสุดของขอบเขตเวลาของแผนที่ ตามที่ระบุโดยองค์ประกอบตัวเลื่อนเวลา ณ เวลาที่ประเมินนิพจน์ ค่านี้จะอัปเดตแบบไดนามิก (และอาจทริกเกอร์การดำเนินการซ้ำของนิพจน์ Arcade) เมื่อใช้ตัวเลื่อนเวลาในการอัปเดตป็อปอัพแบบรับรู้เวลาโดยอิงตามฟิลด์วันที่ ค่า `null` หมายถึงเวลาสิ้นสุดนั้นไม่จำกัดและไม่มีที่สิ้นสุด"},{"name":"startIncluded","type":"boolean","description":"ระบุว่ามีการรวม `currentStart` ไว้ในขอบเขตเวลาปัจจุบันของแผนที่หรือไม่"},{"name":"endIncluded","type":"boolean","description":"ระบุว่ามีการรวมวันที่ `currentEnd` ไว้ในขอบเขตเวลาปัจจุบันของแผนที่หรือไม่"}],"description":""}]}]},{"name":"Popup element","id":"popup-element","bundles":["core","data-access","geometry","portal-access","knowledge-graph"],"variables":[{"name":"$feature","type":"feature","description":"ช่วยให้สามารถเข้าใช้งานแอตทริบิวต์และเรขาคณิตของฟีเจอร์ ที่ป็อปอัพจะถูกแสดงในมุมมองได้"},{"name":"$layer","description":"คอลเลกชันของฟีเจอร์ในชั้นข้อมูลเดียวกันกับ $feature ที่ป็อปอัพจะถูกแสดงในมุมมอง","type":"featureSet"},{"name":"$map","description":"คอลเลกชันของชั้นข้อมูลในแผนที่เดียวกันกับ $feature ที่ป็อปอัพจะถูกแสดงในมุมมอง ค่านี้อาจเป็น `null` ในกรณีที่ป็อปอัพไม่เชื่อมโยงกับแผนที่","type":"featureSetCollection"},{"name":"$datastore","description":"คอลเลกชันของชั้นข้อมูลในฟีเจอร์เซอร์วิสหรือฐานข้อมูลเดียวกันกับ $feature ที่ปรากฏในมุมมอง","type":"featureSetCollection"},{"name":"$userInput","description":"เรขาคณิตที่แสดงอินพุทสำหรับป็อปอัพของผู้ใช้ โดยปกติแล้ว จะแสดงตำแหน่งที่ผู้ใช้คลิกหรือแตะในแผนที่เพื่อเปิดป็อปอัพ อาจมีกรณีที่ค่านี้เป็น จุด, ขอบเขต, หรือ `null` เนื่องจากป็อปอัพนั้นไม่ได้เปิดจากการโต้ตอบของแผนที่เสมอไป ดังนั้น ควรตรวจสอบประเภทเรขาคณิตของค่านี้ก่อนที่จะใช้งาน","type":"geometry"},{"name":"$graph","description":"กราฟความรู้ที่เชื่อมโยงกับฟีเจอร์ หากไม่มีกราฟความรู้ ค่าจะเป็น `null`","type":"knowledgeGraph"},{"name":"$view","type":"dictionary","description":"คุณสมบัติที่พร้อมใช้งานจากมุมมอง","properties":[{"name":"scale","type":"number","description":"ส่งคืนมาตราส่วนของแผนที่ในช่วงเวลาที่นิพจน์ทำการประเมิน"},{"name":"timeProperties","type":"dictionary","properties":[{"name":"currentStart","type":"date","description":"เวลาเริ่มต้นของขอบเขตเวลาของแผนที่ ตามที่ระบุโดยองค์ประกอบตัวเลื่อนเวลา ณ เวลาที่ประเมินนิพจน์ ค่านี้จะอัปเดตแบบไดนามิก (และอาจทริกเกอร์การดำเนินการซ้ำของนิพจน์ Arcade) เมื่อใช้ตัวเลื่อนเวลาในการอัปเดตป็อปอัพแบบรับรู้เวลาโดยอิงตามฟิลด์วันที่ ค่า `null` หมายถึงเวลาเริ่มต้นเป็นแบบครอบคลุม นับตั้งแต่จุดเริ่มต้นของเวลา"},{"name":"currentEnd","type":"date","description":"เวลาสิ้นสุดของขอบเขตเวลาของแผนที่ ตามที่ระบุโดยองค์ประกอบตัวเลื่อนเวลา ณ เวลาที่ประเมินนิพจน์ ค่านี้จะอัปเดตแบบไดนามิก (และอาจทริกเกอร์การดำเนินการซ้ำของนิพจน์ Arcade) เมื่อใช้ตัวเลื่อนเวลาในการอัปเดตป็อปอัพแบบรับรู้เวลาโดยอิงตามฟิลด์วันที่ ค่า `null` หมายถึงเวลาสิ้นสุดนั้นไม่จำกัดและไม่มีที่สิ้นสุด"},{"name":"startIncluded","type":"boolean","description":"ระบุว่ามีการรวม `currentStart` ไว้ในขอบเขตเวลาปัจจุบันของแผนที่หรือไม่"},{"name":"endIncluded","type":"boolean","description":"ระบุว่ามีการรวมวันที่ `currentEnd` ไว้ในขอบเขตเวลาปัจจุบันของแผนที่หรือไม่"}],"description":""}]}]},{"name":"Popup feature reduction","id":"popup-feature-reduction","bundles":["core","data-access","geometry","portal-access"],"variables":[{"name":"$feature","type":"feature","description":"ช่วยให้สามารถเข้าใช้งานฟิลด์การรวมซึ่งถูกกำหนดไว้ในป็อปอัพการจัดกลุ่มหรือการสร้างถังได้"},{"name":"$aggregatedFeatures","description":"FeatureSet ที่มีฟีเจอร์ทั้งหมดซึ่งถูกแทนด้วยการจัดกลุ่มหรือถัง","type":"featureSet"},{"name":"$view","type":"dictionary","description":"คุณสมบัติที่พร้อมใช้งานจากมุมมอง","properties":[{"name":"scale","type":"number","description":"ส่งคืนมาตราส่วนของแผนที่ในช่วงเวลาที่นิพจน์ทำการประเมิน"},{"name":"timeProperties","type":"dictionary","properties":[{"name":"currentStart","type":"date","description":"เวลาเริ่มต้นของขอบเขตเวลาของแผนที่ ตามที่ระบุโดยองค์ประกอบตัวเลื่อนเวลา ณ เวลาที่ประเมินนิพจน์ ค่านี้จะอัปเดตแบบไดนามิก (และอาจทริกเกอร์การดำเนินการซ้ำของนิพจน์ Arcade) เมื่อใช้ตัวเลื่อนเวลาในการอัปเดตป็อปอัพแบบรับรู้เวลาโดยอิงตามฟิลด์วันที่ ค่า `null` หมายถึงเวลาเริ่มต้นเป็นแบบครอบคลุม นับตั้งแต่จุดเริ่มต้นของเวลา"},{"name":"currentEnd","type":"date","description":"เวลาสิ้นสุดของขอบเขตเวลาของแผนที่ ตามที่ระบุโดยองค์ประกอบตัวเลื่อนเวลา ณ เวลาที่ประเมินนิพจน์ ค่านี้จะอัปเดตแบบไดนามิก (และอาจทริกเกอร์การดำเนินการซ้ำของนิพจน์ Arcade) เมื่อใช้ตัวเลื่อนเวลาในการอัปเดตป็อปอัพแบบรับรู้เวลาโดยอิงตามฟิลด์วันที่ ค่า `null` หมายถึงเวลาสิ้นสุดนั้นไม่จำกัดและไม่มีที่สิ้นสุด"},{"name":"startIncluded","type":"boolean","description":"ระบุว่ามีการรวม `currentStart` ไว้ในขอบเขตเวลาปัจจุบันของแผนที่หรือไม่"},{"name":"endIncluded","type":"boolean","description":"ระบุว่ามีการรวมวันที่ `currentEnd` ไว้ในขอบเขตเวลาปัจจุบันของแผนที่หรือไม่"}],"description":""}]}]},{"name":"Popup element feature reduction","id":"popup-element-feature-reduction","bundles":["core","data-access","geometry","portal-access"],"variables":[{"name":"$feature","type":"feature","description":"ช่วยให้สามารถเข้าใช้งานฟิลด์การรวมซึ่งถูกกำหนดไว้ในป็อปอัพการจัดกลุ่มหรือการสร้างถังได้"},{"name":"$aggregatedFeatures","description":"FeatureSet ที่มีฟีเจอร์ทั้งหมดซึ่งถูกแทนด้วยการจัดกลุ่มหรือถัง","type":"featureSet"},{"name":"$view","type":"dictionary","description":"คุณสมบัติที่พร้อมใช้งานจากมุมมอง","properties":[{"name":"scale","type":"number","description":"ส่งคืนมาตราส่วนของแผนที่ในช่วงเวลาที่นิพจน์ทำการประเมิน"},{"name":"timeProperties","type":"dictionary","properties":[{"name":"currentStart","type":"date","description":"เวลาเริ่มต้นของขอบเขตเวลาของแผนที่ ตามที่ระบุโดยองค์ประกอบตัวเลื่อนเวลา ณ เวลาที่ประเมินนิพจน์ ค่านี้จะอัปเดตแบบไดนามิก (และอาจทริกเกอร์การดำเนินการซ้ำของนิพจน์ Arcade) เมื่อใช้ตัวเลื่อนเวลาในการอัปเดตป็อปอัพแบบรับรู้เวลาโดยอิงตามฟิลด์วันที่ ค่า `null` หมายถึงเวลาเริ่มต้นเป็นแบบครอบคลุม นับตั้งแต่จุดเริ่มต้นของเวลา"},{"name":"currentEnd","type":"date","description":"เวลาสิ้นสุดของขอบเขตเวลาของแผนที่ ตามที่ระบุโดยองค์ประกอบตัวเลื่อนเวลา ณ เวลาที่ประเมินนิพจน์ ค่านี้จะอัปเดตแบบไดนามิก (และอาจทริกเกอร์การดำเนินการซ้ำของนิพจน์ Arcade) เมื่อใช้ตัวเลื่อนเวลาในการอัปเดตป็อปอัพแบบรับรู้เวลาโดยอิงตามฟิลด์วันที่ ค่า `null` หมายถึงเวลาสิ้นสุดนั้นไม่จำกัดและไม่มีที่สิ้นสุด"},{"name":"startIncluded","type":"boolean","description":"ระบุว่ามีการรวม `currentStart` ไว้ในขอบเขตเวลาปัจจุบันของแผนที่หรือไม่"},{"name":"endIncluded","type":"boolean","description":"ระบุว่ามีการรวมวันที่ `currentEnd` ไว้ในขอบเขตเวลาปัจจุบันของแผนที่หรือไม่"}],"description":""}]}]},{"name":"Quick Capture","id":"quick-capture","bundles":["core","data-access","geometry","portal-access"],"variables":[{"name":"$feature","type":"feature","description":"เปิดเผยแอตทริบิวต์ของฟีเจอร์สำหรับใช้ในการคำนวณ"},{"name":"$layer","type":"featureSet","description":"คอลเลกชันของฟีเจอร์ในชั้นข้อมูลเดียวกันกับ $feature"},{"name":"$datastore","type":"featureSetCollection","description":"คอลเลกชันของชั้นข้อมูลในฟีเจอร์เซอร์วิสหรือฐานข้อมูลเดียวกันกับ $feature"},{"name":"$map","type":"featureSetCollection","description":"คอลเลกชันของชั้นข้อมูลฟีเจอร์เซอร์วิสในแผนที่ ซึ่งถูกใช้โดย QuickCapture project ตัวแปรนี้อาจเป็น `null`"}]},{"name":"Tasks","id":"tasks","bundles":["core","data-access","geometry","portal-access"],"variables":[{"name":"$feature","description":"ฟีเจอร์ที่กำลังถูกประเมินโดยงาน","type":"feature"},{"name":"$datastore","description":"คอลเลกชันของชั้นข้อมูลในฟีเจอร์เซอร์วิสหรือฐานข้อมูลเดียวกันกับ $feature ที่ถูกประเมินโดยงาน","type":"featureSetCollection"}]},{"name":"Velocity","id":"velocity","bundles":["core","geometry","track"],"variables":[{"name":"$feature","type":"feature","description":"ในเครื่องมือการวิเคราะห์ที่มีอินพุทเดียว ฟีเจอร์ที่กำลังถูกคำนวณ ประเมิน หรือดำเนินการ"},{"name":"$target","type":"feature","description":"ในเครื่องมือการวิเคราะห์ที่มีสองอินพุท ฟีเจอร์ที่กำลังถูกประเมินสำหรับการกรองหรือการเพิ่มรายละเอียด"},{"name":"$join","type":"feature","description":"ในเครื่องมือการวิเคราะห์ที่มีสองอินพุท ฟีเจอร์ที่ให้ค่าสำหรับการประเมินหรือการเพิ่มรายละเอียดของฟีเจอร์เป้าหมาย"},{"name":"$analytic","type":"dictionary","description":"ค่าเวลาที่เชื่อมโยงกับการวิเคราะห์ เช่น เวลาเริ่มต้น เวลาสิ้นสุดครั้งสุดท้าย ฯลฯ","properties":[]}]},{"name":"Visualization","id":"visualization","bundles":["core","geometry"],"variables":[{"name":"$feature","description":"ฟีเจอร์ที่จะวาดบนแผนที่","type":"feature"},{"name":"$view","type":"dictionary","description":"คุณสมบัติที่พร้อมใช้งานจากมุมมอง","properties":[{"name":"scale","type":"number","description":"ส่งคืนมาตราส่วนของแผนที่ในช่วงเวลาที่นิพจน์ทำการประเมิน"},{"name":"timeProperties","type":"dictionary","properties":[{"name":"currentStart","type":"date","description":"เวลาเริ่มต้นของขอบเขตเวลาของแผนที่ ตามที่ระบุโดยองค์ประกอบตัวเลื่อนเวลา ณ เวลาที่ประเมินนิพจน์ ค่านี้จะอัปเดตแบบไดนามิก (และอาจทริกเกอร์การดำเนินการอีกครั้งของนิพจน์ Arcade) เมื่อใช้ตัวเลื่อนเวลาในการอัปเดตการสร้างภาพแบบรับรู้เวลา อิงตามฟิลด์วันที่ ค่า `null` หมายถึงเวลาเริ่มต้นเป็นแบบครอบคลุม นับตั้งแต่จุดเริ่มต้นของเวลา"},{"name":"currentEnd","type":"date","description":"เวลาสิ้นสุดของขอบเขตเวลาของแผนที่ ตามที่ระบุโดยองค์ประกอบตัวเลื่อนเวลา ณ เวลาที่ประเมินนิพจน์ ค่านี้จะอัปเดตแบบไดนามิก (และอาจทริกเกอร์การดำเนินการอีกครั้งของนิพจน์ Arcade) เมื่อใช้ตัวเลื่อนเวลาในการอัปเดตการสร้างภาพแบบรับรู้เวลา อิงตามฟิลด์วันที่ ค่า `null` หมายถึงเวลาสิ้นสุดนั้นไม่จำกัดและไม่มีที่สิ้นสุด"},{"name":"startIncluded","type":"boolean","description":"ระบุว่ามีการรวม `currentStart` ไว้ในขอบเขตเวลาปัจจุบันของแผนที่หรือไม่"},{"name":"endIncluded","type":"boolean","description":"ระบุว่ามีการรวมวันที่ `currentEnd` ไว้ในขอบเขตเวลาปัจจุบันของแผนที่หรือไม่"}],"description":""}]}]},{"name":"Voxel popup","id":"popup-voxel","bundles":["core"],"variables":[{"name":"$voxel","type":"voxel","description":"ให้สิทธิ์การเข้าถึงคุณลักษณะของว็อกเซลซึ่งจะแสดงป็อปอัพภายในซีน"}]},{"name":"Voxel popup element","id":"popup-element-voxel","bundles":["core"],"variables":[{"name":"$voxel","type":"voxel","description":"ให้สิทธิ์การเข้าถึงคุณลักษณะของว็อกเซลซึ่งจะแสดงป็อปอัพภายในซีน"}]}]