[{"name":"Minimalist","id":"minimalist","bundles":["core","data-access","geometry","portal-access"],"variables":[]},{"name":"Aggregate Field","id":"aggregate-field","bundles":["core","geometry"],"variables":[{"name":"$feature","description":"Individuální prvek zahrnutý do souhrnného prvku. Toto poskytuje přístup ke všem atributům polí prvku.","type":"feature"}]},{"name":"Alias","id":"alias","bundles":["core","geometry"],"variables":[{"name":"$value","type":"number","description":"Číselná hodnota, pro kterou je požadován textový alternativní název."},{"name":"$feature","type":"feature","description":"Prvek, pro který je požadován textový alternativní název."}]},{"name":"Attribute rule calculation","id":"attribute-rule-calculation","bundles":["core","data-access","database","geometry","portal-access","ai"],"variables":[{"name":"$feature","type":"feature","description":"Vypočítávaný prvek."},{"name":"$originalFeature","type":"feature","description":"Předchozí stav počítaného prvku."},{"name":"$featureSet","type":"featureSet","description":"Sbírka prvků ve stejné tabulce jako prvek $feature, který vyhodnocuje výraz."},{"name":"$datastore","type":"featureSetCollection","description":"Kolekce vrstev ve stejné feature službě nebo databázi jako prvek $feature provádějící skript."},{"name":"$editcontext","type":"dictionary","properties":[{"name":"editType","type":"text","description":"Označuje, zda se jedná o událost úprav INSERT, UPDATE, DELETE nebo NA (nepoužije se)."}],"description":""}]},{"name":"Attribute rule constraint","id":"attribute-rule-constraint","bundles":["core","data-access","geometry","portal-access"],"variables":[{"name":"$feature","type":"feature","description":"Vypočítávaný prvek."},{"name":"$originalFeature","type":"feature","description":"Předchozí stav počítaného prvku."},{"name":"$featureSet","type":"featureSet","description":"Sbírka prvků ve stejné tabulce jako prvek $feature, který vyhodnocuje výraz."},{"name":"$datastore","type":"featureSetCollection","description":"Kolekce vrstev ve stejné feature službě nebo databázi jako prvek $feature provádějící skript."},{"name":"$editcontext","type":"dictionary","properties":[{"name":"editType","type":"text","description":"Označuje, zda se jedná o událost úprav INSERT, UPDATE, DELETE nebo NA (nepoužije se)."}],"description":""}]},{"name":"Attribute rule validation","id":"attribute-rule-validation","bundles":["core","data-access","geometry","portal-access"],"variables":[{"name":"$feature","type":"feature","description":"Vypočítávaný prvek."},{"name":"$featureSet","type":"featureSet","description":"Sbírka prvků ve stejné tabulce jako prvek $feature, který vyhodnocuje výraz."},{"name":"$datastore","type":"featureSetCollection","description":"Kolekce vrstev ve stejné feature službě nebo databázi jako prvek $feature provádějící skript."}]},{"name":"Dashboard indicator formatting","id":"dashboard-indicator-formatting","bundles":["core"],"variables":[{"name":"$datapoint","type":"feature","description":"Datový bod, který se vyhodnocuje pro vizuální element."},{"name":"$reference","type":"dictionary","description":"Referenční hodnota vyhodnocovaná pro vizuální element.","properties":[]}]},{"name":"Dashboard list formatting","id":"dashboard-list-formatting","bundles":["core"],"variables":[{"name":"$datapoint","type":"feature","description":"Datový bod, který se vyhodnocuje pro vizuální element."}]},{"name":"Dashboard table formatting","id":"dashboard-table-formatting","bundles":["core"],"variables":[{"name":"$datapoint","type":"feature","description":"Datový bod, který se vyhodnocuje pro vizuální element."},{"name":"$rowindex","type":"number","description":"Pozice řádku v tabulce (na základě nuly)."}]},{"name":"Dashboard data","id":"dashboard-data","bundles":["core","geometry","data-access","portal-access","knowledge-graph"],"variables":[]},{"name":"Data Pipelines","id":"data-pipelines","bundles":["core"],"variables":[{"name":"$record","type":"dictionary","description":"Poskytuje přístup k hodnotám atributů/polí počítaného záznamu.","properties":[]}]},{"name":"Dictionary renderer","id":"dictionary-renderer","bundles":["core","geometry"],"variables":[{"name":"$feature","type":"feature","description":"Prvek, který má být zakreslen do mapy."},{"name":"$config","type":"dictionary","description":"Slovník konfiguračních hodnot.","properties":[]}]},{"name":"Experience Builder data","id":"experience-builder-data","bundles":["core","data-access","geometry","portal-access"],"variables":[]},{"name":"Experience Builder list item widget formatting","id":"experience-builder-list-item-widget-formatting","bundles":["core"],"variables":[{"name":"$feature","type":"feature","description":"Reprezentuje prvek v položce seznamu."}]},{"name":"Experience Builder widget formatting","id":"experience-builder-widget-formatting","bundles":["core","data-access"],"variables":[{"name":"$dataSources","type":"dictionary","description":"Zdroje dat používané widgetem. Toto je slovník obsahující páry klíč-hodnota, kde každý klíč představuje ID zdroje dat (např. „dataSource_1-187acf797e1-layer-5-selection“).","properties":[]}]},{"name":"Feature Display Title","id":"feature-display-title","bundles":["core"],"variables":[{"name":"$feature","type":"feature","description":"Prvek nebo řádek, pro který se zobrazí název v uživatelském rozhraní."}]},{"name":"Feature Z","id":"feature-z","bundles":["core","geometry"],"variables":[{"name":"$feature","type":"feature","description":"Funkce vyžadující hodnotu Z."}]},{"name":"Field calculation","id":"field-calculation","bundles":["core","data-access","geometry","portal-access","knowledge-graph","ai"],"variables":[{"name":"$feature","type":"feature","description":"Vypočítávaný prvek."},{"name":"$datastore","type":"featureSetCollection","description":"Kolekce vrstev ve stejné feature službě nebo databázi jako prvek $feature provádějící výpočet."}]},{"name":"Field mapping","id":"field-mapping","bundles":["core","data-access","geometry","portal-access"],"variables":[{"name":"$sourceFeature","type":"feature","description":"Zdrojový prvek pro mapu pole."},{"name":"$targetFeature","type":"feature","description":"Cílový prvek pro terénní mapu."},{"name":"$sourceLayer","type":"featureSet","description":"Kolekce prvků ve stejné vrstvě jako $sourcefeature."},{"name":"$targetLayer","type":"featureSet","description":"Kolekce prvků ve stejné vrstvě jako $targetfeature."},{"name":"$map","type":"featureSetCollection","description":"Sbírka vrstev v mapě provádějícího arkádového výrazu."},{"name":"$sourceDatastore","type":"featureSetCollection","description":"Kolekce vrstev ve stejném datovém skladu jako vrstva $sourcelayer."},{"name":"$targetDatastore","type":"featureSetCollection","description":"Kolekce vrstev ve stejném datovém úložišti jako cílová vrstva $targetlayer."}]},{"name":"Form Attachment Filename Calculation","id":"form-attachment-filename-calculation","bundles":["core","data-access","geometry","portal-access"],"variables":[{"name":"$feature","type":"feature","description":"Ř_The feature being calculated______________________________ů."},{"name":"$originalFeature","type":"feature","description":"Ř_The previous state of the feature being calculated___________________________ů."},{"name":"$layer","type":"featureSet","description":"Ř_A collection of features in the same layer as $feature_____________________________ů."},{"name":"$datastore","type":"featureSetCollection","description":"Ř_A collection of layers in the same feature service or database as $feature_______________________________________ů."},{"name":"$featureset","type":"featureSet","description":"Ř_A collection of features in the same table as $feature_____________________________ů."},{"name":"$map","type":"featureSetCollection","description":"Ř_A collection of feature service layers in the same map as $feature___________________________________ů."},{"name":"$formElement","type":"dictionary","description":"Ř_Information associated with the form element________________________ů.","properties":[{"name":"attachmentKeyword","type":"text","description":"Ř_A text value identifying the content of the attachment. When a file is attached using the form, this property can be used in determining a new filename for the attachment_______________________________________________________________________________________ů."},{"name":"label","type":"text","description":"Ř_A text value indicating what the element represents___________________________ů."},{"name":"description","type":"text","description":"Ř_A text value that describes the element in detail__________________________ů."}]}]},{"name":"Form calculation","id":"form-calculation","bundles":["core","data-access","geometry","portal-access","ai"],"variables":[{"name":"$feature","type":"feature","description":"Zpřístupní atributy prvku pro použití ve výpočtu"},{"name":"$originalFeature","type":"feature","description":"Předchozí stav počítaného prvku."},{"name":"$layer","type":"featureSet","description":"Kolekce prvků ve stejné tabulce jako $feature."},{"name":"$datastore","type":"featureSetCollection","description":"Kolekce vrstev ve stejné feature službě nebo databázi jako $feature."},{"name":"$featureset","type":"featureSet","description":"Kolekce prvků ve stejné tabulce jako $feature."},{"name":"$map","type":"featureSetCollection","description":"Kolekce vrstev feature služby ve stejné mapě jako $feature."},{"name":"$editcontext","type":"dictionary","properties":[{"name":"editType","type":"text","description":"Označuje, zda se jedná o událost úprav INSERT, UPDATE, DELETE nebo NA (nepoužije se)."}],"description":""}]},{"name":"Form Constraint","id":"form-constraint","bundles":["core","geometry","data-access","portal-access"],"variables":[{"name":"$feature","type":"feature","description":"Prvek, který se pro dané omezení vyhodnocuje."},{"name":"$originalFeature","type":"feature","description":"Předchozí stav prvku."},{"name":"$layer","type":"featureSet","description":"Kolekce prvků ve stejné tabulce jako $feature."},{"name":"$datastore","type":"featureSetCollection","description":"Kolekce vrstev ve stejné feature službě nebo databázi jako $feature."},{"name":"$featureset","type":"featureSet","description":"Kolekce prvků ve stejné tabulce jako $feature."},{"name":"$map","type":"featureSetCollection","description":"Kolekce vrstev feature služby ve stejné mapě jako $feature."},{"name":"$editcontext","type":"dictionary","properties":[{"name":"editType","type":"text","description":"Označuje, zda se jedná o událost úprav INSERT, UPDATE, DELETE nebo NA (nepoužije se)."}],"description":""}]},{"name":"Geoanalytics","id":"geoanalytics","bundles":["core","geometry","track"],"variables":[{"name":"$feature","type":"feature","description":"Vypočítávaný prvek."}]},{"name":"Geotrigger notification","id":"geotrigger-notification","bundles":["core","geometry","data-access"],"variables":[{"name":"$feedFeature","type":"feature","description":"Vstupní prvek (např. poloha zařízení nebo funkce), který způsobil aktivaci funkce geotrigger. Tento prvek musí obsahovat geometrii (obvykle bod) a pevné schéma s následujícími vlastnostmi: (kurz polohy ve stupních po směru hodinových ručiček, přičemž 0 je skutečný sever) a `horizontalaccuracy` (horizontální přesnost polohy v metrech)."},{"name":"$fenceFeature","type":"feature","description":"Prvek plotu (např. zájmová oblast), do kterého se vstoupilo nebo ze kterého se vystoupilo a který způsobil aktivaci geotriggeru."},{"name":"$fenceLayer","type":"featureSet","description":"Kolekce prvků ve stejné vrstvě jako $fenceFeature."},{"name":"$fenceNotificationType","type":"text","description":"Popis události, ke které došlo - buď \"vstoupil\", nebo \"vystoupil\"."}]},{"name":"Imagery popup","id":"popup-imagery","bundles":["core","geometry"],"variables":[{"name":"$pixel","type":"pixel","description":"Ř_The pixel value and other pixel-dependent information (e.g. classification category), including virtual raster fields, for the imagery layer currently displayed in the view________________________________________________________________________________________ů."},{"name":"$imageCollectionItem","type":"feature","description":"Ř_The metadata of the selected image collection item containing the pixel represented by `$pixel`. This value will be `null` if there is no associated image collection____________________________________________________________________________________ů."},{"name":"$view","type":"dictionary","description":"Ř_Properties available from the view___________________ů.","properties":[{"name":"scale","type":"number","description":"Ř_Returns the scale of the map at the time the expression evaluates__________________________________ů."},{"name":"timeProperties","type":"dictionary","properties":[{"name":"currentStart","type":"date","description":"Ř_The start time of the map's time extent as indicated by a time slider component at the time the expression evaluates. This value dynamically updates (and may trigger the re-execution of the Arcade expression) when a time slider is used to update time-aware popups based on date field. A `null` value indicates the start time is inclusive since the beginning of time________________________________________________________________________________________________________________________________________________________________________________________ů."},{"name":"currentEnd","type":"date","description":"Ř_The end time of the map's time extent as indicated by a time slider component at the time the expression evaluates. This value dynamically updates (and may trigger the re-execution of the Arcade expression) when a time slider is used to update time-aware popups based on date field. A `null` value indicates the end time is indefinite with no end_______________________________________________________________________________________________________________________________________________________________________________ů."},{"name":"startIncluded","type":"boolean","description":"Ř_Indicates if the `currentStart` date is included in the map's current time extent__________________________________________ů."},{"name":"endIncluded","type":"boolean","description":"Ř_Indicates if the `currentEnd` date is included in the map's current time extent_________________________________________ů."}],"description":""}]},{"name":"$userInput","description":"Ř_A geometry representing a user's input for a popup. Typically, this represents a location where the user clicked or tapped in a map to launch a popup. There may be cases where this value is a Point, an Extent, or `null` as popups are not always opened from map interaction. Therefore, it is advised to check the geometry type of this value before it is used____________________________________________________________________________________________________________________________________________________________________________________ů.","type":"geometry"}]},{"name":"Imagery popup element","id":"popup-element-imagery","bundles":["core","geometry"],"variables":[{"name":"$pixel","type":"pixel","description":"Ř_The pixel value and other pixel-dependent information (e.g. classification category), including virtual raster fields, for the imagery layer currently displayed in the view________________________________________________________________________________________ů."},{"name":"$imageCollectionItem","type":"feature","description":"Ř_The metadata of the selected image collection item containing the pixel represented by `$pixel`. This value will be `null` if there is no associated image collection____________________________________________________________________________________ů."},{"name":"$view","type":"dictionary","description":"Ř_Properties available from the view___________________ů.","properties":[{"name":"scale","type":"number","description":"Ř_Returns the scale of the map at the time the expression evaluates__________________________________ů."},{"name":"timeProperties","type":"dictionary","properties":[{"name":"currentStart","type":"date","description":"Ř_The start time of the map's time extent as indicated by a time slider component at the time the expression evaluates. This value dynamically updates (and may trigger the re-execution of the Arcade expression) when a time slider is used to update time-aware popups based on date field. A `null` value indicates the start time is inclusive since the beginning of time________________________________________________________________________________________________________________________________________________________________________________________ů."},{"name":"currentEnd","type":"date","description":"Ř_The end time of the map's time extent as indicated by a time slider component at the time the expression evaluates. This value dynamically updates (and may trigger the re-execution of the Arcade expression) when a time slider is used to update time-aware popups based on date field. A `null` value indicates the end time is indefinite with no end_______________________________________________________________________________________________________________________________________________________________________________ů."},{"name":"startIncluded","type":"boolean","description":"Ř_Indicates if the `currentStart` date is included in the map's current time extent__________________________________________ů."},{"name":"endIncluded","type":"boolean","description":"Ř_Indicates if the `currentEnd` date is included in the map's current time extent_________________________________________ů."}],"description":""}]},{"name":"$userInput","description":"Ř_A geometry representing a user's input for a popup. Typically, this represents a location where the user clicked or tapped in a map to launch a popup. There may be cases where this value is a Point, an Extent, or `null` as popups are not always opened from map interaction. Therefore, it is advised to check the geometry type of this value before it is used____________________________________________________________________________________________________________________________________________________________________________________ů.","type":"geometry"}]},{"name":"Labeling","id":"labeling","bundles":["core","geometry"],"variables":[{"name":"$feature","type":"feature","description":"Prvek, jehož popisek se má vykreslit do mapy."},{"name":"$view","type":"dictionary","description":"Vlastnosti dostupné ze zobrazení.","properties":[{"name":"scale","type":"number","description":"Vrací měřítko mapy v okamžiku vyhodnocení výrazu."},{"name":"timeProperties","type":"dictionary","properties":[{"name":"currentStart","type":"date","description":"Čas zahájení časového rozsahu mapy, jak je indikován komponentou posuvníku času v okamžiku vyhodnocení výrazu. Tato hodnota se dynamicky aktualizuje (a může vyvolat opětovné spuštění výrazu Arcade), když se k aktualizaci časových popisků vytvořených na základě pole data použije posuvník času. Hodnota null označuje, že čas zahájení je od počátku času."},{"name":"currentEnd","type":"date","description":"Čas ukončení časového rozsahu mapy, jak je indikován komponentou posuvníku času v okamžiku vyhodnocení výrazu. Tato hodnota se dynamicky aktualizuje (a může vyvolat opětovné spuštění výrazu Arcade), když se k aktualizaci časových popisků vytvořených na základě pole data použije posuvník času. Hodnota null označuje, že čas ukončení je neurčitý a bez konce."},{"name":"startIncluded","type":"boolean","description":"Označuje, zda je datum currentStart zahrnuto v aktuálním časovém rozsahu mapy."},{"name":"endIncluded","type":"boolean","description":"Označuje, zda je datum currentEnd zahrnuto v aktuálním časovém rozsahu mapy."}],"description":""}]}]},{"name":"Layout","id":"layout","bundles":["core","geometry"],"variables":[{"name":"$feature","type":"feature","description":"Funkce, jejíž hodnoty se mohou zobrazit v rozvržení."}]},{"name":"Location update constraint","id":"location-update-constraint","bundles":["core","geometry"],"variables":[{"name":"$locationupdate","type":"dictionary","description":"Funkce aktualizace polohy (např. z GPS), která se vyhodnocuje pro dané omezení.","properties":[{"name":"course","type":"number","description":"Kurz polohy ve stupních po směru hodinových ručiček, přičemž 0 je skutečný sever."},{"name":"horizontalaccuracy","type":"number","description":"Horizontální přesnost polohy v metrech."},{"name":"verticalaccuracy","type":"number","description":"Vertikální přesnost polohy v metrech."},{"name":"velocity","type":"number","description":"Rychlost polohy v metrech za sekundu."}]}]},{"name":"Model Builder","id":"model-builder","bundles":["core","geometry","data-access","portal-access"],"variables":[{"name":"$variables","type":"dictionary","description":"Slovník obsahující názvy a hodnoty proměnných.","properties":[]}]},{"name":"Measure visualization","id":"measure-visualization","bundles":["core","geometry"],"variables":[{"name":"$measure","type":"number","description":"Interpolovaná hodnota M pro umístění značky."},{"name":"$feature","type":"feature","description":"Prvek, který má být zakreslen do mapy."},{"name":"$view","type":"dictionary","properties":[{"name":"scale","type":"number","description":"Vrací měřítko mapy v okamžiku vyhodnocení výrazu."}],"description":""}]},{"name":"Popup","id":"popup","bundles":["core","data-access","geometry","portal-access","knowledge-graph"],"variables":[{"name":"$feature","type":"feature","description":"Poskytuje přístup k atributům a geometrii prvku, jehož vyskakovací okno se má zobrazit v zobrazení."},{"name":"$layer","description":"Kolekce prvků ve stejné vrstvě jako prvek $feature, jehož vyskakovací okno je zobrazeno v zobrazení.","type":"featureSet"},{"name":"$map","description":"Kolekce vrstev ve stejné mapě jako funkce $, jejíž vyskakovací okno se v zobrazení zobrazuje. Tato hodnota může být `null` v případech, kdy vyskakovací okno není spojeno s mapou.","type":"featureSetCollection"},{"name":"$datastore","description":"Kolekce vrstev ve stejné feature službě nebo databázi jako prvek $feature, jehož vyskakovací okno se zobrazí v zobrazení.","type":"featureSetCollection"},{"name":"$userInput","description":"Geometrie představující vstup uživatele pro vyskakovací okno. Obvykle představuje místo, na které uživatel kliknul nebo na které klepnul v mapě, aby spustil vyskakovací okno. V některých případech může být tato hodnota Point, Extent nebo `null`, protože vyskakovací okna se ne vždy otevírají na základě interakce s mapou. Proto je před jejím použitím doporučeno zkontrolovat typ geometrie této hodnoty.","type":"geometry"},{"name":"$graph","description":"Diagram znalostí přiřazený k prvku. Pokud není k dispozici žádný diagram znalostí, bude hodnota `null`.","type":"knowledgeGraph"},{"name":"$view","type":"dictionary","description":"Vlastnosti dostupné ze zobrazení.","properties":[{"name":"scale","type":"number","description":"Vrací měřítko mapy v okamžiku vyhodnocení výrazu."},{"name":"timeProperties","type":"dictionary","properties":[{"name":"currentStart","type":"date","description":"Čas zahájení časového rozsahu mapy, jak je indikován komponentou posuvníku času v okamžiku vyhodnocení výrazu. Tato hodnota se dynamicky aktualizuje (a může vyvolat opětovné spuštění výrazu Arcade), když se k aktualizaci časových vyskakovacích oken vytvořených na základě pole data použije posuvník času. Hodnota null označuje, že čas zahájení je od počátku času."},{"name":"currentEnd","type":"date","description":"Čas ukončení časového rozsahu mapy, jak je indikován komponentou posuvníku času v okamžiku vyhodnocení výrazu. Tato hodnota se dynamicky aktualizuje (a může vyvolat opětovné spuštění výrazu Arcade), když se k aktualizaci časových vyskakovacích oken vytvořených na základě pole data použije posuvník času. Hodnota null označuje, že čas ukončení je neurčitý a bez konce."},{"name":"startIncluded","type":"boolean","description":"Označuje, zda je datum currentStart zahrnuto v aktuálním časovém rozsahu mapy."},{"name":"endIncluded","type":"boolean","description":"Označuje, zda je datum currentEnd zahrnuto v aktuálním časovém rozsahu mapy."}],"description":""}]}]},{"name":"Popup element","id":"popup-element","bundles":["core","data-access","geometry","portal-access","knowledge-graph"],"variables":[{"name":"$feature","type":"feature","description":"Poskytuje přístup k atributům a geometrii prvku, jehož vyskakovací okno se má zobrazit v zobrazení."},{"name":"$layer","description":"Kolekce prvků ve stejné vrstvě jako prvek $feature, jehož vyskakovací okno je zobrazeno v zobrazení.","type":"featureSet"},{"name":"$map","description":"Kolekce vrstev ve stejné mapě jako funkce $, jejíž vyskakovací okno se v zobrazení zobrazuje. Tato hodnota může být `null` v případech, kdy vyskakovací okno není spojeno s mapou.","type":"featureSetCollection"},{"name":"$datastore","description":"Kolekce vrstev ve stejné feature službě nebo databázi jako prvek $feature, jehož vyskakovací okno se zobrazí v zobrazení.","type":"featureSetCollection"},{"name":"$userInput","description":"Geometrie představující vstup uživatele pro vyskakovací okno. Obvykle představuje místo, na které uživatel kliknul nebo na které klepnul v mapě, aby spustil vyskakovací okno. V některých případech může být tato hodnota Point, Extent nebo `null`, protože vyskakovací okna se ne vždy otevírají na základě interakce s mapou. Proto je před jejím použitím doporučeno zkontrolovat typ geometrie této hodnoty.","type":"geometry"},{"name":"$graph","description":"Diagram znalostí přiřazený k prvku. Pokud není k dispozici žádný diagram znalostí, bude hodnota `null`.","type":"knowledgeGraph"},{"name":"$view","type":"dictionary","description":"Vlastnosti dostupné ze zobrazení.","properties":[{"name":"scale","type":"number","description":"Vrací měřítko mapy v okamžiku vyhodnocení výrazu."},{"name":"timeProperties","type":"dictionary","properties":[{"name":"currentStart","type":"date","description":"Čas zahájení časového rozsahu mapy, jak je indikován komponentou posuvníku času v okamžiku vyhodnocení výrazu. Tato hodnota se dynamicky aktualizuje (a může vyvolat opětovné spuštění výrazu Arcade), když se k aktualizaci časových vyskakovacích oken vytvořených na základě pole data použije posuvník času. Hodnota null označuje, že čas zahájení je od počátku času."},{"name":"currentEnd","type":"date","description":"Čas ukončení časového rozsahu mapy, jak je indikován komponentou posuvníku času v okamžiku vyhodnocení výrazu. Tato hodnota se dynamicky aktualizuje (a může vyvolat opětovné spuštění výrazu Arcade), když se k aktualizaci časových vyskakovacích oken vytvořených na základě pole data použije posuvník času. Hodnota null označuje, že čas ukončení je neurčitý a bez konce."},{"name":"startIncluded","type":"boolean","description":"Označuje, zda je datum currentStart zahrnuto v aktuálním časovém rozsahu mapy."},{"name":"endIncluded","type":"boolean","description":"Označuje, zda je datum currentEnd zahrnuto v aktuálním časovém rozsahu mapy."}],"description":""}]}]},{"name":"Popup feature reduction","id":"popup-feature-reduction","bundles":["core","data-access","geometry","portal-access"],"variables":[{"name":"$feature","type":"feature","description":"Umožňuje přístup k souhrnným polím definovaným ve vyskakovacích oknech shlukování nebo binningu."},{"name":"$aggregatedFeatures","description":"Sada prvků obsahující všechny prvky reprezentované shlukem nebo košem.","type":"featureSet"},{"name":"$view","type":"dictionary","description":"Vlastnosti dostupné ze zobrazení.","properties":[{"name":"scale","type":"number","description":"Vrací měřítko mapy v okamžiku vyhodnocení výrazu."},{"name":"timeProperties","type":"dictionary","properties":[{"name":"currentStart","type":"date","description":"Čas zahájení časového rozsahu mapy, jak je indikován komponentou posuvníku času v okamžiku vyhodnocení výrazu. Tato hodnota se dynamicky aktualizuje (a může vyvolat opětovné spuštění výrazu Arcade), když se k aktualizaci časových vyskakovacích oken vytvořených na základě pole data použije posuvník času. Hodnota null označuje, že čas zahájení je od počátku času."},{"name":"currentEnd","type":"date","description":"Čas ukončení časového rozsahu mapy, jak je indikován komponentou posuvníku času v okamžiku vyhodnocení výrazu. Tato hodnota se dynamicky aktualizuje (a může vyvolat opětovné spuštění výrazu Arcade), když se k aktualizaci časových vyskakovacích oken vytvořených na základě pole data použije posuvník času. Hodnota null označuje, že čas ukončení je neurčitý a bez konce."},{"name":"startIncluded","type":"boolean","description":"Označuje, zda je datum currentStart zahrnuto v aktuálním časovém rozsahu mapy."},{"name":"endIncluded","type":"boolean","description":"Označuje, zda je datum currentEnd zahrnuto v aktuálním časovém rozsahu mapy."}],"description":""}]}]},{"name":"Popup element feature reduction","id":"popup-element-feature-reduction","bundles":["core","data-access","geometry","portal-access"],"variables":[{"name":"$feature","type":"feature","description":"Umožňuje přístup k souhrnným polím definovaným ve vyskakovacích oknech shlukování nebo agregace do přihrádek."},{"name":"$aggregatedFeatures","description":"Sada prvků obsahující všechny prvky reprezentované shlukem nebo košem.","type":"featureSet"},{"name":"$view","type":"dictionary","description":"Vlastnosti dostupné ze zobrazení.","properties":[{"name":"scale","type":"number","description":"Vrací měřítko mapy v okamžiku vyhodnocení výrazu."},{"name":"timeProperties","type":"dictionary","properties":[{"name":"currentStart","type":"date","description":"Čas zahájení časového rozsahu mapy, jak je indikován komponentou posuvníku času v okamžiku vyhodnocení výrazu. Tato hodnota se dynamicky aktualizuje (a může vyvolat opětovné spuštění výrazu Arcade), když se k aktualizaci časových vyskakovacích oken vytvořených na základě pole data použije posuvník času. Hodnota null označuje, že čas zahájení je od počátku času."},{"name":"currentEnd","type":"date","description":"Čas ukončení časového rozsahu mapy, jak je indikován komponentou posuvníku času v okamžiku vyhodnocení výrazu. Tato hodnota se dynamicky aktualizuje (a může vyvolat opětovné spuštění výrazu Arcade), když se k aktualizaci časových vyskakovacích oken vytvořených na základě pole data použije posuvník času. Hodnota null označuje, že čas ukončení je neurčitý a bez konce."},{"name":"startIncluded","type":"boolean","description":"Označuje, zda je datum currentStart zahrnuto v aktuálním časovém rozsahu mapy."},{"name":"endIncluded","type":"boolean","description":"Označuje, zda je datum currentEnd zahrnuto v aktuálním časovém rozsahu mapy."}],"description":""}]}]},{"name":"Quick Capture","id":"quick-capture","bundles":["core","data-access","geometry","portal-access"],"variables":[{"name":"$feature","type":"feature","description":"Zpřístupní atributy prvku pro použití ve výpočtu."},{"name":"$layer","type":"featureSet","description":"Kolekce prvků ve stejné tabulce jako $feature."},{"name":"$datastore","type":"featureSetCollection","description":"Kolekce vrstev ve stejné feature službě nebo databázi jako $feature."},{"name":"$map","type":"featureSetCollection","description":"Kolekce vrstev feature služby v mapě používaných v projektu QuickCapture. Tato proměnná může být `null`."}]},{"name":"Tasks","id":"tasks","bundles":["core","data-access","geometry","portal-access"],"variables":[{"name":"$feature","description":"Funkce, kterou úloha vyhodnocuje.","type":"feature"},{"name":"$datastore","description":"Kolekce vrstev ve stejné feature službě nebo databázi jako prvek $feature, který úloha vyhodnocuje.","type":"featureSetCollection"}]},{"name":"Velocity","id":"velocity","bundles":["core","geometry","track"],"variables":[{"name":"$feature","type":"feature","description":"V analytických nástrojích s jednotlivými vstupy je prvek, který se počítá, vyhodnocuje nebo se kterým se pracuje."},{"name":"$target","type":"feature","description":"V analytických nástrojích se dvěma vstupy je hodnocený prvek určen k filtrování nebo obohacení."},{"name":"$join","type":"feature","description":"V analytických nástrojích se dvěma vstupy dodává funkce hodnoty pro vyhodnocení nebo obohacení cílové funkce."},{"name":"$analytic","type":"dictionary","description":"Časové hodnoty spojené s analýzou, jako je čas zahájení, poslední čas ukončení atd.","properties":[]}]},{"name":"Visualization","id":"visualization","bundles":["core","geometry"],"variables":[{"name":"$feature","description":"Prvek, který má být zakreslen do mapy.","type":"feature"},{"name":"$view","type":"dictionary","description":"Vlastnosti dostupné ze zobrazení.","properties":[{"name":"scale","type":"number","description":"Vrací měřítko mapy v okamžiku vyhodnocení výrazu."},{"name":"timeProperties","type":"dictionary","properties":[{"name":"currentStart","type":"date","description":"Čas zahájení časového rozsahu mapy, jak je indikován komponentou posuvníku času v okamžiku vyhodnocení výrazu. Tato hodnota se dynamicky aktualizuje (a může vyvolat opětovné spuštění výrazu Arcade), když je posuvník času použit k aktualizaci vizualizací s časovými informacemi na základě pole kalendářního data. Hodnota null označuje, že čas zahájení je od počátku času."},{"name":"currentEnd","type":"date","description":"Čas ukončení časového rozsahu mapy, jak je indikován komponentou posuvníku času v okamžiku vyhodnocení výrazu. Tato hodnota se dynamicky aktualizuje (a může vyvolat opětovné spuštění výrazu Arcade), když je posuvník času použit k aktualizaci vizualizací s časovými informacemi na základě pole kalendářního data. Hodnota null označuje, že čas ukončení je neurčitý a bez konce."},{"name":"startIncluded","type":"boolean","description":"Označuje, zda je datum currentStart zahrnuto v aktuálním časovém rozsahu mapy."},{"name":"endIncluded","type":"boolean","description":"Označuje, zda je datum currentEnd zahrnuto v aktuálním časovém rozsahu mapy."}],"description":""}]}]},{"name":"Voxel popup","id":"popup-voxel","bundles":["core"],"variables":[{"name":"$voxel","type":"voxel","description":"Poskytuje přístup k atributům voxelu, jehož vyskakovací okno se má zobrazit ve scéně."}]},{"name":"Voxel popup element","id":"popup-element-voxel","bundles":["core"],"variables":[{"name":"$voxel","type":"voxel","description":"Poskytuje přístup k atributům voxelu, jehož vyskakovací okno se má zobrazit ve scéně."}]}]