[{"name":"Minimalist","id":"minimalist","bundles":["core","data-access","geometry","portal-access"],"variables":[]},{"name":"Aggregate Field","id":"aggregate-field","bundles":["core","geometry"],"variables":[{"name":"$feature","description":"Individuāls elements, kas iekļauts apkopotā elementā. Tas nodrošina piekļuvi visiem lauka elementa atribūtiem.","type":"feature"}]},{"name":"Alias","id":"alias","bundles":["core","geometry"],"variables":[{"name":"$value","type":"number","description":"Skaitliskā vērtība, kurai ir vēlams teksta aizstājvārds."},{"name":"$feature","type":"feature","description":"Elements, kuram ir vēlams piešķirt teksta aizstājvārdu."}]},{"name":"Attribute rule calculation","id":"attribute-rule-calculation","bundles":["core","data-access","database","geometry","portal-access","ai"],"variables":[{"name":"$feature","type":"feature","description":"Elements tiek aprēķināts."},{"name":"$originalFeature","type":"feature","description":"Aprēķināmā elementa iepriekšējais stāvoklis."},{"name":"$featureSet","type":"featureSet","description":"Tās pašas tabulas elementu kolekcija, kurā atrodas $feature izteiksmes izvērtēšana."},{"name":"$datastore","type":"featureSetCollection","description":"Slāņu kolekcija tajā pašā elementu servisā vai datubāzē, kurā $feature izpilda skriptu."},{"name":"$editcontext","type":"dictionary","properties":[{"name":"editType","type":"text","description":"Norāda, vai rediģēšanas notikums ir IEVIETOT, ATJAUNINĀT, DZĒST vai NP (nav attiecināms)"}],"description":""}]},{"name":"Attribute rule constraint","id":"attribute-rule-constraint","bundles":["core","data-access","geometry","portal-access"],"variables":[{"name":"$feature","type":"feature","description":"Elements tiek aprēķināts."},{"name":"$originalFeature","type":"feature","description":"Aprēķināmā elementa iepriekšējais stāvoklis."},{"name":"$featureSet","type":"featureSet","description":"Tās pašas tabulas elementu kolekcija, kurā atrodas $feature izteiksmes izvērtēšana."},{"name":"$datastore","type":"featureSetCollection","description":"Slāņu kolekcija tajā pašā elementu servisā vai datubāzē, kurā $feature izpilda skriptu."},{"name":"$editcontext","type":"dictionary","properties":[{"name":"editType","type":"text","description":"Norāda, vai rediģēšanas notikums ir IEVIETOT, ATJAUNINĀT, DZĒST vai NP (nav attiecināms)"}],"description":""}]},{"name":"Attribute rule validation","id":"attribute-rule-validation","bundles":["core","data-access","geometry","portal-access"],"variables":[{"name":"$feature","type":"feature","description":"Elements tiek aprēķināts."},{"name":"$featureSet","type":"featureSet","description":"Tās pašas tabulas elementu kolekcija, kurā atrodas $feature izteiksmes izvērtēšana."},{"name":"$datastore","type":"featureSetCollection","description":"Slāņu kolekcija tajā pašā elementu servisā vai datubāzē, kurā $feature izpilda skriptu."}]},{"name":"Dashboard indicator formatting","id":"dashboard-indicator-formatting","bundles":["core"],"variables":[{"name":"$datapoint","type":"feature","description":"Vizuālā elementa izvērtējamais datu punkts."},{"name":"$reference","type":"dictionary","description":"Vizuālā elementa izvērtējamā atsauces vērtība.","properties":[]}]},{"name":"Dashboard list formatting","id":"dashboard-list-formatting","bundles":["core"],"variables":[{"name":"$datapoint","type":"feature","description":"Vizuālā elementa izvērtējamais datu punkts."}]},{"name":"Dashboard table formatting","id":"dashboard-table-formatting","bundles":["core"],"variables":[{"name":"$datapoint","type":"feature","description":"Vizuālā elementa izvērtējamais datu punkts."},{"name":"$rowindex","type":"number","description":"Rindas novietojums tabulā (atbilstoši nullei)."}]},{"name":"Dashboard data","id":"dashboard-data","bundles":["core","geometry","data-access","portal-access","knowledge-graph"],"variables":[]},{"name":"Data Pipelines","id":"data-pipelines","bundles":["core"],"variables":[{"name":"$record","type":"dictionary","description":"Nodrošina piekļuvi aprēķinātā ieraksta atribūtu/lauku vērtībām.","properties":[]}]},{"name":"Dictionary renderer","id":"dictionary-renderer","bundles":["core","geometry"],"variables":[{"name":"$feature","type":"feature","description":"Elements, kas jāzīmē kartē."},{"name":"$config","type":"dictionary","description":"Konfigurācijas vērtību vārdnīca.","properties":[]}]},{"name":"Experience Builder data","id":"experience-builder-data","bundles":["core","data-access","geometry","portal-access"],"variables":[]},{"name":"Experience Builder list item widget formatting","id":"experience-builder-list-item-widget-formatting","bundles":["core"],"variables":[{"name":"$feature","type":"feature","description":"Attēlo elementu saraksta vienībā."}]},{"name":"Experience Builder widget formatting","id":"experience-builder-widget-formatting","bundles":["core","data-access"],"variables":[{"name":"$dataSources","type":"dictionary","description":"Datu avoti, ko izmanto logrīks. Šis ir vārdnīcas objekts, kas satur atslēgu-vērtību pārus, kur katra atslēga ir datu avota ID (piemēram, dataSource_1-187acf797e1-layer-5-selection).","properties":[]}]},{"name":"Feature Display Title","id":"feature-display-title","bundles":["core"],"variables":[{"name":"$feature","type":"feature","description":"Elements vai rinda, kam rādīt virsrakstu lietotāja interfeisā."}]},{"name":"Feature Z","id":"feature-z","bundles":["core","geometry"],"variables":[{"name":"$feature","type":"feature","description":"Elements, kuram nepieciešama Z vērtība."}]},{"name":"Field calculation","id":"field-calculation","bundles":["core","data-access","geometry","portal-access","knowledge-graph","ai"],"variables":[{"name":"$feature","type":"feature","description":"Elements tiek aprēķināts."},{"name":"$datastore","type":"featureSetCollection","description":"Slāņu kolekcija tajā pašā elementu servisā vai datubāzē, kurā $feature veic aprēķinu."}]},{"name":"Field mapping","id":"field-mapping","bundles":["core","data-access","geometry","portal-access"],"variables":[{"name":"$sourceFeature","type":"feature","description":"Lauka kartes avota elements."},{"name":"$targetFeature","type":"feature","description":"Lauku kartes mērķa elements."},{"name":"$sourceLayer","type":"featureSet","description":"Elementu kolekcija tajā pašā slānī, kurā atrodas $sourcefeature."},{"name":"$targetLayer","type":"featureSet","description":"Elementu kolekcija tajā pašā slānī, kurā atrodas $targetfeature."},{"name":"$map","type":"featureSetCollection","description":"Slāņu kolekcija izpildāmās arkādes izteiksmes kartē."},{"name":"$sourceDatastore","type":"featureSetCollection","description":"Slāņu kolekcija tajā pašā datu krātuvē, kurā atrodas $sourcelayer."},{"name":"$targetDatastore","type":"featureSetCollection","description":"Slāņu kolekcija tajā pašā datu krātuvē, kurā atrodas $targetlayer."}]},{"name":"Form Attachment Filename Calculation","id":"form-attachment-filename-calculation","bundles":["core","data-access","geometry","portal-access"],"variables":[{"name":"$feature","type":"feature","description":"ķ_The feature being calculated______________________________ū."},{"name":"$originalFeature","type":"feature","description":"ķ_The previous state of the feature being calculated___________________________ū."},{"name":"$layer","type":"featureSet","description":"ķ_A collection of features in the same layer as $feature_____________________________ū."},{"name":"$datastore","type":"featureSetCollection","description":"ķ_A collection of layers in the same feature service or database as $feature_______________________________________ū."},{"name":"$featureset","type":"featureSet","description":"ķ_A collection of features in the same table as $feature_____________________________ū."},{"name":"$map","type":"featureSetCollection","description":"ķ_A collection of feature service layers in the same map as $feature___________________________________ū."},{"name":"$formElement","type":"dictionary","description":"ķ_Information associated with the form element________________________ū.","properties":[{"name":"attachmentKeyword","type":"text","description":"ķ_A text value identifying the content of the attachment. When a file is attached using the form, this property can be used in determining a new filename for the attachment_______________________________________________________________________________________ū."},{"name":"label","type":"text","description":"ķ_A text value indicating what the element represents___________________________ū."},{"name":"description","type":"text","description":"ķ_A text value that describes the element in detail__________________________ū."}]}]},{"name":"Form calculation","id":"form-calculation","bundles":["core","data-access","geometry","portal-access","ai"],"variables":[{"name":"$feature","type":"feature","description":"Atklāj elementa atribūtus izmantošanai aprēķinā"},{"name":"$originalFeature","type":"feature","description":"Aprēķināmā elementa iepriekšējais stāvoklis."},{"name":"$layer","type":"featureSet","description":"Elementu kolekcija tajā pašā slānī, kurā atrodas $feature."},{"name":"$datastore","type":"featureSetCollection","description":"Slāņu kolekcija tajā pašā elementu servisā vai datubāzē, kurā atrodas $feature."},{"name":"$featureset","type":"featureSet","description":"Elementu kolekcija tajā pašā tabulā, kurā atrodas $feature."},{"name":"$map","type":"featureSetCollection","description":"Elementu servisa slāņu kolekcija tajā pašā kartē, kurā atrodas $feature."},{"name":"$editcontext","type":"dictionary","properties":[{"name":"editType","type":"text","description":"Norāda, vai rediģēšanas notikums ir IEVIETOT, ATJAUNINĀT, DZĒST vai NP (nav attiecināms)"}],"description":""}]},{"name":"Form Constraint","id":"form-constraint","bundles":["core","geometry","data-access","portal-access"],"variables":[{"name":"$feature","type":"feature","description":"Ierobežojumam izvērtējams elements."},{"name":"$originalFeature","type":"feature","description":"Elementa iepriekšējais stāvoklis."},{"name":"$layer","type":"featureSet","description":"Elementu kolekcija tajā pašā slānī, kurā atrodas $feature."},{"name":"$datastore","type":"featureSetCollection","description":"Slāņu kolekcija tajā pašā elementu servisā vai datubāzē, kurā atrodas $feature."},{"name":"$featureset","type":"featureSet","description":"Elementu kolekcija tajā pašā tabulā, kurā atrodas $feature."},{"name":"$map","type":"featureSetCollection","description":"Elementu servisa slāņu kolekcija tajā pašā kartē, kurā atrodas $feature."},{"name":"$editcontext","type":"dictionary","properties":[{"name":"editType","type":"text","description":"Norāda, vai rediģēšanas notikums ir IEVIETOT, ATJAUNINĀT, DZĒST vai NP (nav attiecināms)"}],"description":""}]},{"name":"Geoanalytics","id":"geoanalytics","bundles":["core","geometry","track"],"variables":[{"name":"$feature","type":"feature","description":"Elements tiek aprēķināts."}]},{"name":"Geotrigger notification","id":"geotrigger-notification","bundles":["core","geometry","data-access"],"variables":[{"name":"$feedFeature","type":"feature","description":"Ievades elements (piemēram, ierīces novietojums vai elements), kas izraisīja Geotrigger aktivizēšanu. Šim elementam jāietver ģeometrija (parasti punkts) un fiksēta shēma ar šādiem rekvizītiem: `course` (novietojums grādos pulksteņrādītāja virzienā, 0 ir īsteni uz ziemeļiem) un `horizontalaccuracy` (novietojuma horizontālā precizitāte metros)."},{"name":"$fenceFeature","type":"feature","description":"Žoga elements (piemēram, interesējošā zona), kas tika ievadīts, vai tika aizvērts un izraisīja Geotrigger aktivizēšanu."},{"name":"$fenceLayer","type":"featureSet","description":"Elementu kolekcija tajā pašā slānī, kurā atrodas $fenceFeature."},{"name":"$fenceNotificationType","type":"text","description":"Notikušā notikuma apraksts — vai nu “ievadīts” vai “aizvērts”."}]},{"name":"Imagery popup","id":"popup-imagery","bundles":["core","geometry"],"variables":[{"name":"$pixel","type":"pixel","description":"ķ_The pixel value and other pixel-dependent information (e.g. classification category), including virtual raster fields, for the imagery layer currently displayed in the view________________________________________________________________________________________ū."},{"name":"$imageCollectionItem","type":"feature","description":"ķ_The metadata of the selected image collection item containing the pixel represented by `$pixel`. This value will be `null` if there is no associated image collection____________________________________________________________________________________ū."},{"name":"$view","type":"dictionary","description":"ķ_Properties available from the view___________________ū.","properties":[{"name":"scale","type":"number","description":"ķ_Returns the scale of the map at the time the expression evaluates__________________________________ū."},{"name":"timeProperties","type":"dictionary","properties":[{"name":"currentStart","type":"date","description":"ķ_The start time of the map's time extent as indicated by a time slider component at the time the expression evaluates. This value dynamically updates (and may trigger the re-execution of the Arcade expression) when a time slider is used to update time-aware popups based on date field. A `null` value indicates the start time is inclusive since the beginning of time________________________________________________________________________________________________________________________________________________________________________________________ū."},{"name":"currentEnd","type":"date","description":"ķ_The end time of the map's time extent as indicated by a time slider component at the time the expression evaluates. This value dynamically updates (and may trigger the re-execution of the Arcade expression) when a time slider is used to update time-aware popups based on date field. A `null` value indicates the end time is indefinite with no end_______________________________________________________________________________________________________________________________________________________________________________ū."},{"name":"startIncluded","type":"boolean","description":"ķ_Indicates if the `currentStart` date is included in the map's current time extent__________________________________________ū."},{"name":"endIncluded","type":"boolean","description":"ķ_Indicates if the `currentEnd` date is included in the map's current time extent_________________________________________ū."}],"description":""}]},{"name":"$userInput","description":"ķ_A geometry representing a user's input for a popup. Typically, this represents a location where the user clicked or tapped in a map to launch a popup. There may be cases where this value is a Point, an Extent, or `null` as popups are not always opened from map interaction. Therefore, it is advised to check the geometry type of this value before it is used____________________________________________________________________________________________________________________________________________________________________________________ū.","type":"geometry"}]},{"name":"Imagery popup element","id":"popup-element-imagery","bundles":["core","geometry"],"variables":[{"name":"$pixel","type":"pixel","description":"ķ_The pixel value and other pixel-dependent information (e.g. classification category), including virtual raster fields, for the imagery layer currently displayed in the view________________________________________________________________________________________ū."},{"name":"$imageCollectionItem","type":"feature","description":"ķ_The metadata of the selected image collection item containing the pixel represented by `$pixel`. This value will be `null` if there is no associated image collection____________________________________________________________________________________ū."},{"name":"$view","type":"dictionary","description":"ķ_Properties available from the view___________________ū.","properties":[{"name":"scale","type":"number","description":"ķ_Returns the scale of the map at the time the expression evaluates__________________________________ū."},{"name":"timeProperties","type":"dictionary","properties":[{"name":"currentStart","type":"date","description":"ķ_The start time of the map's time extent as indicated by a time slider component at the time the expression evaluates. This value dynamically updates (and may trigger the re-execution of the Arcade expression) when a time slider is used to update time-aware popups based on date field. A `null` value indicates the start time is inclusive since the beginning of time________________________________________________________________________________________________________________________________________________________________________________________ū."},{"name":"currentEnd","type":"date","description":"ķ_The end time of the map's time extent as indicated by a time slider component at the time the expression evaluates. This value dynamically updates (and may trigger the re-execution of the Arcade expression) when a time slider is used to update time-aware popups based on date field. A `null` value indicates the end time is indefinite with no end_______________________________________________________________________________________________________________________________________________________________________________ū."},{"name":"startIncluded","type":"boolean","description":"ķ_Indicates if the `currentStart` date is included in the map's current time extent__________________________________________ū."},{"name":"endIncluded","type":"boolean","description":"ķ_Indicates if the `currentEnd` date is included in the map's current time extent_________________________________________ū."}],"description":""}]},{"name":"$userInput","description":"ķ_A geometry representing a user's input for a popup. Typically, this represents a location where the user clicked or tapped in a map to launch a popup. There may be cases where this value is a Point, an Extent, or `null` as popups are not always opened from map interaction. Therefore, it is advised to check the geometry type of this value before it is used____________________________________________________________________________________________________________________________________________________________________________________ū.","type":"geometry"}]},{"name":"Labeling","id":"labeling","bundles":["core","geometry"],"variables":[{"name":"$feature","type":"feature","description":"Elements, kura apzīmējums jāzīmē kartē."},{"name":"$view","type":"dictionary","description":"Īpašības, kas ir pieejamas no skata.","properties":[{"name":"scale","type":"number","description":"Uzrāda kartes mērogu izteiksmes izvērtēšanas laikā."},{"name":"timeProperties","type":"dictionary","properties":[{"name":"currentStart","type":"date","description":"Kartes laika diapazona sākuma laiks, ko norāda laika slīdņa komponents izteiksmes novērtēšanas brīdī. Šī vērtība tiek dinamiski atjaunināta (un var izraisīt Arcade izteiksmes atkārtotu izpildi), kad tiek izmantots laika slīdnis, lai atjauninātu laikjutīgus kartes tekstus, pamatojoties uz datuma lauku. 'Nulles' vērtība norāda, ka sākuma laiks ir iekļauts kopš laika sākuma."},{"name":"currentEnd","type":"date","description":"Kartes laika diapazona beigu laiks, ko norāda laika slīdņa komponents izteiksmes novērtēšanas brīdī. Šī vērtība tiek dinamiski atjaunināta (un var izraisīt Arcade izteiksmes atkārtotu izpildi), kad tiek izmantots laika slīdnis, lai atjauninātu laikjutīgus kartes tekstus, pamatojoties uz datuma lauku. 'Nulles' vērtība norāda, ka beigu laiks ir nenoteikts, un tam nav noslēguma."},{"name":"startIncluded","type":"boolean","description":"Norāda, vai 'pašreizējais sākuma' (currentStart) datums ir iekļauts kartes pašreizējā laika apjomā."},{"name":"endIncluded","type":"boolean","description":"Norāda, vai 'pašreizējais beigu' (currentEnd) datums ir iekļauts kartes pašreizējā laika apjomā."}],"description":""}]}]},{"name":"Layout","id":"layout","bundles":["core","geometry"],"variables":[{"name":"$feature","type":"feature","description":"Elements, kura vērtības var tikt parādītas izkārtojumā."}]},{"name":"Location update constraint","id":"location-update-constraint","bundles":["core","geometry"],"variables":[{"name":"$locationupdate","type":"dictionary","description":"Atrašanās vietas atjaunināšanas elements (piemēram, no GPS), kas tiek izvērtēts ierobežojumam.","properties":[{"name":"course","type":"number","description":"Atrašanās vietas kurss grādos pulksteņrādītāju kustības virzienā, kad 0 ir precīzi ziemeļi."},{"name":"horizontalaccuracy","type":"number","description":"Atrašanās vietas horizontālā precizitāte metros."},{"name":"verticalaccuracy","type":"number","description":"Atrašanās vietas vertikālā precizitāte metros."},{"name":"velocity","type":"number","description":"Atrašanās vietas ātrums metros sekundē."}]}]},{"name":"Model Builder","id":"model-builder","bundles":["core","geometry","data-access","portal-access"],"variables":[{"name":"$variables","type":"dictionary","description":"Vārdnīca, kas ietver mainīgo nosaukumus un vērtības.","properties":[]}]},{"name":"Measure visualization","id":"measure-visualization","bundles":["core","geometry"],"variables":[{"name":"$measure","type":"number","description":"Marķiera atrašanās vietas interpolētā M vērtība."},{"name":"$feature","type":"feature","description":"Elements, kas jāzīmē kartē."},{"name":"$view","type":"dictionary","properties":[{"name":"scale","type":"number","description":"Uzrāda kartes mērogu izteiksmes izvērtēšanas laikā."}],"description":""}]},{"name":"Popup","id":"popup","bundles":["core","data-access","geometry","portal-access","knowledge-graph"],"variables":[{"name":"$feature","type":"feature","description":"Nodrošina piekļuvi tā elementa atribūtiem un ģeometrijai, kura uznirstošais logs jāparāda skatā."},{"name":"$layer","description":"To elementu kolekcija, kas atrodas tajā pašā slānī, kur $feature, kura uznirstošais logs tiek parādīts skatā.","type":"featureSet"},{"name":"$map","description":"Slāņu kolekcija tajā pašā kartē, kurā redzams $feature, kura uznirstošais logs tiek parādīts skatā. Šī vērtība var būt `Null`, ja uznirstošais logs nav saistīts ar karti.","type":"featureSetCollection"},{"name":"$datastore","description":"Slāņu kolekcija tajā pašā elementu servisā vai datu bāzē, kurā redzams $feature, kura uznirstošais logs tiek parādīts skatā.","type":"featureSetCollection"},{"name":"$userInput","description":"Ģeometrija, kas attēlo lietotāja ievadi uznirstošajam logam. Parasti tā ir vieta, kur lietotājs noklikšķināja vai pieskārās kartei, lai palaistu uznirstošo logu. Var būt gadījumi, kad šī vērtība ir punkts, pārklājums vai `Null`, jo mijiedarbojoties ar karti ne vienmēr tiek atvērti uznirstošie logi. Tāpēc pirms šīs vērtības lietošanas ieteicams pārbaudīt tās ģeometrijas veidu.","type":"geometry"},{"name":"$graph","description":"Zināšanu grafiks, kas saistīts ar elementu. Ja zināšanu grafiks nav pieejams, vērtība būs `Null`.","type":"knowledgeGraph"},{"name":"$view","type":"dictionary","description":"Īpašības, kas ir pieejamas no skata.","properties":[{"name":"scale","type":"number","description":"Uzrāda kartes mērogu izteiksmes izvērtēšanas laikā."},{"name":"timeProperties","type":"dictionary","properties":[{"name":"currentStart","type":"date","description":"Kartes laika diapazona sākuma laiks, ko norāda laika slīdņa komponents izteiksmes novērtēšanas brīdī. Šī vērtība tiek dinamiski atjaunināta (un var izraisīt Arcade izteiksmes atkārtotu izpildi), kad tiek izmantots laika slīdnis, lai atjauninātu laikjutīgas uznirstošās izvēlnes, pamatojoties uz datuma lauku. 'Nulles' vērtība norāda, ka sākuma laiks ir iekļauts kopš laika sākuma."},{"name":"currentEnd","type":"date","description":"Kartes laika diapazona beigu laiks, ko norāda laika slīdņa komponents izteiksmes novērtēšanas brīdī. Šī vērtība tiek dinamiski atjaunināta (un var izraisīt Arcade izteiksmes atkārtotu izpildi), kad tiek izmantots laika slīdnis, lai atjauninātu laikjutīgas uznirstošās izvēlnes, pamatojoties uz datuma lauku. 'Nulles' vērtība norāda, ka beigu laiks ir nenoteikts, un tam nav noslēguma."},{"name":"startIncluded","type":"boolean","description":"Norāda, vai 'pašreizējais sākuma' (currentStart) datums ir iekļauts kartes pašreizējā laika apjomā."},{"name":"endIncluded","type":"boolean","description":"Norāda, vai 'pašreizējais beigu' (currentEnd) datums ir iekļauts kartes pašreizējā laika apjomā."}],"description":""}]}]},{"name":"Popup element","id":"popup-element","bundles":["core","data-access","geometry","portal-access","knowledge-graph"],"variables":[{"name":"$feature","type":"feature","description":"Nodrošina piekļuvi tā elementa atribūtiem un ģeometrijai, kura uznirstošais logs jāparāda skatā."},{"name":"$layer","description":"To elementu kolekcija, kas atrodas tajā pašā slānī, kur $feature, kura uznirstošais logs tiek parādīts skatā.","type":"featureSet"},{"name":"$map","description":"Slāņu kolekcija tajā pašā kartē, kurā redzams $feature, kura uznirstošais logs tiek parādīts skatā. Šī vērtība var būt `Null`, ja uznirstošais logs nav saistīts ar karti.","type":"featureSetCollection"},{"name":"$datastore","description":"Slāņu kolekcija tajā pašā elementu servisā vai datu bāzē, kurā redzams $feature, kura uznirstošais logs tiek parādīts skatā.","type":"featureSetCollection"},{"name":"$userInput","description":"Ģeometrija, kas attēlo lietotāja ievadi uznirstošajam logam. Parasti tā ir vieta, kur lietotājs noklikšķināja vai pieskārās kartei, lai palaistu uznirstošo logu. Var būt gadījumi, kad šī vērtība ir punkts, pārklājums vai `Null`, jo mijiedarbojoties ar karti ne vienmēr tiek atvērti uznirstošie logi. Tāpēc pirms šīs vērtības lietošanas ieteicams pārbaudīt tās ģeometrijas veidu.","type":"geometry"},{"name":"$graph","description":"Zināšanu grafiks, kas saistīts ar elementu. Ja zināšanu grafiks nav pieejams, vērtība būs `Null`.","type":"knowledgeGraph"},{"name":"$view","type":"dictionary","description":"Īpašības, kas ir pieejamas no skata.","properties":[{"name":"scale","type":"number","description":"Uzrāda kartes mērogu izteiksmes izvērtēšanas laikā."},{"name":"timeProperties","type":"dictionary","properties":[{"name":"currentStart","type":"date","description":"Kartes laika diapazona sākuma laiks, ko norāda laika slīdņa komponents izteiksmes novērtēšanas brīdī. Šī vērtība tiek dinamiski atjaunināta (un var izraisīt Arcade izteiksmes atkārtotu izpildi), kad tiek izmantots laika slīdnis, lai atjauninātu laikjutīgas uznirstošās izvēlnes, pamatojoties uz datuma lauku. 'Nulles' vērtība norāda, ka sākuma laiks ir iekļauts kopš laika sākuma."},{"name":"currentEnd","type":"date","description":"Kartes laika diapazona beigu laiks, ko norāda laika slīdņa komponents izteiksmes novērtēšanas brīdī. Šī vērtība tiek dinamiski atjaunināta (un var izraisīt Arcade izteiksmes atkārtotu izpildi), kad tiek izmantots laika slīdnis, lai atjauninātu laikjutīgas uznirstošās izvēlnes, pamatojoties uz datuma lauku. 'Nulles' vērtība norāda, ka beigu laiks ir nenoteikts, un tam nav noslēguma."},{"name":"startIncluded","type":"boolean","description":"Norāda, vai 'pašreizējais sākuma' (currentStart) datums ir iekļauts kartes pašreizējā laika apjomā."},{"name":"endIncluded","type":"boolean","description":"Norāda, vai 'pašreizējais beigu' (currentEnd) datums ir iekļauts kartes pašreizējā laika apjomā."}],"description":""}]}]},{"name":"Popup feature reduction","id":"popup-feature-reduction","bundles":["core","data-access","geometry","portal-access"],"variables":[{"name":"$feature","type":"feature","description":"Nodrošina piekļuvi apkopojuma laukiem, kas definēti grupēšanas vai nodalījumu izveides uznirstošajos logos."},{"name":"$aggregatedFeatures","description":"Elementu kopa (FeatureSet), kurā ir visi klastera vai nodalījuma elementi.","type":"featureSet"},{"name":"$view","type":"dictionary","description":"Īpašības, kas ir pieejamas no skata.","properties":[{"name":"scale","type":"number","description":"Uzrāda kartes mērogu izteiksmes izvērtēšanas laikā."},{"name":"timeProperties","type":"dictionary","properties":[{"name":"currentStart","type":"date","description":"Kartes laika diapazona sākuma laiks, ko norāda laika slīdņa komponents izteiksmes novērtēšanas brīdī. Šī vērtība tiek dinamiski atjaunināta (un var izraisīt Arcade izteiksmes atkārtotu izpildi), kad tiek izmantots laika slīdnis, lai atjauninātu laikjutīgas uznirstošās izvēlnes, pamatojoties uz datuma lauku. 'Nulles' vērtība norāda, ka sākuma laiks ir iekļauts kopš laika sākuma."},{"name":"currentEnd","type":"date","description":"Kartes laika diapazona beigu laiks, ko norāda laika slīdņa komponents izteiksmes novērtēšanas brīdī. Šī vērtība tiek dinamiski atjaunināta (un var izraisīt Arcade izteiksmes atkārtotu izpildi), kad tiek izmantots laika slīdnis, lai atjauninātu laikjutīgas uznirstošās izvēlnes, pamatojoties uz datuma lauku. 'Nulles' vērtība norāda, ka beigu laiks ir nenoteikts, un tam nav noslēguma."},{"name":"startIncluded","type":"boolean","description":"Norāda, vai 'pašreizējais sākuma' (currentStart) datums ir iekļauts kartes pašreizējā laika apjomā."},{"name":"endIncluded","type":"boolean","description":"Norāda, vai 'pašreizējais beigu' (currentEnd) datums ir iekļauts kartes pašreizējā laika apjomā."}],"description":""}]}]},{"name":"Popup element feature reduction","id":"popup-element-feature-reduction","bundles":["core","data-access","geometry","portal-access"],"variables":[{"name":"$feature","type":"feature","description":"Nodrošina piekļuvi apkopojuma laukiem, kas definēti grupēšanas vai nodalījumu izveides uznirstošajos logos."},{"name":"$aggregatedFeatures","description":"Elementu kopa (FeatureSet), kurā ir visi klastera vai nodalījuma elementi.","type":"featureSet"},{"name":"$view","type":"dictionary","description":"Īpašības, kas ir pieejamas no skata.","properties":[{"name":"scale","type":"number","description":"Uzrāda kartes mērogu izteiksmes izvērtēšanas laikā."},{"name":"timeProperties","type":"dictionary","properties":[{"name":"currentStart","type":"date","description":"Kartes laika diapazona sākuma laiks, ko norāda laika slīdņa komponents izteiksmes novērtēšanas brīdī. Šī vērtība tiek dinamiski atjaunināta (un var izraisīt Arcade izteiksmes atkārtotu izpildi), kad tiek izmantots laika slīdnis, lai atjauninātu laikjutīgas uznirstošās izvēlnes, pamatojoties uz datuma lauku. 'Nulles' vērtība norāda, ka sākuma laiks ir iekļauts kopš laika sākuma."},{"name":"currentEnd","type":"date","description":"Kartes laika diapazona beigu laiks, ko norāda laika slīdņa komponents izteiksmes novērtēšanas brīdī. Šī vērtība tiek dinamiski atjaunināta (un var izraisīt Arcade izteiksmes atkārtotu izpildi), kad tiek izmantots laika slīdnis, lai atjauninātu laikjutīgas uznirstošās izvēlnes, pamatojoties uz datuma lauku. 'Nulles' vērtība norāda, ka beigu laiks ir nenoteikts, un tam nav noslēguma."},{"name":"startIncluded","type":"boolean","description":"Norāda, vai 'pašreizējais sākuma' (currentStart) datums ir iekļauts kartes pašreizējā laika apjomā."},{"name":"endIncluded","type":"boolean","description":"Norāda, vai 'pašreizējais beigu' (currentEnd) datums ir iekļauts kartes pašreizējā laika apjomā."}],"description":""}]}]},{"name":"Quick Capture","id":"quick-capture","bundles":["core","data-access","geometry","portal-access"],"variables":[{"name":"$feature","type":"feature","description":"Atklāj elementa atribūtus izmantošanai aprēķinā."},{"name":"$layer","type":"featureSet","description":"Elementu kolekcija tajā pašā slānī, kurā atrodas $feature."},{"name":"$datastore","type":"featureSetCollection","description":"Slāņu kolekcija tajā pašā elementu servisā vai datubāzē, kurā atrodas $feature."},{"name":"$map","type":"featureSetCollection","description":"Elementu pakalpojuma slāņu kolekcija kartē, ko izmanto QuickCapture projekts. Šis mainīgais var būt `Null`."}]},{"name":"Tasks","id":"tasks","bundles":["core","data-access","geometry","portal-access"],"variables":[{"name":"$feature","description":"Uzdevumā izvērtētais elements.","type":"feature"},{"name":"$datastore","description":"Slāņu kolekcija tajā pašā elementu servisā vai datubāzē, kur atrodas uzdevuma izvērtētā $feature.","type":"featureSetCollection"}]},{"name":"Velocity","id":"velocity","bundles":["core","geometry","track"],"variables":[{"name":"$feature","type":"feature","description":"Analīzes rīkos ar vienu ievadi aprēķināts, izvērtēts vai izmantots elements."},{"name":"$target","type":"feature","description":"Analīzes rīkos ar divām ievadēm filtrēšanai vai papildināšanai izvērtēts elements."},{"name":"$join","type":"feature","description":"Analīzes rīkos ar divām ievadēm elements nodrošina vērtības mērķa elementa izvērtēšanai vai papildināšanai."},{"name":"$analytic","type":"dictionary","description":"Laika vērtības, kas saistītas ar analīzi, piemēram, sākuma laiks, pēdējais beigu laiks utt.","properties":[]}]},{"name":"Visualization","id":"visualization","bundles":["core","geometry"],"variables":[{"name":"$feature","description":"Elements, kas jāzīmē kartē.","type":"feature"},{"name":"$view","type":"dictionary","description":"Īpašības, kas ir pieejamas no skata.","properties":[{"name":"scale","type":"number","description":"Uzrāda kartes mērogu izteiksmes izvērtēšanas laikā."},{"name":"timeProperties","type":"dictionary","properties":[{"name":"currentStart","type":"date","description":"Kartes laika diapazona sākuma laiks, ko norāda laika slīdņa komponents izteiksmes novērtēšanas brīdī. Šī vērtība tiek dinamiski atjaunināta (un var izraisīt Arcade izteiksmes atkārtotu izpildi), kad tiek izmantots laika slīdnis, lai atjauninātu laikjūtīgas vizualizācijas, pamatojoties uz datuma lauku. 'Nulles' vērtība norāda, ka sākuma laiks ir iekļauts kopš laika sākuma."},{"name":"currentEnd","type":"date","description":"Kartes laika diapazona beigu laiks, ko norāda laika slīdņa komponents izteiksmes novērtēšanas brīdī. Šī vērtība tiek dinamiski atjaunināta (un var izraisīt Arcade izteiksmes atkārtotu izpildi), kad tiek izmantots laika slīdnis, lai atjauninātu laikjūtīgas vizualizācijas, pamatojoties uz datuma lauku. 'Nulles' vērtība norāda, ka beigu laiks ir nenoteikts, un tam nav noslēguma."},{"name":"startIncluded","type":"boolean","description":"Norāda, vai 'pašreizējais sākuma' (currentStart) datums ir iekļauts kartes pašreizējā laika apjomā."},{"name":"endIncluded","type":"boolean","description":"Norāda, vai 'pašreizējais beigu' (currentEnd) datums ir iekļauts kartes pašreizējā laika apjomā."}],"description":""}]}]},{"name":"Voxel popup","id":"popup-voxel","bundles":["core"],"variables":[{"name":"$voxel","type":"voxel","description":"Nodrošina piekļuvi tā vokseļa atribūtiem, kura uznirstošais logs ir jāparāda scēnā."}]},{"name":"Voxel popup element","id":"popup-element-voxel","bundles":["core"],"variables":[{"name":"$voxel","type":"voxel","description":"Nodrošina piekļuvi tā vokseļa atribūtiem, kura uznirstošais logs ir jāparāda scēnā."}]}]