[{"name":"Minimalist","id":"minimalist","bundles":["core","data-access","geometry","portal-access"],"variables":[]},{"name":"Aggregate Field","id":"aggregate-field","bundles":["core","geometry"],"variables":[{"name":"$feature","description":"피처 집계에 포함된 개별 피처입니다. 이를 통해 피처의 모든 필드 속성에 접근할 수 있습니다.","type":"feature"}]},{"name":"Alias","id":"alias","bundles":["core","geometry"],"variables":[{"name":"$value","type":"number","description":"텍스트 별칭을 원하는 숫자 값입니다."},{"name":"$feature","type":"feature","description":"텍스트 별칭을 원하는 피처입니다."}]},{"name":"Attribute rule calculation","id":"attribute-rule-calculation","bundles":["core","data-access","database","geometry","portal-access","ai"],"variables":[{"name":"$feature","type":"feature","description":"계산 중인 피처입니다."},{"name":"$originalFeature","type":"feature","description":"계산 중인 피처의 이전 상태입니다."},{"name":"$featureSet","type":"featureSet","description":"식을 평가하는 $feature과(와) 동일한 테이블의 피처 컬렉션입니다."},{"name":"$datastore","type":"featureSetCollection","description":"스크립트를 실행하는 $feature과(와) 동일한 피처 서비스나 데이터베이스의 레이어 컬렉션입니다."},{"name":"$editcontext","type":"dictionary","properties":[{"name":"editType","type":"text","description":"편집 이벤트가 삽입, 업데이트, 삭제 또는 해당 사항 없음(NA)인지 나타냅니다."}],"description":""}]},{"name":"Attribute rule constraint","id":"attribute-rule-constraint","bundles":["core","data-access","geometry","portal-access"],"variables":[{"name":"$feature","type":"feature","description":"계산 중인 피처입니다."},{"name":"$originalFeature","type":"feature","description":"계산 중인 피처의 이전 상태입니다."},{"name":"$featureSet","type":"featureSet","description":"식을 평가하는 $feature과(와) 동일한 테이블의 피처 컬렉션입니다."},{"name":"$datastore","type":"featureSetCollection","description":"스크립트를 실행하는 $feature과(와) 동일한 피처 서비스나 데이터베이스의 레이어 컬렉션입니다."},{"name":"$editcontext","type":"dictionary","properties":[{"name":"editType","type":"text","description":"편집 이벤트가 삽입, 업데이트, 삭제 또는 해당 사항 없음(NA)인지 나타냅니다."}],"description":""}]},{"name":"Attribute rule validation","id":"attribute-rule-validation","bundles":["core","data-access","geometry","portal-access"],"variables":[{"name":"$feature","type":"feature","description":"계산 중인 피처입니다."},{"name":"$featureSet","type":"featureSet","description":"식을 평가하는 $feature과(와) 동일한 테이블의 피처 컬렉션입니다."},{"name":"$datastore","type":"featureSetCollection","description":"스크립트를 실행하는 $feature과(와) 동일한 피처 서비스나 데이터베이스의 레이어 컬렉션입니다."}]},{"name":"Dashboard indicator formatting","id":"dashboard-indicator-formatting","bundles":["core"],"variables":[{"name":"$datapoint","type":"feature","description":"시각적 요소에 대해 평가 중인 데이터 포인트입니다."},{"name":"$reference","type":"dictionary","description":"시각적 요소에 대해 평가 중인 참조 값입니다.","properties":[]}]},{"name":"Dashboard list formatting","id":"dashboard-list-formatting","bundles":["core"],"variables":[{"name":"$datapoint","type":"feature","description":"시각적 요소에 대해 평가 중인 데이터 포인트입니다."}]},{"name":"Dashboard table formatting","id":"dashboard-table-formatting","bundles":["core"],"variables":[{"name":"$datapoint","type":"feature","description":"시각적 요소에 대해 평가 중인 데이터 포인트입니다."},{"name":"$rowindex","type":"number","description":"테이블의 행 위치입니다(0 기반)."}]},{"name":"Dashboard data","id":"dashboard-data","bundles":["core","geometry","data-access","portal-access","knowledge-graph"],"variables":[]},{"name":"Data Pipelines","id":"data-pipelines","bundles":["core"],"variables":[{"name":"$record","type":"dictionary","description":"계산되는 레코드의 속성/필드 값에 대한 접근 권한을 제공합니다.","properties":[]}]},{"name":"Dictionary renderer","id":"dictionary-renderer","bundles":["core","geometry"],"variables":[{"name":"$feature","type":"feature","description":"맵에 그릴 피처입니다."},{"name":"$config","type":"dictionary","description":"구성 값의 딕셔너리입니다.","properties":[]}]},{"name":"Experience Builder data","id":"experience-builder-data","bundles":["core","data-access","geometry","portal-access"],"variables":[]},{"name":"Experience Builder list item widget formatting","id":"experience-builder-list-item-widget-formatting","bundles":["core"],"variables":[{"name":"$feature","type":"feature","description":"목록 항목의 피처를 나타냅니다."}]},{"name":"Experience Builder widget formatting","id":"experience-builder-widget-formatting","bundles":["core","data-access"],"variables":[{"name":"$dataSources","type":"dictionary","description":"위젯에서 사용하는 데이터 소스입니다. 이는 키-값 쌍을 포함하는 딕셔너리이며, 각 키는 데이터 소스 ID입니다(예시: `dataSource_1-187acf797e1-layer-5-selection`).","properties":[]}]},{"name":"Feature Display Title","id":"feature-display-title","bundles":["core"],"variables":[{"name":"$feature","type":"feature","description":"UI에 제목을 표시할 피처 또는 행입니다."}]},{"name":"Feature Z","id":"feature-z","bundles":["core","geometry"],"variables":[{"name":"$feature","type":"feature","description":"Z 값이 필요한 피처입니다."}]},{"name":"Field calculation","id":"field-calculation","bundles":["core","data-access","geometry","portal-access","knowledge-graph","ai"],"variables":[{"name":"$feature","type":"feature","description":"계산 중인 피처입니다."},{"name":"$datastore","type":"featureSetCollection","description":"계산을 실행하는 $feature과(와) 동일한 피처 서비스나 데이터베이스의 레이어 컬렉션입니다."}]},{"name":"Field mapping","id":"field-mapping","bundles":["core","data-access","geometry","portal-access"],"variables":[{"name":"$sourceFeature","type":"feature","description":"필드 맵의 원본 피처입니다."},{"name":"$targetFeature","type":"feature","description":"필드 맵의 대상 피처입니다."},{"name":"$sourceLayer","type":"featureSet","description":"$sourcelayer과(와) 동일한 레이어의 피처 컬렉션입니다."},{"name":"$targetLayer","type":"featureSet","description":"$targetfeature과(와) 동일한 레이어의 피처 컬렉션입니다."},{"name":"$map","type":"featureSetCollection","description":"실행 중인 Arcade 식의 맵에 있는 레이어 컬렉션입니다."},{"name":"$sourceDatastore","type":"featureSetCollection","description":"$sourcelayer과(와) 동일한 데이터 저장소의 레이어 컬렉션입니다."},{"name":"$targetDatastore","type":"featureSetCollection","description":"$targetlayer과(와) 동일한 데이터 저장소의 레이어 컬렉션입니다."}]},{"name":"Form Attachment Filename Calculation","id":"form-attachment-filename-calculation","bundles":["core","data-access","geometry","portal-access"],"variables":[{"name":"$feature","type":"feature","description":"한_The feature being calculated______________________________빠."},{"name":"$originalFeature","type":"feature","description":"한_The previous state of the feature being calculated___________________________빠."},{"name":"$layer","type":"featureSet","description":"한_A collection of features in the same layer as $feature_____________________________빠."},{"name":"$datastore","type":"featureSetCollection","description":"한_A collection of layers in the same feature service or database as $feature_______________________________________빠."},{"name":"$featureset","type":"featureSet","description":"한_A collection of features in the same table as $feature_____________________________빠."},{"name":"$map","type":"featureSetCollection","description":"한_A collection of feature service layers in the same map as $feature___________________________________빠."},{"name":"$formElement","type":"dictionary","description":"한_Information associated with the form element________________________빠.","properties":[{"name":"attachmentKeyword","type":"text","description":"한_A text value identifying the content of the attachment. When a file is attached using the form, this property can be used in determining a new filename for the attachment_______________________________________________________________________________________빠."},{"name":"label","type":"text","description":"한_A text value indicating what the element represents___________________________빠."},{"name":"description","type":"text","description":"한_A text value that describes the element in detail__________________________빠."}]}]},{"name":"Form calculation","id":"form-calculation","bundles":["core","data-access","geometry","portal-access","ai"],"variables":[{"name":"$feature","type":"feature","description":"계산에 사용할 피처의 속성을 표시합니다."},{"name":"$originalFeature","type":"feature","description":"계산 중인 피처의 이전 상태입니다."},{"name":"$layer","type":"featureSet","description":"$feature과(와) 동일한 레이어의 피처 컬렉션입니다."},{"name":"$datastore","type":"featureSetCollection","description":"$feature과(와) 동일한 피처 서비스나 데이터베이스의 레이어 컬렉션입니다."},{"name":"$featureset","type":"featureSet","description":"$feature과(와) 동일한 테이블의 피처 컬렉션입니다."},{"name":"$map","type":"featureSetCollection","description":"$feature과(와) 동일한 맵의 피처 서비스 레이어 컬렉션입니다."},{"name":"$editcontext","type":"dictionary","properties":[{"name":"editType","type":"text","description":"편집 이벤트가 삽입, 업데이트, 삭제 또는 해당 사항 없음(NA)인지 나타냅니다."}],"description":""}]},{"name":"Form Constraint","id":"form-constraint","bundles":["core","geometry","data-access","portal-access"],"variables":[{"name":"$feature","type":"feature","description":"제약 조건에 대해 평가 중인 피처입니다."},{"name":"$originalFeature","type":"feature","description":"피처의 이전 상태입니다."},{"name":"$layer","type":"featureSet","description":"$feature과(와) 동일한 레이어의 피처 컬렉션입니다."},{"name":"$datastore","type":"featureSetCollection","description":"$feature과(와) 동일한 피처 서비스나 데이터베이스의 레이어 컬렉션입니다."},{"name":"$featureset","type":"featureSet","description":"$feature과(와) 동일한 테이블의 피처 컬렉션입니다."},{"name":"$map","type":"featureSetCollection","description":"$feature과(와) 동일한 맵의 피처 서비스 레이어 컬렉션입니다."},{"name":"$editcontext","type":"dictionary","properties":[{"name":"editType","type":"text","description":"편집 이벤트가 삽입, 업데이트, 삭제 또는 해당 사항 없음(NA)인지 나타냅니다."}],"description":""}]},{"name":"Geoanalytics","id":"geoanalytics","bundles":["core","geometry","track"],"variables":[{"name":"$feature","type":"feature","description":"계산 중인 피처입니다."}]},{"name":"Geotrigger notification","id":"geotrigger-notification","bundles":["core","geometry","data-access"],"variables":[{"name":"$feedFeature","type":"feature","description":"Geotrigger를 활성화한 입력 피처(예시: 기기 위치 또는 피처)입니다. 이 피처에는 지오메트리(일반적으로 포인트)와 `course`(위치의 이동 경로(시계 방향 도 단위)로, 0은 진북) 및 `horizontalaccuracy`(위치의 수평 정확도(미터)) 속성이 있는 고정된 스키마가 포함되어 있어야 합니다."},{"name":"$fenceFeature","type":"feature","description":"들어가거나 나와서 Geotrigger를 활성화한 펜스 피처(예시: 관심 영역)입니다."},{"name":"$fenceLayer","type":"featureSet","description":"$fenceFeature과(와) 동일한 레이어의 피처 컬렉션입니다."},{"name":"$fenceNotificationType","type":"text","description":"발생한 이벤트에 대한 설명으로, '들어감' 또는 '나감' 중 하나입니다."}]},{"name":"Imagery popup","id":"popup-imagery","bundles":["core","geometry"],"variables":[{"name":"$pixel","type":"pixel","description":"한_The pixel value and other pixel-dependent information (e.g. classification category), including virtual raster fields, for the imagery layer currently displayed in the view________________________________________________________________________________________빠."},{"name":"$imageCollectionItem","type":"feature","description":"한_The metadata of the selected image collection item containing the pixel represented by `$pixel`. This value will be `null` if there is no associated image collection____________________________________________________________________________________빠."},{"name":"$view","type":"dictionary","description":"한_Properties available from the view___________________빠.","properties":[{"name":"scale","type":"number","description":"한_Returns the scale of the map at the time the expression evaluates__________________________________빠."},{"name":"timeProperties","type":"dictionary","properties":[{"name":"currentStart","type":"date","description":"한_The start time of the map's time extent as indicated by a time slider component at the time the expression evaluates. This value dynamically updates (and may trigger the re-execution of the Arcade expression) when a time slider is used to update time-aware popups based on date field. A `null` value indicates the start time is inclusive since the beginning of time________________________________________________________________________________________________________________________________________________________________________________________빠."},{"name":"currentEnd","type":"date","description":"한_The end time of the map's time extent as indicated by a time slider component at the time the expression evaluates. This value dynamically updates (and may trigger the re-execution of the Arcade expression) when a time slider is used to update time-aware popups based on date field. A `null` value indicates the end time is indefinite with no end_______________________________________________________________________________________________________________________________________________________________________________빠."},{"name":"startIncluded","type":"boolean","description":"한_Indicates if the `currentStart` date is included in the map's current time extent__________________________________________빠."},{"name":"endIncluded","type":"boolean","description":"한_Indicates if the `currentEnd` date is included in the map's current time extent_________________________________________빠."}],"description":""}]},{"name":"$userInput","description":"한_A geometry representing a user's input for a popup. Typically, this represents a location where the user clicked or tapped in a map to launch a popup. There may be cases where this value is a Point, an Extent, or `null` as popups are not always opened from map interaction. Therefore, it is advised to check the geometry type of this value before it is used____________________________________________________________________________________________________________________________________________________________________________________빠.","type":"geometry"}]},{"name":"Imagery popup element","id":"popup-element-imagery","bundles":["core","geometry"],"variables":[{"name":"$pixel","type":"pixel","description":"한_The pixel value and other pixel-dependent information (e.g. classification category), including virtual raster fields, for the imagery layer currently displayed in the view________________________________________________________________________________________빠."},{"name":"$imageCollectionItem","type":"feature","description":"한_The metadata of the selected image collection item containing the pixel represented by `$pixel`. This value will be `null` if there is no associated image collection____________________________________________________________________________________빠."},{"name":"$view","type":"dictionary","description":"한_Properties available from the view___________________빠.","properties":[{"name":"scale","type":"number","description":"한_Returns the scale of the map at the time the expression evaluates__________________________________빠."},{"name":"timeProperties","type":"dictionary","properties":[{"name":"currentStart","type":"date","description":"한_The start time of the map's time extent as indicated by a time slider component at the time the expression evaluates. This value dynamically updates (and may trigger the re-execution of the Arcade expression) when a time slider is used to update time-aware popups based on date field. A `null` value indicates the start time is inclusive since the beginning of time________________________________________________________________________________________________________________________________________________________________________________________빠."},{"name":"currentEnd","type":"date","description":"한_The end time of the map's time extent as indicated by a time slider component at the time the expression evaluates. This value dynamically updates (and may trigger the re-execution of the Arcade expression) when a time slider is used to update time-aware popups based on date field. A `null` value indicates the end time is indefinite with no end_______________________________________________________________________________________________________________________________________________________________________________빠."},{"name":"startIncluded","type":"boolean","description":"한_Indicates if the `currentStart` date is included in the map's current time extent__________________________________________빠."},{"name":"endIncluded","type":"boolean","description":"한_Indicates if the `currentEnd` date is included in the map's current time extent_________________________________________빠."}],"description":""}]},{"name":"$userInput","description":"한_A geometry representing a user's input for a popup. Typically, this represents a location where the user clicked or tapped in a map to launch a popup. There may be cases where this value is a Point, an Extent, or `null` as popups are not always opened from map interaction. Therefore, it is advised to check the geometry type of this value before it is used____________________________________________________________________________________________________________________________________________________________________________________빠.","type":"geometry"}]},{"name":"Labeling","id":"labeling","bundles":["core","geometry"],"variables":[{"name":"$feature","type":"feature","description":"레이블을 맵에 그릴 피처입니다."},{"name":"$view","type":"dictionary","description":"뷰에서 사용할 수 있는 등록정보입니다.","properties":[{"name":"scale","type":"number","description":"식 평가 시점의 맵 축척을 반환합니다."},{"name":"timeProperties","type":"dictionary","properties":[{"name":"currentStart","type":"date","description":"식이 평가될 때 시간 슬라이더 컴포넌트에 의해 표시된 맵 시간 범위의 시작 시간입니다. 이 값은 시간 슬라이더가 날짜 필드를 기반으로 시간-인지 레이블을 업데이트하는 데 사용되는 경우 동적으로 업데이트됩니다(Arcade 식의 재실행을 트리거할 수 있음). `null` 값은 시작 시간이 시간의 시작 시점부터 포함되어 있음을 나타냅니다."},{"name":"currentEnd","type":"date","description":"식이 평가될 때 시간 슬라이더 컴포넌트에 의해 표시된 맵 시간 범위의 종료 시간입니다. 이 값은 시간 슬라이더가 날짜 필드를 기반으로 시간-인지 레이블을 업데이트하는 데 사용되는 경우 동적으로 업데이트됩니다(Arcade 식의 재실행을 트리거할 수 있음). `null` 값은 종료 시간이 끝이 없이 무한함을 나타냅니다."},{"name":"startIncluded","type":"boolean","description":"`currentStart` 날짜가 맵의 현재 시간 범위에 포함되어 있는지를 나타냅니다."},{"name":"endIncluded","type":"boolean","description":"`currentEnd` 날짜가 맵의 현재 시간 범위에 포함되어 있는지를 나타냅니다."}],"description":""}]}]},{"name":"Layout","id":"layout","bundles":["core","geometry"],"variables":[{"name":"$feature","type":"feature","description":"값이 레이아웃에 표시될 수 있는 피처입니다."}]},{"name":"Location update constraint","id":"location-update-constraint","bundles":["core","geometry"],"variables":[{"name":"$locationupdate","type":"dictionary","description":"제약 조건에 대해 평가 중인 위치 업데이트 피처(예시: GPS에서)입니다.","properties":[{"name":"course","type":"number","description":"위치의 이동 경로(시계 방향 도 단위)로, 0은 진북입니다."},{"name":"horizontalaccuracy","type":"number","description":"위치의 수평 정확도(미터)입니다."},{"name":"verticalaccuracy","type":"number","description":"위치의 수직 정확도(미터)입니다."},{"name":"velocity","type":"number","description":"위치의 속도(초당 미터)입니다."}]}]},{"name":"Model Builder","id":"model-builder","bundles":["core","geometry","data-access","portal-access"],"variables":[{"name":"$variables","type":"dictionary","description":"변수 이름 및 값이 포함된 딕셔너리입니다.","properties":[]}]},{"name":"Measure visualization","id":"measure-visualization","bundles":["core","geometry"],"variables":[{"name":"$measure","type":"number","description":"마커 위치의 보간된 M 값입니다."},{"name":"$feature","type":"feature","description":"맵에 그릴 피처입니다."},{"name":"$view","type":"dictionary","properties":[{"name":"scale","type":"number","description":"식 평가 시점의 맵 축척을 반환합니다."}],"description":""}]},{"name":"Popup","id":"popup","bundles":["core","data-access","geometry","portal-access","knowledge-graph"],"variables":[{"name":"$feature","type":"feature","description":"뷰에 팝업이 표시되는 피처의 속성 및 지오메트리에 대한 접근 권한을 제공합니다."},{"name":"$layer","description":"뷰에 팝업이 표시되는 $feature과(와) 동일한 레이어의 피처 컬렉션입니다.","type":"featureSet"},{"name":"$map","description":"뷰에 팝업이 표시되는 $feature과(와) 동일한 맵의 레이어 컬렉션입니다. 팝업이 맵과 연결되지 않은 경우 이 값은 `null`일 수 있습니다.","type":"featureSetCollection"},{"name":"$datastore","description":"뷰에 팝업이 표시되는 $feature과(와) 동일한 피처 서비스나 데이터베이스의 레이어 컬렉션입니다.","type":"featureSetCollection"},{"name":"$userInput","description":"팝업에 대한 사용자의 입력을 나타내는 지오메트리입니다. 일반적으로 사용자가 맵을 클릭하거나 탭하여 팝업을 실행한 위치를 나타냅니다. 맵 상호작용 시 팝업이 항상 열리는 것은 아니므로 이 값이 포인트, 범위 또는 `null`인 경우가 있을 수 있습니다. 따라서 사용하기 전에 이 값의 지오메트리 유형을 확인하는 것이 좋습니다.","type":"geometry"},{"name":"$graph","description":"피처와 연결된 지식 그래프입니다. 지식 그래프를 사용할 수 없는 경우 값은 `null`이 됩니다.","type":"knowledgeGraph"},{"name":"$view","type":"dictionary","description":"뷰에서 사용할 수 있는 등록정보입니다.","properties":[{"name":"scale","type":"number","description":"식 평가 시점의 맵 축척을 반환합니다."},{"name":"timeProperties","type":"dictionary","properties":[{"name":"currentStart","type":"date","description":"식이 평가될 때 시간 슬라이더 컴포넌트에 의해 표시된 맵 시간 범위의 시작 시간입니다. 이 값은 시간 슬라이더가 날짜 필드를 기반으로 시간-인지 팝업을 업데이트하는 데 사용되는 경우 동적으로 업데이트됩니다(Arcade 식의 재실행을 트리거할 수 있음). `null` 값은 시작 시간이 시간의 시작 시점부터 포함되어 있음을 나타냅니다."},{"name":"currentEnd","type":"date","description":"식이 평가될 때 시간 슬라이더 컴포넌트에 의해 표시된 맵 시간 범위의 종료 시간입니다. 이 값은 시간 슬라이더가 날짜 필드를 기반으로 시간-인지 팝업을 업데이트하는 데 사용되는 경우 동적으로 업데이트됩니다(Arcade 식의 재실행을 트리거할 수 있음). `null` 값은 종료 시간이 끝이 없이 무한함을 나타냅니다."},{"name":"startIncluded","type":"boolean","description":"`currentStart` 날짜가 맵의 현재 시간 범위에 포함되어 있는지를 나타냅니다."},{"name":"endIncluded","type":"boolean","description":"`currentEnd` 날짜가 맵의 현재 시간 범위에 포함되어 있는지를 나타냅니다."}],"description":""}]}]},{"name":"Popup element","id":"popup-element","bundles":["core","data-access","geometry","portal-access","knowledge-graph"],"variables":[{"name":"$feature","type":"feature","description":"뷰에 팝업이 표시되는 피처의 속성 및 지오메트리에 대한 접근 권한을 제공합니다."},{"name":"$layer","description":"뷰에 팝업이 표시되는 $feature과(와) 동일한 레이어의 피처 컬렉션입니다.","type":"featureSet"},{"name":"$map","description":"뷰에 팝업이 표시되는 $feature과(와) 동일한 맵의 레이어 컬렉션입니다. 팝업이 맵과 연결되지 않은 경우 이 값은 `null`일 수 있습니다.","type":"featureSetCollection"},{"name":"$datastore","description":"뷰에 팝업이 표시되는 $feature과(와) 동일한 피처 서비스나 데이터베이스의 레이어 컬렉션입니다.","type":"featureSetCollection"},{"name":"$userInput","description":"팝업에 대한 사용자의 입력을 나타내는 지오메트리입니다. 일반적으로 사용자가 맵을 클릭하거나 탭하여 팝업을 실행한 위치를 나타냅니다. 맵 상호작용 시 팝업이 항상 열리는 것은 아니므로 이 값이 포인트, 범위 또는 `null`인 경우가 있을 수 있습니다. 따라서 사용하기 전에 이 값의 지오메트리 유형을 확인하는 것이 좋습니다.","type":"geometry"},{"name":"$graph","description":"피처와 연결된 지식 그래프입니다. 지식 그래프를 사용할 수 없는 경우 값은 `null`이 됩니다.","type":"knowledgeGraph"},{"name":"$view","type":"dictionary","description":"뷰에서 사용할 수 있는 등록정보입니다.","properties":[{"name":"scale","type":"number","description":"식 평가 시점의 맵 축척을 반환합니다."},{"name":"timeProperties","type":"dictionary","properties":[{"name":"currentStart","type":"date","description":"식이 평가될 때 시간 슬라이더 컴포넌트에 의해 표시된 맵 시간 범위의 시작 시간입니다. 이 값은 시간 슬라이더가 날짜 필드를 기반으로 시간-인지 팝업을 업데이트하는 데 사용되는 경우 동적으로 업데이트됩니다(Arcade 식의 재실행을 트리거할 수 있음). `null` 값은 시작 시간이 시간의 시작 시점부터 포함되어 있음을 나타냅니다."},{"name":"currentEnd","type":"date","description":"식이 평가될 때 시간 슬라이더 컴포넌트에 의해 표시된 맵 시간 범위의 종료 시간입니다. 이 값은 시간 슬라이더가 날짜 필드를 기반으로 시간-인지 팝업을 업데이트하는 데 사용되는 경우 동적으로 업데이트됩니다(Arcade 식의 재실행을 트리거할 수 있음). `null` 값은 종료 시간이 끝이 없이 무한함을 나타냅니다."},{"name":"startIncluded","type":"boolean","description":"`currentStart` 날짜가 맵의 현재 시간 범위에 포함되어 있는지를 나타냅니다."},{"name":"endIncluded","type":"boolean","description":"`currentEnd` 날짜가 맵의 현재 시간 범위에 포함되어 있는지를 나타냅니다."}],"description":""}]}]},{"name":"Popup feature reduction","id":"popup-feature-reduction","bundles":["core","data-access","geometry","portal-access"],"variables":[{"name":"$feature","type":"feature","description":"클러스터링 또는 비닝 팝업 중 하나에서 정의된 집계 필드에 대한 접근 권한을 제공합니다."},{"name":"$aggregatedFeatures","description":"클러스터나 그룹으로 나타나는 모든 피처가 포함된 FeatureSet입니다.","type":"featureSet"},{"name":"$view","type":"dictionary","description":"뷰에서 사용할 수 있는 등록정보입니다.","properties":[{"name":"scale","type":"number","description":"식 평가 시점의 맵 축척을 반환합니다."},{"name":"timeProperties","type":"dictionary","properties":[{"name":"currentStart","type":"date","description":"식이 평가될 때 시간 슬라이더 컴포넌트에 의해 표시된 맵 시간 범위의 시작 시간입니다. 이 값은 시간 슬라이더가 날짜 필드를 기반으로 시간-인지 팝업을 업데이트하는 데 사용되는 경우 동적으로 업데이트됩니다(Arcade 식의 재실행을 트리거할 수 있음). `null` 값은 시작 시간이 시간의 시작 시점부터 포함되어 있음을 나타냅니다."},{"name":"currentEnd","type":"date","description":"식이 평가될 때 시간 슬라이더 컴포넌트에 의해 표시된 맵 시간 범위의 종료 시간입니다. 이 값은 시간 슬라이더가 날짜 필드를 기반으로 시간-인지 팝업을 업데이트하는 데 사용되는 경우 동적으로 업데이트됩니다(Arcade 식의 재실행을 트리거할 수 있음). `null` 값은 종료 시간이 끝이 없이 무한함을 나타냅니다."},{"name":"startIncluded","type":"boolean","description":"`currentStart` 날짜가 맵의 현재 시간 범위에 포함되어 있는지를 나타냅니다."},{"name":"endIncluded","type":"boolean","description":"`currentEnd` 날짜가 맵의 현재 시간 범위에 포함되어 있는지를 나타냅니다."}],"description":""}]}]},{"name":"Popup element feature reduction","id":"popup-element-feature-reduction","bundles":["core","data-access","geometry","portal-access"],"variables":[{"name":"$feature","type":"feature","description":"클러스터링 또는 비닝 팝업 중 하나에서 정의된 집계 필드에 대한 접근 권한을 제공합니다."},{"name":"$aggregatedFeatures","description":"클러스터나 그룹으로 나타나는 모든 피처가 포함된 FeatureSet입니다.","type":"featureSet"},{"name":"$view","type":"dictionary","description":"뷰에서 사용할 수 있는 등록정보입니다.","properties":[{"name":"scale","type":"number","description":"식 평가 시점의 맵 축척을 반환합니다."},{"name":"timeProperties","type":"dictionary","properties":[{"name":"currentStart","type":"date","description":"식이 평가될 때 시간 슬라이더 컴포넌트에 의해 표시된 맵 시간 범위의 시작 시간입니다. 이 값은 시간 슬라이더가 날짜 필드를 기반으로 시간-인지 팝업을 업데이트하는 데 사용되는 경우 동적으로 업데이트됩니다(Arcade 식의 재실행을 트리거할 수 있음). `null` 값은 시작 시간이 시간의 시작 시점부터 포함되어 있음을 나타냅니다."},{"name":"currentEnd","type":"date","description":"식이 평가될 때 시간 슬라이더 컴포넌트에 의해 표시된 맵 시간 범위의 종료 시간입니다. 이 값은 시간 슬라이더가 날짜 필드를 기반으로 시간-인지 팝업을 업데이트하는 데 사용되는 경우 동적으로 업데이트됩니다(Arcade 식의 재실행을 트리거할 수 있음). `null` 값은 종료 시간이 끝이 없이 무한함을 나타냅니다."},{"name":"startIncluded","type":"boolean","description":"`currentStart` 날짜가 맵의 현재 시간 범위에 포함되어 있는지를 나타냅니다."},{"name":"endIncluded","type":"boolean","description":"`currentEnd` 날짜가 맵의 현재 시간 범위에 포함되어 있는지를 나타냅니다."}],"description":""}]}]},{"name":"Quick Capture","id":"quick-capture","bundles":["core","data-access","geometry","portal-access"],"variables":[{"name":"$feature","type":"feature","description":"계산에 사용할 피처의 속성을 표시합니다."},{"name":"$layer","type":"featureSet","description":"$feature과(와) 동일한 레이어의 피처 컬렉션입니다."},{"name":"$datastore","type":"featureSetCollection","description":"$feature과(와) 동일한 피처 서비스나 데이터베이스의 레이어 컬렉션입니다."},{"name":"$map","type":"featureSetCollection","description":"QuickCapture 프로젝트에서 사용되는 맵의 피처 서비스 레이어 컬렉션입니다. 이 변수는 `null`일 수 있습니다."}]},{"name":"Tasks","id":"tasks","bundles":["core","data-access","geometry","portal-access"],"variables":[{"name":"$feature","description":"작업에 의해 평가되는 피처입니다.","type":"feature"},{"name":"$datastore","description":"작업에 의해 평가되는 $feature과(와) 동일한 피처 서비스나 데이터베이스의 레이어 컬렉션입니다.","type":"featureSetCollection"}]},{"name":"Velocity","id":"velocity","bundles":["core","geometry","track"],"variables":[{"name":"$feature","type":"feature","description":"입력이 1개인 분석 도구에서 계산, 평가 또는 작업이 이루어지는 피처입니다."},{"name":"$target","type":"feature","description":"입력이 2개인 분석 도구에서 필터링 또는 보강을 위해 평가되는 피처입니다."},{"name":"$join","type":"feature","description":"입력이 2개인 분석 도구에서 대상 피처의 평가 또는 보강을 위해 값을 제공하는 피처입니다."},{"name":"$analytic","type":"dictionary","description":"시작 시간, 마지막 종료 시간 등의 분석과 연결된 시간 값입니다.","properties":[]}]},{"name":"Visualization","id":"visualization","bundles":["core","geometry"],"variables":[{"name":"$feature","description":"맵에 그릴 피처입니다.","type":"feature"},{"name":"$view","type":"dictionary","description":"뷰에서 사용할 수 있는 등록정보입니다.","properties":[{"name":"scale","type":"number","description":"식 평가 시점의 맵 축척을 반환합니다."},{"name":"timeProperties","type":"dictionary","properties":[{"name":"currentStart","type":"date","description":"식이 평가될 때 시간 슬라이더 컴포넌트에 의해 표시된 맵 시간 범위의 시작 시간입니다. 이 값은 시간 슬라이더가 날짜 필드를 기반으로 시간-인지 시각화를 업데이트하는 데 사용되는 경우 동적으로 업데이트됩니다(Arcade 식의 재실행을 트리거할 수 있음). `null` 값은 시작 시간이 시간의 시작 시점부터 포함되어 있음을 나타냅니다."},{"name":"currentEnd","type":"date","description":"식이 평가될 때 시간 슬라이더 컴포넌트에 의해 표시된 맵 시간 범위의 종료 시간입니다. 이 값은 시간 슬라이더가 날짜 필드를 기반으로 시간-인지 시각화를 업데이트하는 데 사용되는 경우 동적으로 업데이트됩니다(Arcade 식의 재실행을 트리거할 수 있음). `null` 값은 종료 시간이 끝이 없이 무한함을 나타냅니다."},{"name":"startIncluded","type":"boolean","description":"`currentStart` 날짜가 맵의 현재 시간 범위에 포함되어 있는지를 나타냅니다."},{"name":"endIncluded","type":"boolean","description":"`currentEnd` 날짜가 맵의 현재 시간 범위에 포함되어 있는지를 나타냅니다."}],"description":""}]}]},{"name":"Voxel popup","id":"popup-voxel","bundles":["core"],"variables":[{"name":"$voxel","type":"voxel","description":"씬에 팝업이 표시되는 복셀의 속성에 대한 접근 권한을 제공합니다."}]},{"name":"Voxel popup element","id":"popup-element-voxel","bundles":["core"],"variables":[{"name":"$voxel","type":"voxel","description":"씬에 팝업이 표시되는 복셀의 속성에 대한 접근 권한을 제공합니다."}]}]