{"arcadeassistant":"Помощник Arcade","beta":"Бета","expressionapplied":"Выражение, примененное в редакторе","askaquestion":"Укажите вычисление или логику, необходимую вам в выражении Arcade. (например, Вернуть Да, если значение > 10)","enteraprompt":"Введите запрос","assistantresponse":"Ответ помощника","submitfeedback":"Ж_Submit feedback to Esri________________________Я","submit":"Ж_Submit_____________Я","addtoeditor":"Добавить в редактор","experiencehelpful":"Вы довольны ответом помощника?","describeexperience":"Опишите ваш опыт","besteffort":"Вот все, что может сделать помощник","ask":"Создать","disclaimercomment":"Выражение, созданное помощником ArcGIS Arcade (beta)","feedback":"Обратная связь","erroroccurred":"Произошла ошибка.","recentprompts":"Недавние запросы","generatingresponse":"Создание ответа...","introducing":"Представляем Помощника Arcade (beta)","capabilities":"Данный помощник использует искусственный интеллект для создания выражений Arcade.","aiassistants":"ИИ-помощники","useofassistant":"Ж_The assistant uses artificial intelligence to generate Arcade expressions. To enable Arcade Assistant (beta), the following must be true______________________________________________________________________Я:","enabledinorg":"Ж_AI assistants are enabled in the organization settings____________________________Я","enabledbetaapps":"Ж_Beta apps and capabilities are not blocked______________________Я","enabledroleprivilege":"Ж_Your role privilege allows you to use AI assistants___________________________Я","configureassistants":"Настроить помощников","settings":"Настройки","new":"Новый","learnmore":"Подробнее","welcome":"Добро пожаловать в новый интерфейс помощника","beforeyougetstarted":"Прежде, чем начать, имейте в виду:","maybeincorrect":"Код, сгенерированный ИИ, иногда может быть некорректным или необъективным. Проверьте внимательно.","pleasereadhelp":"Ознакомьтесь с разделом Помощник Arcade (бета) {helpTopic}, чтобы начать работу и узнать подробности о безопасности, конфиденциальности и ограничениях.","proceed":"Продолжить","exit":"Выход","promptsuggestions":"Предложения запросов","promptsuggestion":"Предложение запроса","assistantresponses":"Ответы Помощника","collapse":"Свернуть","thumbsup":"Палец вверх","thumbsdown":"Палец вниз","refine":"Тонкая настройка","startover":"Начать сначала","helptopic":"раздел справки","agreement":"Я согласен с {EsriPrivacyStatement} (и {Supplement}).","esriprivacystatement":"Соглашение о конфиденциальности Esri","supplement":"Приложение","disclaimerpt2":"Ресурсы, создаваемые ИИ, могут быть неточными. Просмотрите перед использованием.","replaceineditor":"Заменить весь код в редакторе","keepinmind":"Помните о следующем:","beconsise":"Будьте кратки, но в то же время ясны в своем запросе","avoidambiguity":"Избегайте неоднозначности и неопределенности","documentation":"документация","useexamples":"Используйте примеры для уточнения запроса","moredetails":"Не обязательно использовать точные имена полей в инструкциях, но более подробная информация, как правило, лучше","seedocumentation":"Более подробную информацию, включая ограничения и дополнительные ресурсы, см. в {documentation}.","assistantinformation":"Информация о Помощнике","profilecontextlabel":"Контекст профиля: {profileId}","layercontextlabel":"Контекст слоя: {layerName}","numlayers":"{numLayers} {layerOrLayers}","numlayersplural":"слои","numlayerssingular":"слой","responsecontext":"Контекст ответа","error":"Ошибка","copytoclipboard":"Копировать код в буфер обмена","copyprompttoclipboard":"Копировать запрос в буфер обмена","copiedsuccessfully":"Скопировано успешно","helpful":"Полезно","unhelpful":"Бесполезно","prompsuggestion1":"Округлить значение до одного знака после запятой","prompsuggestion2":"Вернуть Да, если значение > 10","assistantcontext":"Ж_Assistant context__________________Я","context":"Ж_Context_______________Я","contextreduced":"Ж_Context reduced________________Я","contextreducedmessage":"Ж_Some profile variable values are too large to send to the assistant. They have been reduced to ensure a successful request_______________________________________________________________Я.","contexttoobig":"Ж_Context size exceeds the assistant's limit_______________________Я.","opencontextmenu":"Ж_Open context menu__________________Я","opencontextmenutitle":"Ж_Open context menu__________________Я","contexttoobigtitle":"Ж_Context size exceeds the assistant's limit. Use the checkboxes to reduce the size of the context__________________________________________________Я.","contextcalltoaction":"Ж_Use the checkboxes in the context menu to reduce the size of the context______________________________________Я.","contextitems":"Ж_context items______________Я","contextexplainer":"Ж_Context item counts are calculated from the relative size the variable will add to the assistant's context payload___________________________________________________________Я.","donotincludepersonalinfo":"Ж_Do not include personal or sensitive information_________________________Я","feedbackhelps":"Ж_Your feedback will be used to improve Esri products and services. {LearnMore} about how this data is used______________________________________________________Я.","interactiveblocks":"Ж_Interactive blocks___________________Я","legaldisclaimer":"Ж_Legal disclaimer_________________Я","cancel":"Ж_Cancel_____________Я"}