{"arcadeassistant":"Arcade-assistent","beta":"Beta","expressionapplied":"Udtryk anvendt på editor","askaquestion":"Angiv den beregning eller logik, du skal bruge i et Arcade-udtryk. (f.eks. returnér Ja, hvis værdi > 10)","enteraprompt":"Angiv en prompt","assistantresponse":"Assistent-svar","submitfeedback":"ø_Submit feedback to Esri________________________å","submit":"ø_Submit_____________å","addtoeditor":"Føj til editor","experiencehelpful":"Er du tilfreds med assistentens svar?","describeexperience":"Beskriv din oplevelse","besteffort":"Her er det bedste, assistenten kan gøre","ask":"Generér","disclaimercomment":"Udtryk, der er genereret af ArcGIS Arcade Assistant (beta)","feedback":"Feedback","erroroccurred":"Der opstod en fejl.","recentprompts":"Seneste prompter","generatingresponse":"Genererer svar...","introducing":"Vi præsenterer hermed Arcade Assistant (beta)","capabilities":"Assistenten bruger kunstig intelligens til at generere Arcade-udtryk.","aiassistants":"AI-assistenter","useofassistant":"ø_The assistant uses artificial intelligence to generate Arcade expressions. To enable Arcade Assistant (beta), the following must be true______________________________________________________________________å:","enabledinorg":"ø_AI assistants are enabled in the organization settings____________________________å","enabledbetaapps":"ø_Beta apps and capabilities are not blocked______________________å","enabledroleprivilege":"ø_Your role privilege allows you to use AI assistants___________________________å","configureassistants":"Konfigurér assistenter","settings":"Indstillinger","new":"Ny","learnmore":"Få mere at vide","welcome":"Velkommen til den nye assistent-oplevelse","beforeyougetstarted":"Før du går i gang, så vær opmærksom på følgende:","maybeincorrect":"AI-genereret kode kan nogle gange være forkert eller indeholde bias. Gennemgå den nøje.","pleasereadhelp":"Læs Arcade Assistant (beta) {helpTopic} for at komme i gang og lære om detaljer om sikkerhed, datasikkerhed og begrænsninger.","proceed":"Fortsæt","exit":"Afslut","promptsuggestions":"Forslag til prompt","promptsuggestion":"Forslag til prompt","assistantresponses":"Assistent-svar","collapse":"Skjul","thumbsup":"Tommelfinger opad","thumbsdown":"Tommelfinger nedad","refine":"Forfin","startover":"Start forfra","helptopic":"hjælp-emne","agreement":"Jeg accepterer {EsriPrivacyStatement} (og {Supplement}).","esriprivacystatement":"Esris erklæring om databeskyttelse","supplement":"Tillæg","disclaimerpt2":"AI-genereret indhold er muligvis unøjagtigt. Gennemse den før brug.","replaceineditor":"Udskift al kode i editor","keepinmind":"Husk følgende:","beconsise":"Vær præcis, men også tydelig i din anmodning","avoidambiguity":"Undgå flertydighed og vage vendiger","documentation":"dokumentation","useexamples":"Brug eksempler for at tydeliggøre din anmodning","moredetails":"Du behøver ikke bruge de nøjagtige feltnavne i dine instruktioner, men flere detaljer er generelt bedre","seedocumentation":"Se {documentation} for at få flere oplysninger, herunder begrænsninger og yderligere ressourcer.","assistantinformation":"Assistent-oplysninger","profilecontextlabel":"Profilkontekst: {profileId}","layercontextlabel":"Lagkontekst: {layerName}","numlayers":"{numLayers} {layerOrLayers}","numlayersplural":"lag","numlayerssingular":"lag","responsecontext":"Svarkontekst","error":"Fejl","copytoclipboard":"Kopiér kode til udklipsholder","copyprompttoclipboard":"Kopiér prompt til udklipsholder","copiedsuccessfully":"Kopiering fuldført","helpful":"Nyttige","unhelpful":"Ikke nyttigt","prompsuggestion1":"Afrund værdi til én decimal","prompsuggestion2":"Rreturnér Ja, hvis værdi > 10","assistantcontext":"ø_Assistant context__________________å","context":"ø_Context_______________å","contextreduced":"ø_Context reduced________________å","contextreducedmessage":"ø_Some profile variable values are too large to send to the assistant. They have been reduced to ensure a successful request_______________________________________________________________å.","contexttoobig":"ø_Context size exceeds the assistant's limit_______________________å.","opencontextmenu":"ø_Open context menu__________________å","opencontextmenutitle":"ø_Open context menu__________________å","contexttoobigtitle":"ø_Context size exceeds the assistant's limit. Use the checkboxes to reduce the size of the context__________________________________________________å.","contextcalltoaction":"ø_Use the checkboxes in the context menu to reduce the size of the context______________________________________å.","contextitems":"ø_context items______________å","contextexplainer":"ø_Context item counts are calculated from the relative size the variable will add to the assistant's context payload___________________________________________________________å.","donotincludepersonalinfo":"ø_Do not include personal or sensitive information_________________________å","feedbackhelps":"ø_Your feedback will be used to improve Esri products and services. {LearnMore} about how this data is used______________________________________________________å.","interactiveblocks":"ø_Interactive blocks___________________å","legaldisclaimer":"ø_Legal disclaimer_________________å","cancel":"ø_Cancel_____________å"}