{"arcadeassistant":"Asistent Arcade","beta":"Beta","expressionapplied":"Výraz použitý pro editor","askaquestion":"Zadejte výpočet nebo logiku, kterou potřebujete ve výrazu Arcade. (např., 'Return \"Yes\" if value > 10')","enteraprompt":"Zadejte prosím výzvu","assistantresponse":"Odpověď asistenta","submitfeedback":"Ř_Submit feedback to Esri________________________ů","submit":"Ř_Submit_____________ů","addtoeditor":"Přidat do editoru","experiencehelpful":"Jste s odpovědí asistenta spokojeni?","describeexperience":"Popište své zkušenosti","besteffort":"Zde je nejlepší možný výsledek asistenta","ask":"Generovat","disclaimercomment":"Výraz generovaný nástrojem ArcGIS Arcade Assistant (beta)","feedback":"Zpětná vazba","erroroccurred":"Nastala chyba.","recentprompts":"Poslední výzvy","generatingresponse":"Vytváření odpovědi...","introducing":"Představujeme asistenta Arcade Assistant (beta)","capabilities":"Tento asistent využívá umělou inteligenci k vytváření výrazů Arcade.","aiassistants":"AI asistenti","useofassistant":"Ř_The assistant uses artificial intelligence to generate Arcade expressions. To enable Arcade Assistant (beta), the following must be true______________________________________________________________________ů:","enabledinorg":"Ř_AI assistants are enabled in the organization settings____________________________ů","enabledbetaapps":"Ř_Beta apps and capabilities are not blocked______________________ů","enabledroleprivilege":"Ř_Your role privilege allows you to use AI assistants___________________________ů","configureassistants":"Konfigurace asistentů","settings":"Nastavení","new":"Nový","learnmore":"Další informace","welcome":"Vítejte v novém prostředí asistentů","beforeyougetstarted":"Než začnete, mějte na paměti:","maybeincorrect":"Kód generovaný umělou inteligencí může být občas nesprávný nebo zkreslený. Pečlivě jej kontrolujte.","pleasereadhelp":"Přečtěte si {helpTopic} Arcade Assistant (beta), abyste mohli začít a dozvěděli se podrobnosti o zabezpečení, soukromí a omezeních.","proceed":"Pokračovat","exit":"Konec","promptsuggestions":"Návrhy výzev","promptsuggestion":"Návrh výzvy","assistantresponses":"Odpovědi asistenta","collapse":"Sbalit","thumbsup":"Palec nahoru","thumbsdown":"Palec dolů","refine":"Upřesnit","startover":"Začít znovu","helptopic":"téma nápovědy","agreement":"Souhlasím s {EsriPrivacyStatement} (a {Supplement}).","esriprivacystatement":"Prohlášení o ochraně osobních údajů společnosti Esri","supplement":"Doplněk k ochraně osobních údajů","disclaimerpt2":"Obsah generovaný pomocí AI může být nepřesný. Před použitím kontrolujte.","replaceineditor":"Nahrazení veškerého kódu v editoru","keepinmind":"Mějte na paměti následující:","beconsise":"Buďte struční, ale také jasní ve svých požadavcích.","avoidambiguity":"Vyhněte se nejednoznačnosti a neurčitosti.","documentation":"dokumentace","useexamples":"Použijte příklady, abyste objasnili svůj požadavek","moredetails":"V pokynech nemusíte používat přesné názvy polí, ale obecně platí, že podrobnější názvy jsou lepší.","seedocumentation":"Další informace, včetně omezení a dalších zdrojů, naleznete v {documentation}.","assistantinformation":"Informace o asistentovi","profilecontextlabel":"Kontext profilu: {profileId}","layercontextlabel":"Kontext vrstvy: {layerName}","numlayers":"{numLayers} {layerOrLayers}","numlayersplural":"vrstvy","numlayerssingular":"vrstva","responsecontext":"Kontext odpovědi","error":"Chyba","copytoclipboard":"Zkopírovat kód do schránky","copyprompttoclipboard":"Zkopírovat výzvu do schránky","copiedsuccessfully":"Úspěšně zkopírováno","helpful":"Užitečné","unhelpful":"Neužitečné","prompsuggestion1":"Zaokrouhlení hodnoty na jedno desetinné místo","prompsuggestion2":"Vrátit Ano, pokud je hodnota > 10","assistantcontext":"Ř_Assistant context__________________ů","context":"Ř_Context_______________ů","contextreduced":"Ř_Context reduced________________ů","contextreducedmessage":"Ř_Some profile variable values are too large to send to the assistant. They have been reduced to ensure a successful request_______________________________________________________________ů.","contexttoobig":"Ř_Context size exceeds the assistant's limit_______________________ů.","opencontextmenu":"Ř_Open context menu__________________ů","opencontextmenutitle":"Ř_Open context menu__________________ů","contexttoobigtitle":"Ř_Context size exceeds the assistant's limit. Use the checkboxes to reduce the size of the context__________________________________________________ů.","contextcalltoaction":"Ř_Use the checkboxes in the context menu to reduce the size of the context______________________________________ů.","contextitems":"Ř_context items______________ů","contextexplainer":"Ř_Context item counts are calculated from the relative size the variable will add to the assistant's context payload___________________________________________________________ů.","donotincludepersonalinfo":"Ř_Do not include personal or sensitive information_________________________ů","feedbackhelps":"Ř_Your feedback will be used to improve Esri products and services. {LearnMore} about how this data is used______________________________________________________ů.","interactiveblocks":"Ř_Interactive blocks___________________ů","legaldisclaimer":"Ř_Legal disclaimer_________________ů","cancel":"Ř_Cancel_____________ů"}