{"arcadeassistant":"Arcade asistanı","beta":"Beta","expressionapplied":"Editor'a uygulanmış ifade","askaquestion":"Arcade ifadesinde ihtiyaç duyduğunuz hesaplamayı veya mantığı belirtin. (örn., Değer > 10 ise Evet yanıtını döndür)","enteraprompt":"Lütfen bir komut istemi girin","assistantresponse":"Asistan yanıtı","submitfeedback":"ı_Submit feedback to Esri________________________İ","submit":"ı_Submit_____________İ","addtoeditor":"Editor'a ekle","experiencehelpful":"Asistanın yanıtından memnun musunuz?","describeexperience":"Deneyiminizi açıklayın","besteffort":"İşte asistanın en iyi denemesi","ask":"Oluştur","disclaimercomment":"ArcGIS Arcade Asistanı (beta) tarafından üretilen ifade","feedback":"Geribildirim","erroroccurred":"Hata oluştu.","recentprompts":"Yakın zamanlı komut istemleri","generatingresponse":"Yanıt oluşturuluyor...","introducing":"Arcade Asistanı (Beta) karşınızda","capabilities":"Bu asistan Arcade ifadeleri üretmek için yapay zekayı kullanır.","aiassistants":"Yapay zeka asistanları","useofassistant":"ı_The assistant uses artificial intelligence to generate Arcade expressions. To enable Arcade Assistant (beta), the following must be true______________________________________________________________________İ:","enabledinorg":"ı_AI assistants are enabled in the organization settings____________________________İ","enabledbetaapps":"ı_Beta apps and capabilities are not blocked______________________İ","enabledroleprivilege":"ı_Your role privilege allows you to use AI assistants___________________________İ","configureassistants":"Asistanları yapılandır","settings":"Ayarlar","new":"Yeni","learnmore":"Daha fazla bilgi","welcome":"Yeni asistan deneyimine hoş geldiniz","beforeyougetstarted":"Başlamadan önce şunu unutmayın:","maybeincorrect":"Yapay zeka tarafından üretilen kodlar bazen hatalı veya önyargılı olabilir. Dikkatlice inceleyin.","pleasereadhelp":"Başlamak için Arcade Assistant (beta) {helpTopic}'yi okuyun ve güvenlik, gizlilik ve sınırlamalarla ilgili ayrıntıları öğrenin.","proceed":"Devam Et","exit":"Çıkış","promptsuggestions":"Hızlı öneriler","promptsuggestion":"Hızlı öneri","assistantresponses":"Asistan yanıtları","collapse":"Daralt","thumbsup":"Baş parmak yukarı","thumbsdown":"Baş parmak aşağı","refine":"İyileştir","startover":"Yeniden başla","helptopic":"yardım konu başlığı","agreement":"{EsriPrivacyStatement}'ı (ve {Supplement}) onaylıyorum.","esriprivacystatement":"Esri Gizlilik Bildirimi","supplement":"Ek","disclaimerpt2":"Yapay zeka tarafından oluşturulan içerik yanlış olabilir. Kullanmadan önce inceleyin.","replaceineditor":"Editor'de tüm kodları değiştir","keepinmind":"Aşağıdakileri aklınızda tutun:","beconsise":"Talebinizde kısa ve öz ve aynı zamanda net olun.","avoidambiguity":"Belirsizlik ve muğlaklıktan kaçının","documentation":"belgeler","useexamples":"Talebinizi netleştirmek için örnekler kullanın","moredetails":"Talimatlarınızda tam alan adlarını kullanmanız gerekmez ancak genellikle daha fazla ayrıntı daha iyidir.","seedocumentation":"Sınırlamalar ve ek kaynaklar dahil olmak üzere daha fazla bilgi için lütfen bkz. {documentation}.","assistantinformation":"Asistan bilgileri","profilecontextlabel":"Profil bağlamı: {profileId}","layercontextlabel":"Katman bağlamı: {layerName}","numlayers":"{numLayers} {layerOrLayers}","numlayersplural":"katmanlar","numlayerssingular":"katman","responsecontext":"Yanıt bağlamı","error":"Hata","copytoclipboard":"Kodu panoya kopyala","copyprompttoclipboard":"İstemi panoya kopyala","copiedsuccessfully":"Başarıyla kopyalandı","helpful":"Faydalı","unhelpful":"Faydasız","prompsuggestion1":"Değeri bir ondalık basamağa yuvarla","prompsuggestion2":"Değer > 10 ise Evet yanıtını döndür","assistantcontext":"ı_Assistant context__________________İ","context":"ı_Context_______________İ","contextreduced":"ı_Context reduced________________İ","contextreducedmessage":"ı_Some profile variable values are too large to send to the assistant. They have been reduced to ensure a successful request_______________________________________________________________İ.","contexttoobig":"ı_Context size exceeds the assistant's limit_______________________İ.","opencontextmenu":"ı_Open context menu__________________İ","opencontextmenutitle":"ı_Open context menu__________________İ","contexttoobigtitle":"ı_Context size exceeds the assistant's limit. Use the checkboxes to reduce the size of the context__________________________________________________İ.","contextcalltoaction":"ı_Use the checkboxes in the context menu to reduce the size of the context______________________________________İ.","contextitems":"ı_context items______________İ","contextexplainer":"ı_Context item counts are calculated from the relative size the variable will add to the assistant's context payload___________________________________________________________İ.","donotincludepersonalinfo":"ı_Do not include personal or sensitive information_________________________İ","feedbackhelps":"ı_Your feedback will be used to improve Esri products and services. {LearnMore} about how this data is used______________________________________________________İ.","interactiveblocks":"ı_Interactive blocks___________________İ","legaldisclaimer":"ı_Legal disclaimer_________________İ","cancel":"ı_Cancel_____________İ"}