{"arcadeassistant":"Assistente do Arcade","beta":"Beta","expressionapplied":"Expressão aplicada ao editor","askaquestion":"Especifique o cálculo ou a lógica necessária em uma expressão do Arcade. (por exemplo, Retornar Sim se o valor > 10')","enteraprompt":"Inserir um lembrete","assistantresponse":"Resposta do assistente","submitfeedback":"ã_Submit feedback to Esri________________________Ç","submit":"ã_Submit_____________Ç","addtoeditor":"Adicionar ao editor","experiencehelpful":"Você está satisfeito com a resposta do assistente?","describeexperience":"Descreva sua experiência","besteffort":"Aqui está o melhor esforço do assistente","ask":"Gerar","disclaimercomment":"Expressão gerada pelo ArcGIS Arcade Assistant (beta)","feedback":"Comentário","erroroccurred":"Ocorreu um erro.","recentprompts":"Prompts recentes","generatingresponse":"Gerando resposta...","introducing":"Introdução ao Arcade Assistant (beta)","capabilities":"O assistente usa inteligência artificial para gerar expressões Arcade.","aiassistants":"Assistentes de IA","useofassistant":"ã_The assistant uses artificial intelligence to generate Arcade expressions. To enable Arcade Assistant (beta), the following must be true______________________________________________________________________Ç:","enabledinorg":"ã_AI assistants are enabled in the organization settings____________________________Ç","enabledbetaapps":"ã_Beta apps and capabilities are not blocked______________________Ç","enabledroleprivilege":"ã_Your role privilege allows you to use AI assistants___________________________Ç","configureassistants":"Configurar assistentes","settings":"Configurações","new":"Novo","learnmore":"Saiba mais","welcome":"Bem-Vindo à nova experiência de assistente","beforeyougetstarted":"Antes de iniciar esteja ciente:","maybeincorrect":"O código gerado pela IA pode ocasionalmente estar incorreto ou tendencioso. Revise com cuidado.","pleasereadhelp":"Leia o Arcade Assistant (beta) {helpTopic} para começar e aprender detalhes sobre segurança, privacidade e limitações.","proceed":"Prosseguir","exit":"Sair","promptsuggestions":"Sugestões rápidas","promptsuggestion":"Sugestão rápida","assistantresponses":"Respostas do assistente","collapse":"Recolher","thumbsup":"Polegares para cima","thumbsdown":"Polegares para baixo","refine":"Refinar","startover":"Começar novamente","helptopic":"tópico de ajuda","agreement":"Eu concordo com {EsriPrivacyStatement} (e {Supplement}).","esriprivacystatement":"Declaração de Privacidade da Esri","supplement":"Suplementos","disclaimerpt2":"O conteúdo gerado por IA pode ser impreciso. Revise antes de usar.","replaceineditor":"Substitua todo o código no editor","keepinmind":"Tenha em mente o seguinte:","beconsise":"Seja conciso, mas também claro em sua solicitação","avoidambiguity":"Evite ambiguidade e imprecisão","documentation":"documentação","useexamples":"Use exemplos para esclarecer sua solicitação","moredetails":"Você não precisa usar nomes de campo exatos em suas instruções, porém mais detalhes geralmente são melhores","seedocumentation":"Consulte {documentation} para obter mais informações, incluindo limitações e recursos adicionais.","assistantinformation":"Informações do assistente","profilecontextlabel":"Contexto do perfil: {profileId}","layercontextlabel":"Contexto da camada: {layerName}","numlayers":"{numLayers} {layerOrLayers}","numlayersplural":"camadas","numlayerssingular":"camada","responsecontext":"Contexto da resposta","error":"Erro","copytoclipboard":"Copiar código na área de transferência","copyprompttoclipboard":"Copiar lembrete na área de transferência","copiedsuccessfully":"Copiado com sucesso","helpful":"Útil","unhelpful":"Inútil","prompsuggestion1":"Arredondar valor para uma casa decimal","prompsuggestion2":"Retorna Sim se o valor > 10","assistantcontext":"ã_Assistant context__________________Ç","context":"ã_Context_______________Ç","contextreduced":"ã_Context reduced________________Ç","contextreducedmessage":"ã_Some profile variable values are too large to send to the assistant. They have been reduced to ensure a successful request_______________________________________________________________Ç.","contexttoobig":"ã_Context size exceeds the assistant's limit_______________________Ç.","opencontextmenu":"ã_Open context menu__________________Ç","opencontextmenutitle":"ã_Open context menu__________________Ç","contexttoobigtitle":"ã_Context size exceeds the assistant's limit. Use the checkboxes to reduce the size of the context__________________________________________________Ç.","contextcalltoaction":"ã_Use the checkboxes in the context menu to reduce the size of the context______________________________________Ç.","contextitems":"ã_context items______________Ç","contextexplainer":"ã_Context item counts are calculated from the relative size the variable will add to the assistant's context payload___________________________________________________________Ç.","donotincludepersonalinfo":"ã_Do not include personal or sensitive information_________________________Ç","feedbackhelps":"ã_Your feedback will be used to improve Esri products and services. {LearnMore} about how this data is used______________________________________________________Ç.","interactiveblocks":"ã_Interactive blocks___________________Ç","legaldisclaimer":"ã_Legal disclaimer_________________Ç","cancel":"ã_Cancel_____________Ç"}