{"arcadeassistant":"Assistente Arcade","beta":"Beta","expressionapplied":"Espressione applicata all'editor","askaquestion":"Specifica il calcolo o la logica di cui hai bisogno in un'espressione Arcade. (ad es., Restituisci 'Sì' se il valore è maggiore di 10)","enteraprompt":"Inserisci un prompt","assistantresponse":"Risposta dell'assistente","submitfeedback":"é_Submit feedback to Esri________________________È","submit":"é_Submit_____________È","addtoeditor":"Aggiungi all'editor.","experiencehelpful":"Sei soddisfatto della risposta dell'assistente?","describeexperience":"Descrivi la tua esperienza","besteffort":"Ecco il miglior risultato ottenuto dall'assistente.","ask":"Genera","disclaimercomment":"Espressione generata da ArcGIS Arcade Assistant (beta)","feedback":"Commenti e suggerimenti","erroroccurred":"Si è verificato un errore.","recentprompts":"Prompt recenti","generatingresponse":"Generazione della risposta in corso...","introducing":"Presentazione di Arcade Assistant (beta)","capabilities":"L'assistente utilizza l'intelligenza artificiale per generare espressioni Arcade.","aiassistants":"Assistenti IA","useofassistant":"é_The assistant uses artificial intelligence to generate Arcade expressions. To enable Arcade Assistant (beta), the following must be true______________________________________________________________________È:","enabledinorg":"é_AI assistants are enabled in the organization settings____________________________È","enabledbetaapps":"é_Beta apps and capabilities are not blocked______________________È","enabledroleprivilege":"é_Your role privilege allows you to use AI assistants___________________________È","configureassistants":"Configurare gli assistenti","settings":"Impostazioni","new":"Nuovo","learnmore":"Ulteriori informazioni","welcome":"Benvenuti nella nuova esperienza degli assistenti","beforeyougetstarted":"Prima di iniziare, tenere presente quanto segue:","maybeincorrect":"Il codice generato dalla IA può essere inaccurato o distorto. Esaminarlo con cautela.","pleasereadhelp":"Leggere il {helpTopic} di Arcade Assistant (beta) per iniziare e imparare i dettagli su sicurezza, privacy e limitazioni.","proceed":"Continua","exit":"Esci","promptsuggestions":"Suggerimenti rapidi","promptsuggestion":"Suggerimento rapido","assistantresponses":"Risposte dell'assistente","collapse":"Comprimi","thumbsup":"Pollice in su","thumbsdown":"Pollice in giù","refine":"Affina","startover":"Ricomincia","helptopic":"argomento di guida","agreement":"Accetto l'{EsriPrivacyStatement} (e {Supplement}).","esriprivacystatement":"Informativa sulla privacy di Esri","supplement":"Informativa supplementare","disclaimerpt2":"Il contenuto generato dall'IA può essere inaccurato. Esaminare prima dell'uso.","replaceineditor":"Sostituisci tutto il codice nell'editor","keepinmind":"Tenere presente quanto segue:","beconsise":"La richiesta deve essere concisa e chiara","avoidambiguity":"Evitare ambiguità e vaghezza","documentation":"documentazione","useexamples":"Utilizzare esempi per rendere chiara la richiesta","moredetails":"Non è necessario utilizzare i nomi esatti dei campi nelle istruzioni, ma più sono i dettagli, meglio è","seedocumentation":"Consultare la {documentation} per maggiori informazioni, incluse le limitazioni e le risorse aggiuntive.","assistantinformation":"Informazioni assistente","profilecontextlabel":"Contesto del profilo: {profileId}","layercontextlabel":"Contesto del layer: {layerName}","numlayers":"{numLayers} {layerOrLayers}","numlayersplural":"layer","numlayerssingular":"layer","responsecontext":"Contesto della risposta","error":"Errore","copytoclipboard":"Copia codice negli appunti","copyprompttoclipboard":"Copia prompt negli appunti","copiedsuccessfully":"Copiato correttamente","helpful":"Utile","unhelpful":"Non utile","prompsuggestion1":"Arrotonda il valore a una posizione decimale","prompsuggestion2":"Restituisci Sì se il valore è maggiore di 10","assistantcontext":"é_Assistant context__________________È","context":"é_Context_______________È","contextreduced":"é_Context reduced________________È","contextreducedmessage":"é_Some profile variable values are too large to send to the assistant. They have been reduced to ensure a successful request_______________________________________________________________È.","contexttoobig":"é_Context size exceeds the assistant's limit_______________________È.","opencontextmenu":"é_Open context menu__________________È","opencontextmenutitle":"é_Open context menu__________________È","contexttoobigtitle":"é_Context size exceeds the assistant's limit. Use the checkboxes to reduce the size of the context__________________________________________________È.","contextcalltoaction":"é_Use the checkboxes in the context menu to reduce the size of the context______________________________________È.","contextitems":"é_context items______________È","contextexplainer":"é_Context item counts are calculated from the relative size the variable will add to the assistant's context payload___________________________________________________________È.","donotincludepersonalinfo":"é_Do not include personal or sensitive information_________________________È","feedbackhelps":"é_Your feedback will be used to improve Esri products and services. {LearnMore} about how this data is used______________________________________________________È.","interactiveblocks":"é_Interactive blocks___________________È","legaldisclaimer":"é_Legal disclaimer_________________È","cancel":"é_Cancel_____________È"}