{"arcadeassistant":"Assistant Arcade","beta":"Bêta","expressionapplied":"Expression appliquée à l’éditeur","askaquestion":"Indiquez le calcul ou la logique dont vous avez besoin dans une expression Arcade. (Par exemple, Renvoyer Oui si valeur > 10)","enteraprompt":"Saisissez une instruction","assistantresponse":"Réponse de l’assistant","submitfeedback":"æ_Submit feedback to Esri________________________Â","submit":"æ_Submit_____________Â","addtoeditor":"Ajouter à l’éditeur","experiencehelpful":"Êtes-vous satisfait de la réponse de l’assistant ?","describeexperience":"Décrire votre expérience","besteffort":"Voici la meilleure réponse proposée par l’assistant","ask":"Générer","disclaimercomment":"Expression générée par l’assistant ArcGIS Arcade (bêta)","feedback":"Commentaires","erroroccurred":"Une erreur s’est produite.","recentprompts":"Instructions récentes","generatingresponse":"Génération de la réponse…","introducing":"Présentation de l’assistant Arcade (bêta)","capabilities":"L’assistant utilise l’intelligence artificielle pour générer des expressions Arcade.","aiassistants":"Assistants IA","useofassistant":"æ_The assistant uses artificial intelligence to generate Arcade expressions. To enable Arcade Assistant (beta), the following must be true______________________________________________________________________Â:","enabledinorg":"æ_AI assistants are enabled in the organization settings____________________________Â","enabledbetaapps":"æ_Beta apps and capabilities are not blocked______________________Â","enabledroleprivilege":"æ_Your role privilege allows you to use AI assistants___________________________Â","configureassistants":"Configurer des assistants","settings":"Paramètres","new":"Nouveau","learnmore":"En savoir plus","welcome":"Bienvenue dans la nouvelle expérience d’assistant","beforeyougetstarted":"Avant de commencer, prenez note des points suivants :","maybeincorrect":"Le code généré par l’IA est susceptible d’être parfois incorrect ou inexact. Examinez-le attentivement.","pleasereadhelp":"Lisez l’Assistant Arcade (bêta) {helpTopic} pour commencer et découvrir des détails sur la sécurité, la confidentialité et les limitations.","proceed":"Continuer","exit":"Quitter","promptsuggestions":"Suggestions de prompts","promptsuggestion":"Suggestion de prompt","assistantresponses":"Réponse de l’assistant","collapse":"Réduire","thumbsup":"Pouce levé","thumbsdown":"Pouce baissé","refine":"Affiner","startover":"Recommencer","helptopic":"rubrique d’aide","agreement":"J’accepte la {EsriPrivacyStatement} (et son {Supplement}).","esriprivacystatement":"déclaration de confidentialité Esri","supplement":"supplément","disclaimerpt2":"Le contenu généré par IA est susceptible d’être inexact. Examinez-le avant utilisation.","replaceineditor":"Remplacer tout le code dans l’éditeur","keepinmind":"Gardez ce qui suit à l’esprit :","beconsise":"Formulez votre demande de manière claire et concise","avoidambiguity":"Évitez les ambiguïtés et les imprécisions","documentation":"documentation","useexamples":"Utilisez des exemples pour clarifier votre demande","moredetails":"Vous n’êtes pas obligé d’utiliser les noms de champs exacts dans vos instructions, mais plus vous fournissez de détails, mieux c’est, généralement","seedocumentation":"Pour plus d’informations, y compris les limitations et ressources supplémentaires, reportez-vous à la {documentation}.","assistantinformation":"Informations sur l’assistant","profilecontextlabel":"Contexte du profil : {profileId}","layercontextlabel":"Contexte de la couche : {layerName}","numlayers":"{numLayers} {layerOrLayers}","numlayersplural":"couches","numlayerssingular":"couche","responsecontext":"Contexte de la réponse","error":"Erreur","copytoclipboard":"Copier le code dans le Presse-papiers","copyprompttoclipboard":"Copier le prompt dans le Presse-papiers","copiedsuccessfully":"Copie réussie","helpful":"Utile","unhelpful":"Pas utile","prompsuggestion1":"Valeur arrondie à une décimale","prompsuggestion2":"Renvoyer Oui si valeur > 10","assistantcontext":"æ_Assistant context__________________Â","context":"æ_Context_______________Â","contextreduced":"æ_Context reduced________________Â","contextreducedmessage":"æ_Some profile variable values are too large to send to the assistant. They have been reduced to ensure a successful request_______________________________________________________________Â.","contexttoobig":"æ_Context size exceeds the assistant's limit_______________________Â.","opencontextmenu":"æ_Open context menu__________________Â","opencontextmenutitle":"æ_Open context menu__________________Â","contexttoobigtitle":"æ_Context size exceeds the assistant's limit. Use the checkboxes to reduce the size of the context__________________________________________________Â.","contextcalltoaction":"æ_Use the checkboxes in the context menu to reduce the size of the context______________________________________Â.","contextitems":"æ_context items______________Â","contextexplainer":"æ_Context item counts are calculated from the relative size the variable will add to the assistant's context payload___________________________________________________________Â.","donotincludepersonalinfo":"æ_Do not include personal or sensitive information_________________________Â","feedbackhelps":"æ_Your feedback will be used to improve Esri products and services. {LearnMore} about how this data is used______________________________________________________Â.","interactiveblocks":"æ_Interactive blocks___________________Â","legaldisclaimer":"æ_Legal disclaimer_________________Â","cancel":"æ_Cancel_____________Â"}