{"arcadeassistant":"Arcade asistents","beta":"Beta","expressionapplied":"Šī izteiksme ir piemērota redaktoram","askaquestion":"Norādiet aprēķinu vai loģiku, kas jums nepieciešama Arcade izteiksmē. (piem., 'Atgriezt \"Jā\", ja vērtība > 10')","enteraprompt":"Lūdzu, ievadiet uzvedni","assistantresponse":"Asistenta atbilde","submitfeedback":"ķ_Submit feedback to Esri________________________ū","submit":"ķ_Submit_____________ū","addtoeditor":"Pievienot redaktoram","experiencehelpful":"Vai esat apmierināts ar asistenta atbildi?","describeexperience":"Raksturojiet savu pieredzi","besteffort":"Šis ir asistenta labākais mēģinājums","ask":"Ģenerēt","disclaimercomment":"Izteiksme, ko ģenerējis ArcGIS Arcade Assistant (beta)","feedback":"Atsauksmes","erroroccurred":"Radās kļūda.","recentprompts":"Nesenās uzvednes","generatingresponse":"Ģenerē atbildi...","introducing":"Iepazīstinām ar Arcade Assistant (beta)","capabilities":"Asistents izmanto mākslīgo intelektu, lai ģenerētu Arcade izteiksmes.","aiassistants":"MI asistenti","useofassistant":"ķ_The assistant uses artificial intelligence to generate Arcade expressions. To enable Arcade Assistant (beta), the following must be true______________________________________________________________________ū:","enabledinorg":"ķ_AI assistants are enabled in the organization settings____________________________ū","enabledbetaapps":"ķ_Beta apps and capabilities are not blocked______________________ū","enabledroleprivilege":"ķ_Your role privilege allows you to use AI assistants___________________________ū","configureassistants":"Konfigurēt asistentus","settings":"Iestatījumi","new":"Jauns","learnmore":"Uzzināt vairāk","welcome":"Laipni lūdzam jaunajā asistenta pieredzē","beforeyougetstarted":"Pirms sākat, ņemiet vērā:","maybeincorrect":"AI ģenerētais kods reizēm var būt nepareizs vai neobjektīvs. Rūpīgi pārskatiet.","pleasereadhelp":"Izlasiet Arcade Assistant (beta) {helpTopic}, lai sāktu darbu un uzzinātu informāciju par drošību, privātumu un ierobežojumiem.","proceed":"Turpināt","exit":"Iziet","promptsuggestions":"Uzvednes ieteikumi:","promptsuggestion":"Uzvednes ieteikums","assistantresponses":"Asistenta atbildes","collapse":"Sakļaut","thumbsup":"Īkšķis uz augšu","thumbsdown":"Īkšķis uz leju","refine":"Uzlabot","startover":"Sākt vēlreiz","helptopic":"palīdzības tēma","agreement":"Es piekrītu {EsriPrivacyStatement} (un {Supplement}).","esriprivacystatement":"Esri privātuma atruna","supplement":"Papildinājums","disclaimerpt2":"Mākslīgā intelekta ģenerētais saturs var būt neprecīzs. Pārskatiet pirms izmantošanas.","replaceineditor":"Aizstāt visu kodu redaktorā","keepinmind":"Ņemiet vērā sekojošo:","beconsise":"Esi kodolīgs, bet arī skaidrs savā pieprasījumā","avoidambiguity":"Izvairieties no neskaidrības un nenoteiktības","documentation":"dokumentācija","useexamples":"Lai skaidrotu savu pieprasījumu, izmantojiet piemērus","moredetails":"Nav nepieciešams izmantot precīzus lauku nosaukumus savos norādījumos, bet parasti vairāk informācijas ir labāk","seedocumentation":"Lūdzu, skatiet {documentation} papildu informācijai, tostarp par ierobežojumiem un papildresursiem.","assistantinformation":"Asistenta informācija","profilecontextlabel":"Profila konteksts: {profileId}","layercontextlabel":"Slāņa konteksts: {layerName}","numlayers":"{numLayers} {layerOrLayers}","numlayersplural":"slāņi","numlayerssingular":"slānis","responsecontext":"Atbildes konteksts","error":"Kļūda","copytoclipboard":"Kopēt kodu starpliktuvē","copyprompttoclipboard":"Kopēt uzvedni starpliktuvē","copiedsuccessfully":"Nokopēts veiksmīgi","helpful":"Noderīgi","unhelpful":"Nesniedz palīdzību","prompsuggestion1":"Noapaļot vērtību līdz vienam ciparam aiz komata","prompsuggestion2":"Atgriezt \"Jā\", ja vērtība > 10","assistantcontext":"ķ_Assistant context__________________ū","context":"ķ_Context_______________ū","contextreduced":"ķ_Context reduced________________ū","contextreducedmessage":"ķ_Some profile variable values are too large to send to the assistant. They have been reduced to ensure a successful request_______________________________________________________________ū.","contexttoobig":"ķ_Context size exceeds the assistant's limit_______________________ū.","opencontextmenu":"ķ_Open context menu__________________ū","opencontextmenutitle":"ķ_Open context menu__________________ū","contexttoobigtitle":"ķ_Context size exceeds the assistant's limit. Use the checkboxes to reduce the size of the context__________________________________________________ū.","contextcalltoaction":"ķ_Use the checkboxes in the context menu to reduce the size of the context______________________________________ū.","contextitems":"ķ_context items______________ū","contextexplainer":"ķ_Context item counts are calculated from the relative size the variable will add to the assistant's context payload___________________________________________________________ū.","donotincludepersonalinfo":"ķ_Do not include personal or sensitive information_________________________ū","feedbackhelps":"ķ_Your feedback will be used to improve Esri products and services. {LearnMore} about how this data is used______________________________________________________ū.","interactiveblocks":"ķ_Interactive blocks___________________ū","legaldisclaimer":"ķ_Legal disclaimer_________________ū","cancel":"ķ_Cancel_____________ū"}