{"arcadeassistant":"Асистент Arcade","beta":"Бета","expressionapplied":"Вираз застосовано до редактора","askaquestion":"Вказати обчислення або логіку, які потрібно у виразі Arcade. (н-д, «Повернути \"Так\", якщо значення > 10»)","enteraprompt":"Введіть запит","assistantresponse":"Відповідь асистента","submitfeedback":"ґ_Submit feedback to Esri________________________Ї","submit":"ґ_Submit_____________Ї","addtoeditor":"Додати до редактора","experiencehelpful":"Ви задоволені відповіддю асистента?","describeexperience":"Опишіть свій досвід","besteffort":"Тут наведено найкращі із запропонованих асистентом варіантів","ask":"Згенерувати","disclaimercomment":"Вираз згенеровано Асистентом ArcGIS Arcade (бета)","feedback":"Відгук","erroroccurred":"Сталася помилка.","recentprompts":"Нещодавні запити","generatingresponse":"Виконується генерування відповіді...","introducing":"Знайомство з асистентом Arcade","capabilities":"Асистентом використовується штучний інтелект для генерування виразів Arcade.","aiassistants":"Асистенти ШІ","useofassistant":"ґ_The assistant uses artificial intelligence to generate Arcade expressions. To enable Arcade Assistant (beta), the following must be true______________________________________________________________________Ї:","enabledinorg":"ґ_AI assistants are enabled in the organization settings____________________________Ї","enabledbetaapps":"ґ_Beta apps and capabilities are not blocked______________________Ї","enabledroleprivilege":"ґ_Your role privilege allows you to use AI assistants___________________________Ї","configureassistants":"Налаштувати асистентів","settings":"Налаштування","new":"Новий","learnmore":"Дізнатись більше","welcome":"Вітаємо в новому інтерфейсі асистента","beforeyougetstarted":"Перед початком роботи майте на увазі:","maybeincorrect":"Код, створений ШІ, інколи може бути неправильним або мати систематичні помилки. Перегляньте уважно.","pleasereadhelp":"Ознайомтеся з {helpTopic} Асистента Arcade (бета), щоб розпочати роботу, і дізнайтеся відомості щодо безпеки, конфіденційності й обмежень.","proceed":"Продовжити","exit":"Вийти","promptsuggestions":"Пропозиції запиту","promptsuggestion":"Пропозиція запиту","assistantresponses":"Відповіді асистента","collapse":"Згорнути","thumbsup":"Жест «Подобається»","thumbsdown":"Жест «Не подобається»","refine":"Уточнити","startover":"Розпочати заново","helptopic":"розділ довідки","agreement":"Я погоджуюся {EsriPrivacyStatement} (та {Supplement}).","esriprivacystatement":"Декларація про конфіденційність Esri","supplement":"Додаток","disclaimerpt2":"Вміст, створений ШІ, може бути неточним. Ознайомтеся перед використанням.","replaceineditor":"Замінити весь код у редакторі","keepinmind":"Зверніть увагу на таке:","beconsise":"Запит має бути лаконічним або зрозумілим","avoidambiguity":"Уникайте неоднозначності та невизначеності","documentation":"документація","useexamples":"Використовуйте приклади для уточнення запиту","moredetails":"Не потрібно в інструкціях використовувати точні імена полів, але зазвичай що більше деталей, то краще","seedocumentation":"Ознайомтеся з {documentation} для отримання додаткової інформації, зокрема про обмеження і додаткові ресурси.","assistantinformation":"Інформація асистента","profilecontextlabel":"Контекст профілю: {profileId}","layercontextlabel":"Контекст шару: {layerName}","numlayers":"{numLayers} {layerOrLayers}","numlayersplural":"шари","numlayerssingular":"шар","responsecontext":"Контекст відповіді","error":"Помилка","copytoclipboard":"Копіювати код у буфер обміну","copyprompttoclipboard":"Копіювати запит до буферу обміну","copiedsuccessfully":"Копіювання успішне","helpful":"Корисні","unhelpful":"Без користі","prompsuggestion1":"Округлити значення до одного десяткового знака","prompsuggestion2":"Повернути \"Так\", якщо значення > 10","assistantcontext":"ґ_Assistant context__________________Ї","context":"ґ_Context_______________Ї","contextreduced":"ґ_Context reduced________________Ї","contextreducedmessage":"ґ_Some profile variable values are too large to send to the assistant. They have been reduced to ensure a successful request_______________________________________________________________Ї.","contexttoobig":"ґ_Context size exceeds the assistant's limit_______________________Ї.","opencontextmenu":"ґ_Open context menu__________________Ї","opencontextmenutitle":"ґ_Open context menu__________________Ї","contexttoobigtitle":"ґ_Context size exceeds the assistant's limit. Use the checkboxes to reduce the size of the context__________________________________________________Ї.","contextcalltoaction":"ґ_Use the checkboxes in the context menu to reduce the size of the context______________________________________Ї.","contextitems":"ґ_context items______________Ї","contextexplainer":"ґ_Context item counts are calculated from the relative size the variable will add to the assistant's context payload___________________________________________________________Ї.","donotincludepersonalinfo":"ґ_Do not include personal or sensitive information_________________________Ї","feedbackhelps":"ґ_Your feedback will be used to improve Esri products and services. {LearnMore} about how this data is used______________________________________________________Ї.","interactiveblocks":"ґ_Interactive blocks___________________Ї","legaldisclaimer":"ґ_Legal disclaimer_________________Ї","cancel":"ґ_Cancel_____________Ї"}