{"arcadeassistant":"Trợ lý Arcade","beta":"Thử nghiệm","expressionapplied":"Biểu thức được áp dụng cho trình biên tập","askaquestion":"Xác định phép tính hoặc logic bạn cần trong biểu thức Arcade. (ví dụ: Trả về Yes nếu giá trị > 10)","enteraprompt":"Vui lòng nhập lời nhắc","assistantresponse":"Phản hồi của trợ lý","submitfeedback":"Đ_Submit feedback to Esri________________________ớ","submit":"Đ_Submit_____________ớ","addtoeditor":"Thêm vào trình biên tập","experiencehelpful":"Bạn có hài lòng với phản hồi của trợ lý không?","describeexperience":"Mô tả trải nghiệm","besteffort":"Phản hồi dưới đây là kết quả tốt nhất trợ lý có thể đưa ra","ask":"Tạo","disclaimercomment":"Biểu thức do Trợ lý ArcGIS Arcade tạo (beta)","feedback":"Ý kiến phản hồi","erroroccurred":"Đã xảy ra lỗi.","recentprompts":"Lời nhắc gần đây","generatingresponse":"Đang tạo phản hồi...","introducing":"Giới thiệu về Trợ lý Arcade (beta)","capabilities":"Trợ lý sử dụng trí tuệ nhân tạo để tạo biểu thức Arcade.","aiassistants":"Trợ lý AI","useofassistant":"Đ_The assistant uses artificial intelligence to generate Arcade expressions. To enable Arcade Assistant (beta), the following must be true______________________________________________________________________ớ:","enabledinorg":"Đ_AI assistants are enabled in the organization settings____________________________ớ","enabledbetaapps":"Đ_Beta apps and capabilities are not blocked______________________ớ","enabledroleprivilege":"Đ_Your role privilege allows you to use AI assistants___________________________ớ","configureassistants":"Cấu hình trợ lý","settings":"Thiết lập","new":"Mới","learnmore":"Tìm hiểu thêm","welcome":"Chào mừng bạn đến với trải nghiệm trợ lý mới","beforeyougetstarted":"Trước khi bạn bắt đầu, hãy chú ý:","maybeincorrect":"Mã tạo bằng AI đôi khi có thể không chính xác hoặc sai lệch. Vui lòng xem lại kỹ.","pleasereadhelp":"Đọc {helpTopic} về Trợ lý Arcade (beta) để bắt đầu và tìm hiểu chi tiết về tính bảo mật, quyền riêng tư và hạn chế.","proceed":"Tiếp tục","exit":"Thoát","promptsuggestions":"Các đề xuất câu lệnh","promptsuggestion":"Đề xuất câu lệnh","assistantresponses":"Phản hồi của trợ lý","collapse":"Thu gọn","thumbsup":"Giơ ngón cái lên","thumbsdown":"Trỏ ngón cái xuống","refine":"Tinh chỉnh","startover":"Bắt đầu lại","helptopic":"chủ đề trợ giúp","agreement":"Tôi đồng ý với {EsriPrivacyStatement} (và {Supplement}).","esriprivacystatement":"Tuyên bố về Quyền riêng tư của Esri","supplement":"Phụ lục","disclaimerpt2":"Nội dung do AI tạo có thể không chính xác. Xem lại trước khi sử dụng.","replaceineditor":"Thay thế tất cả mã trong trình chỉnh sửa","keepinmind":"Lưu ý những điều sau đây:","beconsise":"Yêu cầu ngắn gọn nhưng rõ ràng","avoidambiguity":"Tránh tối nghĩa và không rõ ràng","documentation":"tài liệu","useexamples":"Dùng ví dụ để làm rõ yêu cầu","moredetails":"Bạn không cần sử dụng tên trường chính xác trong hướng dẫn, nhưng càng chi tiết càng tốt","seedocumentation":"Vui lòng xem {documentation} để biết thêm thông tin, bao gồm hạn chế và tài nguyên bổ sung.","assistantinformation":"Thông tin về trợ lý","profilecontextlabel":"Ngữ cảnh hồ sơ: {profileId}","layercontextlabel":"Ngữ cảnh lớp: {layerName}","numlayers":"{numLayers} {layerOrLayers}","numlayersplural":"các lớp","numlayerssingular":"lớp","responsecontext":"Ngữ cảnh phản hồi","error":"Lỗi","copytoclipboard":"Sao chép mã vào bảng nhớ tạm","copyprompttoclipboard":"Sao chép câu lệnh vào bảng nhớ tạm","copiedsuccessfully":"Đã sao chép thành công","helpful":"Hữu ích","unhelpful":"Không hữu ích","prompsuggestion1":"Làm tròn giá trị đến một chữ số thập phân","prompsuggestion2":"Trả về Yes nếu giá trị > 10","assistantcontext":"Đ_Assistant context__________________ớ","context":"Đ_Context_______________ớ","contextreduced":"Đ_Context reduced________________ớ","contextreducedmessage":"Đ_Some profile variable values are too large to send to the assistant. They have been reduced to ensure a successful request_______________________________________________________________ớ.","contexttoobig":"Đ_Context size exceeds the assistant's limit_______________________ớ.","opencontextmenu":"Đ_Open context menu__________________ớ","opencontextmenutitle":"Đ_Open context menu__________________ớ","contexttoobigtitle":"Đ_Context size exceeds the assistant's limit. Use the checkboxes to reduce the size of the context__________________________________________________ớ.","contextcalltoaction":"Đ_Use the checkboxes in the context menu to reduce the size of the context______________________________________ớ.","contextitems":"Đ_context items______________ớ","contextexplainer":"Đ_Context item counts are calculated from the relative size the variable will add to the assistant's context payload___________________________________________________________ớ.","donotincludepersonalinfo":"Đ_Do not include personal or sensitive information_________________________ớ","feedbackhelps":"Đ_Your feedback will be used to improve Esri products and services. {LearnMore} about how this data is used______________________________________________________ớ.","interactiveblocks":"Đ_Interactive blocks___________________ớ","legaldisclaimer":"Đ_Legal disclaimer_________________ớ","cancel":"Đ_Cancel_____________ớ"}