{"arcadeassistant":"Arcade Assistant","beta":"Beta","expressionapplied":"Auf Editor angewendeter Ausdruck","askaquestion":"Geben Sie die Berechnung oder Logik an, die Sie in einem Arcade-Ausdruck benötigen. (Beispiel: \"Ja\" zurückgeben, wenn Wert > 10)","enteraprompt":"Geben Sie einen Prompt ein.","assistantresponse":"Antwort des Assistenten","submitfeedback":"ä_Submit feedback to Esri________________________Ü","submit":"ä_Submit_____________Ü","addtoeditor":"Dem Editor hinzufügen","experiencehelpful":"Sind Sie mit den Antworten des Assistenten zufrieden?","describeexperience":"Ihre Experience beschreiben","besteffort":"Hier ist der beste Vorschlag des Assistenten","ask":"Erstellen","disclaimercomment":"Von ArcGIS Arcade Assistant generierter Ausdruck (Beta)","feedback":"Feedback","erroroccurred":"Ein Fehler ist aufgetreten.","recentprompts":"Letzte Prompts","generatingresponse":"Antwort wird generiert...","introducing":"Einführung in Arcade Assistant (Beta)","capabilities":"Der Assistent nutzt künstliche Intelligenz, um Arcade-Ausdrücke zu generieren.","aiassistants":"KI-Assistenten","useofassistant":"ä_The assistant uses artificial intelligence to generate Arcade expressions. To enable Arcade Assistant (beta), the following must be true______________________________________________________________________Ü:","enabledinorg":"ä_AI assistants are enabled in the organization settings____________________________Ü","enabledbetaapps":"ä_Beta apps and capabilities are not blocked______________________Ü","enabledroleprivilege":"ä_Your role privilege allows you to use AI assistants___________________________Ü","configureassistants":"Assistenten konfigurieren","settings":"Einstellungen","new":"Neu","learnmore":"Weitere Informationen","welcome":"Willkommen beim neuen Assistenten","beforeyougetstarted":"Bedenken Sie Folgendes, bevor Sie beginnen:","maybeincorrect":"Von KI generierter Code ist möglicherweise fehlerhaft. Überprüfen Sie ihn sorgfältig.","pleasereadhelp":"Lesen Sie zu Beginn das Thema {helpTopic} zu Arcade Assistant (Beta), und informieren Sie sich über Sicherheit, Datenschutz und bestehende Einschränkungen.","proceed":"Fortfahren","exit":"Beenden","promptsuggestions":"Prompt-Vorschläge","promptsuggestion":"Prompt-Vorschlag","assistantresponses":"Antworten des Assistenten","collapse":"Ausblenden","thumbsup":"Daumen hoch","thumbsdown":"Daumen runter","refine":"Optimieren","startover":"Erneut starten","helptopic":"Hilfethema","agreement":"Ich stimme den {EsriPrivacyStatement} (und {Supplement}) zu.","esriprivacystatement":"Esri Datenschutzbestimmungen","supplement":"Ergänzungen","disclaimerpt2":"KI-generierte Inhalte sind möglicherweise fehlerhaft. Überprüfen Sie sie vor der Verwendung.","replaceineditor":"Gesamten Code im Editor ersetzen","keepinmind":"Bedenken Sie Folgendes:","beconsise":"Formulieren Sie Ihre Anfragen klar und deutlich","avoidambiguity":"Vermeiden Sie Mehrdeutigkeit und eine vage Ausdrucksweise","documentation":"Dokumentation","useexamples":"Verwenden Sie Beispiele, um die Anfrage zu verdeutlichen","moredetails":"Sie müssen keine genauen Feldnamen in den Anweisungen verwenden, eine detailliertere Ausdrucksweise ist jedoch generell zu bevorzugen","seedocumentation":"Weitere Informationen finden Sie in der {documentation}, etwa zu bestehenden Einschränkungen und weiteren Ressourcen.","assistantinformation":"Informationen zu Assistant","profilecontextlabel":"Profilkontext: {profileId}","layercontextlabel":"Layer-Kontext: {layerName}","numlayers":"{numLayers} {layerOrLayers}","numlayersplural":"Layer","numlayerssingular":"Layer","responsecontext":"Antwortkontext","error":"Fehler","copytoclipboard":"Code in die Zwischenablage kopieren","copyprompttoclipboard":"Prompt in die Zwischenablage kopieren","copiedsuccessfully":"Erfolgreich kopiert","helpful":"Hilfreich","unhelpful":"Nicht hilfreich","prompsuggestion1":"Wert auf eine Dezimalstelle runden","prompsuggestion2":"\"Ja\" zurückgeben, wenn Wert >10","assistantcontext":"ä_Assistant context__________________Ü","context":"ä_Context_______________Ü","contextreduced":"ä_Context reduced________________Ü","contextreducedmessage":"ä_Some profile variable values are too large to send to the assistant. They have been reduced to ensure a successful request_______________________________________________________________Ü.","contexttoobig":"ä_Context size exceeds the assistant's limit_______________________Ü.","opencontextmenu":"ä_Open context menu__________________Ü","opencontextmenutitle":"ä_Open context menu__________________Ü","contexttoobigtitle":"ä_Context size exceeds the assistant's limit. Use the checkboxes to reduce the size of the context__________________________________________________Ü.","contextcalltoaction":"ä_Use the checkboxes in the context menu to reduce the size of the context______________________________________Ü.","contextitems":"ä_context items______________Ü","contextexplainer":"ä_Context item counts are calculated from the relative size the variable will add to the assistant's context payload___________________________________________________________Ü.","donotincludepersonalinfo":"ä_Do not include personal or sensitive information_________________________Ü","feedbackhelps":"ä_Your feedback will be used to improve Esri products and services. {LearnMore} about how this data is used______________________________________________________Ü.","interactiveblocks":"ä_Interactive blocks___________________Ü","legaldisclaimer":"ä_Legal disclaimer_________________Ü","cancel":"ä_Cancel_____________Ü"}