{"arcadeassistant":"Arcade アシスタント","beta":"ベータ版","expressionapplied":"エディターに適用される式","askaquestion":"必要な計算またはロジックを Arcade 式に指定します。 (例: Return Yes if value > 10)","enteraprompt":"プロンプトを入力してください","assistantresponse":"アシスタントの回答","submitfeedback":"須_Submit feedback to Esri________________________鷗","submit":"須_Submit_____________鷗","addtoeditor":"エディターに追加","experiencehelpful":"アシスタントの回答に満足しましたか？","describeexperience":"自分の経験の説明","besteffort":"こちらがアシスタントのベスト エフォートです。","ask":"生成","disclaimercomment":"ArcGIS Arcade アシスタント (ベータ版) によって生成された式","feedback":"フィードバック","erroroccurred":"エラーが発生しました。","recentprompts":"最近使用したプロンプト","generatingresponse":"回答を生成しています...","introducing":"Arcade アシスタント (ベータ版) の紹介","capabilities":"このアシスタントは、人工知能を使用して Arcade 式を生成します。","aiassistants":"AI アシスタント","useofassistant":"須_The assistant uses artificial intelligence to generate Arcade expressions. To enable Arcade Assistant (beta), the following must be true______________________________________________________________________鷗:","enabledinorg":"須_AI assistants are enabled in the organization settings____________________________鷗","enabledbetaapps":"須_Beta apps and capabilities are not blocked______________________鷗","enabledroleprivilege":"須_Your role privilege allows you to use AI assistants___________________________鷗","configureassistants":"アシスタントの構成","settings":"設定","new":"新規","learnmore":"詳細","welcome":"新しいアシスタントへようこそ","beforeyougetstarted":"はじめに、次の点に注意してください:","maybeincorrect":"AI が生成したコードは間違っていたり偏っていたりすることがあります。 入念に確認してください。","pleasereadhelp":"はじめに、Arcade アシスタント (ベータ版) の {helpTopic} を読み、セキュリティー、プライバシー、制限事項の詳細をご確認ください。","proceed":"続行","exit":"終了","promptsuggestions":"プロンプトの提案","promptsuggestion":"プロンプトの提案","assistantresponses":"アシスタントの応答","collapse":"折りたたむ","thumbsup":"賛成","thumbsdown":"反対","refine":"調整","startover":"やり直す","helptopic":"ヘルプ トピック","agreement":"{EsriPrivacyStatement} (および {Supplement}) に同意します。","esriprivacystatement":"Esri のプライバシーに関する声明","supplement":"補足","disclaimerpt2":"AI が生成したコンテンツは正確でない可能性があります。 使用する前に確認してください。","replaceineditor":"エディターですべてのコードを置換","keepinmind":"次の点に注意してください:","beconsise":"簡潔で明確なリクエストにします","avoidambiguity":"曖昧で不明確になるのを避けます","documentation":"ドキュメント","useexamples":"例を使用して、リクエストを明確にします","moredetails":"手順で正確なフィールド名を使用する必要はありませんが、通常は、詳細にすることをおすすめします","seedocumentation":"制限事項や参考資料など、詳細については「{documentation}」をご参照ください。","assistantinformation":"アシスタント情報","profilecontextlabel":"プロファイルのコンテキスト: {profileId}","layercontextlabel":"レイヤーのコンテキスト: {layerName}","numlayers":"{numLayers} {layerOrLayers}","numlayersplural":"レイヤー","numlayerssingular":"レイヤー","responsecontext":"応答のコンテキスト","error":"エラー","copytoclipboard":"クリップボードにコードをコピー","copyprompttoclipboard":"クリップボードにプロンプトをコピー","copiedsuccessfully":"正常にコピーされました","helpful":"役立つ","unhelpful":"役立たない","prompsuggestion1":"値を小数点以下第 1 位に四捨五入","prompsuggestion2":"Return Yes if value > 10","assistantcontext":"須_Assistant context__________________鷗","context":"須_Context_______________鷗","contextreduced":"須_Context reduced________________鷗","contextreducedmessage":"須_Some profile variable values are too large to send to the assistant. They have been reduced to ensure a successful request_______________________________________________________________鷗.","contexttoobig":"須_Context size exceeds the assistant's limit_______________________鷗.","opencontextmenu":"須_Open context menu__________________鷗","opencontextmenutitle":"須_Open context menu__________________鷗","contexttoobigtitle":"須_Context size exceeds the assistant's limit. Use the checkboxes to reduce the size of the context__________________________________________________鷗.","contextcalltoaction":"須_Use the checkboxes in the context menu to reduce the size of the context______________________________________鷗.","contextitems":"須_context items______________鷗","contextexplainer":"須_Context item counts are calculated from the relative size the variable will add to the assistant's context payload___________________________________________________________鷗.","donotincludepersonalinfo":"須_Do not include personal or sensitive information_________________________鷗","feedbackhelps":"須_Your feedback will be used to improve Esri products and services. {LearnMore} about how this data is used______________________________________________________鷗.","interactiveblocks":"須_Interactive blocks___________________鷗","legaldisclaimer":"須_Legal disclaimer_________________鷗","cancel":"須_Cancel_____________鷗"}