{"arcadeassistant":"Arcade 도우미","beta":"베타","expressionapplied":"편집기에 적용된 식","askaquestion":"Arcade 식에 필요한 계산 또는 로직을 지정합니다. (예시: 값이 > 10인 경우 Yes 반환)","enteraprompt":"프롬프트를 입력하세요","assistantresponse":"도우미 응답","submitfeedback":"한_Submit feedback to Esri________________________빠","submit":"한_Submit_____________빠","addtoeditor":"편집기에 추가","experiencehelpful":"도우미의 응답에 만족하십니까?","describeexperience":"사용자 경험 설명","besteffort":"도우미가 최선을 다한 결과는 다음과 같습니다","ask":"생성","disclaimercomment":"ArcGIS Arcade 도우미(베타)가 생성한 식","feedback":"피드백","erroroccurred":"오류가 발생했습니다.","recentprompts":"최근 프롬프트","generatingresponse":"응답 생성 중...","introducing":"Arcade 도우미(베타) 소개","capabilities":"이 도우미는 인공 지능을 사용하여 Arcade 식을 생성합니다.","aiassistants":"AI 도우미","useofassistant":"한_The assistant uses artificial intelligence to generate Arcade expressions. To enable Arcade Assistant (beta), the following must be true______________________________________________________________________빠:","enabledinorg":"한_AI assistants are enabled in the organization settings____________________________빠","enabledbetaapps":"한_Beta apps and capabilities are not blocked______________________빠","enabledroleprivilege":"한_Your role privilege allows you to use AI assistants___________________________빠","configureassistants":"도우미 구성","settings":"설정","new":"신규","learnmore":"자세한 정보","welcome":"새 도우미 환경에 오신 걸 환영합니다","beforeyougetstarted":"시작하기 전에 다음 사항을 유의하세요.","maybeincorrect":"AI가 생성한 코드는 경우에 따라 부정확하거나 편향될 수 있습니다. 주의 깊게 검토하세요.","pleasereadhelp":"Arcade 도우미(베타) {helpTopic}을(를) 확인하여 시작하고 보안, 개인정보보호, 제한 사항에 대해 자세히 알아보세요.","proceed":"계속 진행","exit":"종료","promptsuggestions":"프롬프트 제안","promptsuggestion":"프롬프트 제안","assistantresponses":"도우미 응답","collapse":"축소","thumbsup":"좋아요","thumbsdown":"싫어요","refine":"세부 조정","startover":"시작","helptopic":"도움말 항목","agreement":"{EsriPrivacyStatement}(및 {Supplement})에 동의합니다.","esriprivacystatement":"Esri 개인정보보호정책","supplement":"보충 자료","disclaimerpt2":"AI가 생성한 콘텐츠는 부정확할 수 있습니다. 사용하기 전에 검토하세요.","replaceineditor":"편집기에서 모든 코드 교체","keepinmind":"다음 사항을 고려하세요.","beconsise":"요청 사항을 간결하고 명확하게 작성","avoidambiguity":"모호하고 불분명한 표현 지양","documentation":"문서","useexamples":"예시를 사용하여 요청을 명확히 하기","moredetails":"지침에 정확한 필드 이름을 사용할 필요는 없지만, 일반적으로 더 자세하게 요청하는 것이 좋음","seedocumentation":"제한 사항 및 추가 리소스를 포함한 자세한 내용은 {documentation}을(를) 참고하세요.","assistantinformation":"도우미 정보","profilecontextlabel":"프로파일 컨텍스트: {profileId}","layercontextlabel":"레이어 컨텍스트: {layerName}","numlayers":"{numLayers} {layerOrLayers}","numlayersplural":"레이어","numlayerssingular":"레이어","responsecontext":"응답 컨텍스트","error":"오류","copytoclipboard":"코드를 클립보드에 복사","copyprompttoclipboard":"프롬프트를 클립보드에 복사","copiedsuccessfully":"복사 완료","helpful":"유용함","unhelpful":"유용하지 않음","prompsuggestion1":"값을 소수점 첫째 자리까지 반올림","prompsuggestion2":"값이 > 10인 경우 Yes 반환","assistantcontext":"한_Assistant context__________________빠","context":"한_Context_______________빠","contextreduced":"한_Context reduced________________빠","contextreducedmessage":"한_Some profile variable values are too large to send to the assistant. They have been reduced to ensure a successful request_______________________________________________________________빠.","contexttoobig":"한_Context size exceeds the assistant's limit_______________________빠.","opencontextmenu":"한_Open context menu__________________빠","opencontextmenutitle":"한_Open context menu__________________빠","contexttoobigtitle":"한_Context size exceeds the assistant's limit. Use the checkboxes to reduce the size of the context__________________________________________________빠.","contextcalltoaction":"한_Use the checkboxes in the context menu to reduce the size of the context______________________________________빠.","contextitems":"한_context items______________빠","contextexplainer":"한_Context item counts are calculated from the relative size the variable will add to the assistant's context payload___________________________________________________________빠.","donotincludepersonalinfo":"한_Do not include personal or sensitive information_________________________빠","feedbackhelps":"한_Your feedback will be used to improve Esri products and services. {LearnMore} about how this data is used______________________________________________________빠.","interactiveblocks":"한_Interactive blocks___________________빠","legaldisclaimer":"한_Legal disclaimer_________________빠","cancel":"한_Cancel_____________빠"}