{"arcadeassistant":"Arcade pomoćnik","beta":"Beta","expressionapplied":"Izraz primijenjen na opciju uređivanja Editor","askaquestion":"Navedite izračun ili logiku koja vam je potrebna u arkadnom izrazu. (npr. Vrati \"Da\" ako je vrijednost > 10)","enteraprompt":"Unesite upit","assistantresponse":"Odgovor pomoćnika","submitfeedback":"Č_Submit feedback to Esri________________________ž","submit":"Č_Submit_____________ž","addtoeditor":"Dodaj u opciju uređivanja Editor","experiencehelpful":"Jeste li zadovoljni odgovorom pomoćnika?","describeexperience":"Opišite svoje iskustvo","besteffort":"Evo najboljeg pokušaja pomoćnika","ask":"Generiraj","disclaimercomment":"Izraz generiran pomoću ArcGIS Arcade pomoćnika (beta)","feedback":"Povratne informacije","erroroccurred":"Došlo je do pogreške.","recentprompts":"Nedavni upiti","generatingresponse":"Generiranje odgovora...","introducing":"Predstavljanje Arcade pomoćnika (beta)","capabilities":"Pomoćnik koristi umjetnu inteligenciju za generiranje arkadnih izraza.","aiassistants":"UI pomoćnici","useofassistant":"Č_The assistant uses artificial intelligence to generate Arcade expressions. To enable Arcade Assistant (beta), the following must be true______________________________________________________________________ž:","enabledinorg":"Č_AI assistants are enabled in the organization settings____________________________ž","enabledbetaapps":"Č_Beta apps and capabilities are not blocked______________________ž","enabledroleprivilege":"Č_Your role privilege allows you to use AI assistants___________________________ž","configureassistants":"Konfiguriraj pomoćnike","settings":"Postavke","new":"Novo","learnmore":"Saznajte više","welcome":"Dobro došli u novo iskustvo s pomoćnicima","beforeyougetstarted":"Prije početka trebate znati:","maybeincorrect":"Kod generiran umjetnom inteligencijom može povremeno biti netočan ili pristran. Pažljivo pregledajte.","pleasereadhelp":"Pročitajte Arcade pomoćnik (beta) {helpTopic} za početak i saznajte pojedinosti o sigurnosti, privatnosti i ograničenjima.","proceed":"Nastavi","exit":"Izlaz","promptsuggestions":"Brzi prijedlozi","promptsuggestion":"Brzi prijedlog","assistantresponses":"Odgovori pomoćnika","collapse":"Sažmi","thumbsup":"Palac gore","thumbsdown":"Palac dolje","refine":"Preciziraj","startover":"Kreni ispočetka","helptopic":"tema pomoći","agreement":"Prihvaćam {EsriPrivacyStatement} (i {Supplement}).","esriprivacystatement":"Izjava o zaštiti privatnosti tvrtke Esri","supplement":"Dodatak","disclaimerpt2":"Sadržaj koji je generirala umjetna inteligencija može biti netočan. Pregledajte prije upotrebe.","replaceineditor":"Zamijenite sve šifre prilikom uređivanja","keepinmind":"Vodite računa o sljedećem:","beconsise":"Budite kratki, ali i jasni u svom zahtjevu","avoidambiguity":"Izbjegavajte dvosmislenost i nejasnoće","documentation":"dokumentacija","useexamples":"Koristite primjere kako biste pojasnili svoj zahtjev","moredetails":"Ne morate koristiti točne nazive polja u svojim uputama, ali više pojedinosti je općenito bolje","seedocumentation":"Za više informacija pogledajte{documentation} , uključujući ograničenja i dodatne resurse.","assistantinformation":"Informacije o pomoćniku","profilecontextlabel":"Kontekst profila: {profileId}","layercontextlabel":"Kontekst sloja:{layerName}","numlayers":"{numLayers} {layerOrLayers}","numlayersplural":"slojevi","numlayerssingular":"sloj","responsecontext":"Kontekst odgovora","error":"Pogreška","copytoclipboard":"Kopiraj kod u međuspremnik","copyprompttoclipboard":"Kopiraj upit u međuspremnik","copiedsuccessfully":"Uspješno kopirano","helpful":"Korisno","unhelpful":"Nekorisno","prompsuggestion1":"Zaokružite vrijednost na jedno decimalno mjesto","prompsuggestion2":"Vrati \"Da\" ako je vrijednost > 10","assistantcontext":"Č_Assistant context__________________ž","context":"Č_Context_______________ž","contextreduced":"Č_Context reduced________________ž","contextreducedmessage":"Č_Some profile variable values are too large to send to the assistant. They have been reduced to ensure a successful request_______________________________________________________________ž.","contexttoobig":"Č_Context size exceeds the assistant's limit_______________________ž.","opencontextmenu":"Č_Open context menu__________________ž","opencontextmenutitle":"Č_Open context menu__________________ž","contexttoobigtitle":"Č_Context size exceeds the assistant's limit. Use the checkboxes to reduce the size of the context__________________________________________________ž.","contextcalltoaction":"Č_Use the checkboxes in the context menu to reduce the size of the context______________________________________ž.","contextitems":"Č_context items______________ž","contextexplainer":"Č_Context item counts are calculated from the relative size the variable will add to the assistant's context payload___________________________________________________________ž.","donotincludepersonalinfo":"Č_Do not include personal or sensitive information_________________________ž","feedbackhelps":"Č_Your feedback will be used to improve Esri products and services. {LearnMore} about how this data is used______________________________________________________ž.","interactiveblocks":"Č_Interactive blocks___________________ž","legaldisclaimer":"Č_Legal disclaimer_________________ž","cancel":"Č_Cancel_____________ž"}