{"arcadeassistant":"Arcade'i assistent","beta":"Beeta","expressionapplied":"Avaldist rakendatakse Editorile","askaquestion":"Määrake Arcade'i avaldises vajalik arvutus või loogika. (nt Tagasta Jah, kui väärtus on > 10)","enteraprompt":"Lisage päring","assistantresponse":"Assistendi vastus","submitfeedback":"Š_Submit feedback to Esri________________________ä","submit":"Š_Submit_____________ä","addtoeditor":"Lisa Editorisse","experiencehelpful":"Kas olete assistendi vastusega rahul?","describeexperience":"Kirjeldage oma kogemust","besteffort":"Siin on assistendi parim vastus","ask":"Genereeri","disclaimercomment":"ArcGIS Arcade'i assistendi (beetaversioon) loodud avaldis","feedback":"Tagasiside","erroroccurred":"Ilmnes tõrge.","recentprompts":"Hiljutised päringud","generatingresponse":"Vastuse genereerimine...","introducing":"Arcade'i assistendi (beetaversioon) tutvustus","capabilities":"Assistent kasutab Arcade'i avaldiste genereerimiseks tehisintellekti.","aiassistants":"AI-assistendid","useofassistant":"Š_The assistant uses artificial intelligence to generate Arcade expressions. To enable Arcade Assistant (beta), the following must be true______________________________________________________________________ä:","enabledinorg":"Š_AI assistants are enabled in the organization settings____________________________ä","enabledbetaapps":"Š_Beta apps and capabilities are not blocked______________________ä","enabledroleprivilege":"Š_Your role privilege allows you to use AI assistants___________________________ä","configureassistants":"Konfigureeri assistendid","settings":"Seaded","new":"Uus","learnmore":"Lisainfo","welcome":"Tere tulemast kasutama uut assistenti!","beforeyougetstarted":"Teadmiseks enne alustamist:","maybeincorrect":"AI loodud kood võib mõnikord olla vale või kallutatud. Kontrollige hoolikalt","pleasereadhelp":"Alustamiseks ja turvalisuse, privaatsuse ning piirangute kohta lisateabe saamiseks lugege Arcade Assistant (beeta) abi {helpTopic}.","proceed":"Jätka","exit":"Välju","promptsuggestions":"Esita soovitusi","promptsuggestion":"Esita soovitus","assistantresponses":"Assistendi vastused","collapse":"Ahenda","thumbsup":"Püstine pöial","thumbsdown":"Langetatud pöial","refine":"Täpsusta","startover":"Alusta uuesti","helptopic":"spikriteema","agreement":"Nõustun järgmisega: {EsriPrivacyStatement} (ja {Supplement}).","esriprivacystatement":"Esri privaatsusavaldus","supplement":"Lisa","disclaimerpt2":"AI genereeritud sisu võib olla ebatäpne. Enne kasutamist vaadake üle.","replaceineditor":"Asenda kõik koodid redaktoris","keepinmind":"Pidage meeles järgmist:","beconsise":"Olfe oma taotluses lühike, aga samas selge","avoidambiguity":"Vältige mitmetimõistetavust ja ebamäärasust","documentation":"dokumentatsioon","useexamples":"Kasutage oma taotluse selgitamiseks näiteid","moredetails":"Te ei pea juhistes kasutama täpseid väljanimesid, aga mida detailsem, seda parem.","seedocumentation":"Lisateabe saamiseks, sh piirangute ja lisaressursside kohta, vt {documentation}.","assistantinformation":"Assistendi teave","profilecontextlabel":"Profiili kontekst: {profileId}","layercontextlabel":"Kihi kontekst: {layerName}","numlayers":"{numLayers} {layerOrLayers}","numlayersplural":"kihid","numlayerssingular":"kiht","responsecontext":"Vastuse kontekst","error":"Tõrge","copytoclipboard":"Kopeeri kood lõikelauale","copyprompttoclipboard":"Kopeeri viip lõikelauale","copiedsuccessfully":"Kopeerimine õnnestus","helpful":"Oli kasulik","unhelpful":"Kasutu","prompsuggestion1":"Ümarda väärtus kümnendkohani","prompsuggestion2":"Tagasta Jah, kui väärtus on > 10)","assistantcontext":"Š_Assistant context__________________ä","context":"Š_Context_______________ä","contextreduced":"Š_Context reduced________________ä","contextreducedmessage":"Š_Some profile variable values are too large to send to the assistant. They have been reduced to ensure a successful request_______________________________________________________________ä.","contexttoobig":"Š_Context size exceeds the assistant's limit_______________________ä.","opencontextmenu":"Š_Open context menu__________________ä","opencontextmenutitle":"Š_Open context menu__________________ä","contexttoobigtitle":"Š_Context size exceeds the assistant's limit. Use the checkboxes to reduce the size of the context__________________________________________________ä.","contextcalltoaction":"Š_Use the checkboxes in the context menu to reduce the size of the context______________________________________ä.","contextitems":"Š_context items______________ä","contextexplainer":"Š_Context item counts are calculated from the relative size the variable will add to the assistant's context payload___________________________________________________________ä.","donotincludepersonalinfo":"Š_Do not include personal or sensitive information_________________________ä","feedbackhelps":"Š_Your feedback will be used to improve Esri products and services. {LearnMore} about how this data is used______________________________________________________ä.","interactiveblocks":"Š_Interactive blocks___________________ä","legaldisclaimer":"Š_Legal disclaimer_________________ä","cancel":"Š_Cancel_____________ä"}