{"arcadeassistant":"Βοηθός Arcade","beta":"Beta","expressionapplied":"Η έκφραση εφαρμόστηκε στον editor","askaquestion":"Καθορίστε τον υπολογισμό ή τη λογική που χρειάζεστε σε μια έκφραση Arcade. (π.χ., Επιστροφή «Ναι» αν η τιμή > 10)","enteraprompt":"Εισάγετε μια προτροπή","assistantresponse":"Απάντηση βοηθού","submitfeedback":"π_Submit feedback to Esri________________________Ω","submit":"π_Submit_____________Ω","addtoeditor":"Προσθήκη στον editor","experiencehelpful":"Είστε ικανοποιημένοι με την απάντηση του βοηθού;","describeexperience":"Περιγράψτε την εμπειρία σας","besteffort":"Αυτή είναι η καλύτερη προσπάθεια του βοηθού","ask":"Δημιουργία","disclaimercomment":"Έκφραση που δημιουργήθηκε από τον βοηθό ArcGIS Arcade (beta)","feedback":"Σχόλια","erroroccurred":"Παρουσιάστηκε σφάλμα.","recentprompts":"Πρόσφατες προτροπές","generatingresponse":"Δημιουργία απάντησης...","introducing":"Παρουσίαση του βοηθού Arcade (beta)","capabilities":"Ο βοηθός χρησιμοποιεί τεχνητή νοημοσύνη για τη δημιουργία εκφράσεων Arcade.","aiassistants":"Βοηθοί AI","useofassistant":"π_The assistant uses artificial intelligence to generate Arcade expressions. To enable Arcade Assistant (beta), the following must be true______________________________________________________________________Ω:","enabledinorg":"π_AI assistants are enabled in the organization settings____________________________Ω","enabledbetaapps":"π_Beta apps and capabilities are not blocked______________________Ω","enabledroleprivilege":"π_Your role privilege allows you to use AI assistants___________________________Ω","configureassistants":"Διαμόρφωση βοηθών","settings":"Ρυθμίσεις","new":"Νέο","learnmore":"Περισσότερες πληροφορίες","welcome":"Καλώς ορίσατε στη νέα εμπειρία βοηθού","beforeyougetstarted":"Πριν ξεκινήσετε, λάβετε υπόψη:","maybeincorrect":"Ο κώδικας που δημιουργείται από AI ενδέχεται κατά διαστήματα να είναι εσφαλμένος ή μεροληπτικός. Επανεξετάστε προσεκτικά.","pleasereadhelp":"Διαβάστε την τεκμηρίωση του βοηθού Arcade (beta) {helpTopic} για να ξεκινήσετε και να μάθετε λεπτομέρειες σχετικά με την ασφάλεια, το απόρρητο και τους περιορισμούς.","proceed":"Συνέχεια","exit":"Έξοδος","promptsuggestions":"Προτάσεις προτροπών","promptsuggestion":"Πρόταση προτροπής","assistantresponses":"Απαντήσεις βοηθού","collapse":"Σύμπτυξη","thumbsup":"Θετική αξιολόγηση","thumbsdown":"Αρνητική αξιολόγηση","refine":"Βελτίωση","startover":"Επανέναρξη","helptopic":"θέμα βοήθειας","agreement":"Συμφωνώ με τα {EsriPrivacyStatement} (και {Supplement}).","esriprivacystatement":"Δήλωση απορρήτου της Esri","supplement":"Συμπλήρωμα","disclaimerpt2":"Το περιεχόμενο που δημιουργείται με ΑΙ μπορεί να είναι ανακριβές. Επανεξετάστε πριν από τη χρήση.","replaceineditor":"Αντικατάσταση όλου του κώδικα στον επεξεργαστή","keepinmind":"Λάβετε υπόψη τα εξής:","beconsise":"Να είστε σύντομοι αλλά σαφείς στο αίτημά σας","avoidambiguity":"Αποφύγετε την ασάφεια και την αοριστία","documentation":"τεκμηρίωση","useexamples":"Χρησιμοποιήστε παραδείγματα για να διευκρινίσετε το αίτημά σας","moredetails":"Δεν χρειάζεται να χρησιμοποιείτε τα ακριβή ονόματα πεδίων στις οδηγίες σας, αλλά γενικά είναι προτιμότερο να παρέχετε περισσότερες λεπτομέρειες","seedocumentation":"Δείτε το {documentation} για περισσότερες πληροφορίες, συμπεριλαμβανομένων περιορισμών και πρόσθετων πόρων.","assistantinformation":"Πληροφορίες βοηθού","profilecontextlabel":"Πλαίσιο προφίλ: {profileId}","layercontextlabel":"Πλαίσιο θεματικού επιπέδου: {layerName}","numlayers":"{numLayers} {layerOrLayers}","numlayersplural":"θεματικά επίπεδα","numlayerssingular":"θεματικό επίπεδο","responsecontext":"Πλαίσιο απόκρισης","error":"Σφάλμα","copytoclipboard":"Αντιγραφή κώδικα στο Πρόχειρο","copyprompttoclipboard":"Αντιγραφή προτροπής στο Πρόχειρο","copiedsuccessfully":"Αντιγράφηκε με επιτυχία","helpful":"Χρήσιμο","unhelpful":"Μη χρήσιμο","prompsuggestion1":"Στρογγυλοποίηση τιμής σε ένα δεκαδικό ψηφίο","prompsuggestion2":"Επιστροφή «Ναι» αν η τιμή > 10","assistantcontext":"π_Assistant context__________________Ω","context":"π_Context_______________Ω","contextreduced":"π_Context reduced________________Ω","contextreducedmessage":"π_Some profile variable values are too large to send to the assistant. They have been reduced to ensure a successful request_______________________________________________________________Ω.","contexttoobig":"π_Context size exceeds the assistant's limit_______________________Ω.","opencontextmenu":"π_Open context menu__________________Ω","opencontextmenutitle":"π_Open context menu__________________Ω","contexttoobigtitle":"π_Context size exceeds the assistant's limit. Use the checkboxes to reduce the size of the context__________________________________________________Ω.","contextcalltoaction":"π_Use the checkboxes in the context menu to reduce the size of the context______________________________________Ω.","contextitems":"π_context items______________Ω","contextexplainer":"π_Context item counts are calculated from the relative size the variable will add to the assistant's context payload___________________________________________________________Ω.","donotincludepersonalinfo":"π_Do not include personal or sensitive information_________________________Ω","feedbackhelps":"π_Your feedback will be used to improve Esri products and services. {LearnMore} about how this data is used______________________________________________________Ω.","interactiveblocks":"π_Interactive blocks___________________Ω","legaldisclaimer":"π_Legal disclaimer_________________Ω","cancel":"π_Cancel_____________Ω"}