{"arcadeassistant":"Arcade-apuri","beta":"Beeta","expressionapplied":"Lauseke otettu käyttöön editorissa","askaquestion":"Määritä laskelma tai logiikka, jonka tarvitset Arcabde-lausekkeeseen. (esim. Palauta Kyllä, jos arvo > 10)","enteraprompt":"Anna kehote","assistantresponse":"Assistantin vastaus","submitfeedback":"Å_Submit feedback to Esri________________________ö","submit":"Å_Submit_____________ö","addtoeditor":"Lisää editoriin","experiencehelpful":"Oletko tyytyväinen apurin vastaukseen?","describeexperience":"Kuvaile kokemustasi","besteffort":"Tässä on Assistantin paras vastaus","ask":"Luo","disclaimercomment":"ArcGIS Arcade Assistantin (beeta) luoma lauseke","feedback":"Palaute","erroroccurred":"Tapahtui virhe.","recentprompts":"Viimeisimmät kehotteet","generatingresponse":"Luodaan vastausta...","introducing":"Esittelyssä Arcade Assistant (beeta)","capabilities":"Assistant käyttää tekoälyä Arcade-lausekkeiden luonnissa.","aiassistants":"Tekoälyapurit","useofassistant":"Å_The assistant uses artificial intelligence to generate Arcade expressions. To enable Arcade Assistant (beta), the following must be true______________________________________________________________________ö:","enabledinorg":"Å_AI assistants are enabled in the organization settings____________________________ö","enabledbetaapps":"Å_Beta apps and capabilities are not blocked______________________ö","enabledroleprivilege":"Å_Your role privilege allows you to use AI assistants___________________________ö","configureassistants":"Määritä apurit","settings":"Asetukset","new":"Uusi","learnmore":"Lisätietoja","welcome":"Tervetuloa uuteen apurikokemukseen","beforeyougetstarted":"Ennen kuin aloitat, huomioi:","maybeincorrect":"Tekoälyn luoma koodi ei aina välttämättä pidä paikkaansa, tai se voi olla vinoutunutta. Tarkista huolellisesti.","pleasereadhelp":"Lue Arcade Assistant (beeta) {helpTopic}, niin pääset liikkeelle ja saat tietoa tietoturvasta, yksityisyydestä ja rajoituksista.","proceed":"Jatka","exit":"Lopeta","promptsuggestions":"Kehote-ehdotuksia","promptsuggestion":"Kehote-ehdotus","assistantresponses":"Apurin vastaukset","collapse":"Kutista","thumbsup":"Peukku ylös","thumbsdown":"Peukku alas","refine":"Paranna","startover":"Aloita alusta","helptopic":"Ohjeaihe","agreement":"Hyväksyn asiakirjan {EsriPrivacyStatement} (ja {Supplement}).","esriprivacystatement":"Esrin tietosuojalausunto","supplement":"Täydentävä lausunto","disclaimerpt2":"Tekoälyn luoma sisältö ei välttämättä pidä paikkaansa. Tarkista ennen käyttöä.","replaceineditor":"Korvaa kaikki koodi editorissa","keepinmind":"Muista seuraava:","beconsise":"Muotoile pyyntösi tiiviisti ja selkeästi","avoidambiguity":"Vältä monitulkintaisuutta ja epämääräisyyttä","documentation":"Dokumentaatio","useexamples":"Selvennä pyyntöäsi esimerkkien avulla","moredetails":"Ohjeissa ei tarvitse käyttää kenttien tarkkoja nimiä, mutta yksityiskohdat yleensä auttavat","seedocumentation":"Katso {documentation}, kun haluat lisätietoja esimerkiksi rajoituksista ja lisäresursseista.","assistantinformation":"Apurin tiedot","profilecontextlabel":"Profiilin konteksti: {profileId}","layercontextlabel":"Karttatason konteksti: {layerName}","numlayers":"{numLayers} {layerOrLayers}","numlayersplural":"karttatasot","numlayerssingular":"karttataso","responsecontext":"Vastauksen konteksti","error":"Virhe","copytoclipboard":"Kopioi koodi leikepöydälle","copyprompttoclipboard":"Kopioi kehote leikepöydälle","copiedsuccessfully":"Kopionti onnistui","helpful":"Hyödyllinen","unhelpful":"Hyödytön","prompsuggestion1":"Pyöristä arvo yhden desimaalin tarkkuuteen","prompsuggestion2":"Palauta Kyllä, jos arvo > 10","assistantcontext":"Å_Assistant context__________________ö","context":"Å_Context_______________ö","contextreduced":"Å_Context reduced________________ö","contextreducedmessage":"Å_Some profile variable values are too large to send to the assistant. They have been reduced to ensure a successful request_______________________________________________________________ö.","contexttoobig":"Å_Context size exceeds the assistant's limit_______________________ö.","opencontextmenu":"Å_Open context menu__________________ö","opencontextmenutitle":"Å_Open context menu__________________ö","contexttoobigtitle":"Å_Context size exceeds the assistant's limit. Use the checkboxes to reduce the size of the context__________________________________________________ö.","contextcalltoaction":"Å_Use the checkboxes in the context menu to reduce the size of the context______________________________________ö.","contextitems":"Å_context items______________ö","contextexplainer":"Å_Context item counts are calculated from the relative size the variable will add to the assistant's context payload___________________________________________________________ö.","donotincludepersonalinfo":"Å_Do not include personal or sensitive information_________________________ö","feedbackhelps":"Å_Your feedback will be used to improve Esri products and services. {LearnMore} about how this data is used______________________________________________________ö.","interactiveblocks":"Å_Interactive blocks___________________ö","legaldisclaimer":"Å_Legal disclaimer_________________ö","cancel":"Å_Cancel_____________ö"}