{"arcadeassistant":"Asystent języka Arcade","beta":"Beta","expressionapplied":"Wyrażenie zostało zastosowane w edytorze","askaquestion":"Opisz obliczenia lub logikę, która ma zostać odzwierciedlona w wyrażeniu Arcade. (np. Zwróć Tak, jeśli wartość > 10)","enteraprompt":"Wprowadź zapytanie","assistantresponse":"Odpowiedź asystenta","submitfeedback":"ł_Submit feedback to Esri________________________ą","submit":"ł_Submit_____________ą","addtoeditor":"Dodaj do edytora","experiencehelpful":"Czy odpowiedź asystenta jest zadowalająca?","describeexperience":"Opisz swoje wrażenia","besteffort":"Oto najlepsze wyniki uzyskane przez asystenta","ask":"Generuj","disclaimercomment":"Wyrażenie wygenerowane przez aplikację ArcGIS Arcade Assistant (beta)","feedback":"Opinia","erroroccurred":"Wystąpił błąd.","recentprompts":"Ostatnie zapytania","generatingresponse":"Generowanie odpowiedzi…","introducing":"Przedstawiamy Arcade Assistant (beta)","capabilities":"Asystent wykorzystuje sztuczną inteligencję do generowania wyrażeń w języku Arcade.","aiassistants":"aplikacje asystenckie ze sztuczną inteligencją","useofassistant":"ł_The assistant uses artificial intelligence to generate Arcade expressions. To enable Arcade Assistant (beta), the following must be true______________________________________________________________________ą:","enabledinorg":"ł_AI assistants are enabled in the organization settings____________________________ą","enabledbetaapps":"ł_Beta apps and capabilities are not blocked______________________ą","enabledroleprivilege":"ł_Your role privilege allows you to use AI assistants___________________________ą","configureassistants":"Skonfiguruj asystentów","settings":"Parametry","new":"Nowy","learnmore":"Dowiedz się więcej","welcome":"Witaj w nowej odsłonie asystenta","beforeyougetstarted":"Zanim zaczniesz, pamiętaj:","maybeincorrect":"Kod generowany przez AI może być czasami nieprawidłowy lub stronniczy. Dokładnie sprawdź.","pleasereadhelp":"Przeczytaj Asystenta Arcade (beta) {helpTopic}, aby rozpocząć i poznać szczegóły dotyczące bezpieczeństwa, prywatności i ograniczeń.","proceed":"Kontynuuj","exit":"Zakończ","promptsuggestions":"Sugestie podpowiedzi","promptsuggestion":"Sugestia podpowiedzi","assistantresponses":"Odpowiedzi asystenta","collapse":"Zwiń","thumbsup":"Kciuk w górę","thumbsdown":"Kciuk w dół","refine":"Doprecyzuj","startover":"Rozpocznij od nowa","helptopic":"temat pomocy","agreement":"Zgadzam się na {EsriPrivacyStatement} (i {Supplement}).","esriprivacystatement":"Polityka prywatności firmy Esri","supplement":"Suplement","disclaimerpt2":"Zasoby generowane przez AI mogą być niedokładne. Sprawdź przed użyciem.","replaceineditor":"Zastąp cały kod w edytorze","keepinmind":"Pamiętaj o następujących kwestiach:","beconsise":"Twoje żądanie powinno być jasne i zwięzłe","avoidambiguity":"Unikaj dwuznaczności i niejasnego języka","documentation":"dokumentacja","useexamples":"Użyj przykładów, aby wyjaśnić swoje żądanie","moredetails":"W swoich instrukcjach nie musisz używać dokładnych nazw pól, ale im więcej szczegółów, tym zazwyczaj lepiej","seedocumentation":"Więcej informacji, w tym o ograniczeniach i dodatkowych zasobach, znajduje się w {documentation}.","assistantinformation":"Informacje o asystencie","profilecontextlabel":"Kontekst profilu: {profileId}","layercontextlabel":"Kontekst warstwy: {layerName}","numlayers":"{numLayers} {layerOrLayers}","numlayersplural":"warstwy","numlayerssingular":"warstwa","responsecontext":"Kontekst odpowiedzi","error":"Błąd","copytoclipboard":"Skopiuj kod do schowka","copyprompttoclipboard":"Kopiuj podpowiedź do schowka","copiedsuccessfully":"Pomyślnie skopiowano","helpful":"Są pomocne","unhelpful":"Nieprzydatne","prompsuggestion1":"Zaokrąglaj wartość do 1 miejsca dziesiętnego","prompsuggestion2":"Zwróć Tak, jeśli wartość > 10","assistantcontext":"ł_Assistant context__________________ą","context":"ł_Context_______________ą","contextreduced":"ł_Context reduced________________ą","contextreducedmessage":"ł_Some profile variable values are too large to send to the assistant. They have been reduced to ensure a successful request_______________________________________________________________ą.","contexttoobig":"ł_Context size exceeds the assistant's limit_______________________ą.","opencontextmenu":"ł_Open context menu__________________ą","opencontextmenutitle":"ł_Open context menu__________________ą","contexttoobigtitle":"ł_Context size exceeds the assistant's limit. Use the checkboxes to reduce the size of the context__________________________________________________ą.","contextcalltoaction":"ł_Use the checkboxes in the context menu to reduce the size of the context______________________________________ą.","contextitems":"ł_context items______________ą","contextexplainer":"ł_Context item counts are calculated from the relative size the variable will add to the assistant's context payload___________________________________________________________ą.","donotincludepersonalinfo":"ł_Do not include personal or sensitive information_________________________ą","feedbackhelps":"ł_Your feedback will be used to improve Esri products and services. {LearnMore} about how this data is used______________________________________________________ą.","interactiveblocks":"ł_Interactive blocks___________________ą","legaldisclaimer":"ł_Legal disclaimer_________________ą","cancel":"ł_Cancel_____________ą"}