{"arcadeassistant":"Aсистент в Arcade","beta":"Бета","expressionapplied":"Израз, приложен към редактора","askaquestion":"Посочете изчислението или логиката, от които се нуждаете в израз за Arcade. (напр. Върнете „Да“, ако стойността е > 10)","enteraprompt":"Моля, въведете подкана","assistantresponse":"Отговор на асистента","submitfeedback":"й_Submit feedback to Esri________________________й","submit":"й_Submit_____________й","addtoeditor":"Добавяне към редактора","experiencehelpful":"Доволни ли сте от отговора на асистента?","describeexperience":"Опишете преживяването си","besteffort":"Ето най-добрите усилия на асистента","ask":"Генериране","disclaimercomment":"Израз, генериран от асистент за ArcGIS Arcade (бета)","feedback":"Обратна връзка","erroroccurred":"Появи се грешка.","recentprompts":"Нулиране на напомняния","generatingresponse":"Генериране на отговор...","introducing":"Представяме Ви асистент за Arcade (бета)","capabilities":"Асистентът използва изкуствен интелект, за да генерира аркадни изрази.","aiassistants":"Асистенти ИИ","useofassistant":"й_The assistant uses artificial intelligence to generate Arcade expressions. To enable Arcade Assistant (beta), the following must be true______________________________________________________________________й:","enabledinorg":"й_AI assistants are enabled in the organization settings____________________________й","enabledbetaapps":"й_Beta apps and capabilities are not blocked______________________й","enabledroleprivilege":"й_Your role privilege allows you to use AI assistants___________________________й","configureassistants":"Конфигуриране на асистенти","settings":"Настройки","new":"Нови","learnmore":"Научете повече","welcome":"Добре дошли в новото изживяване на асистента","beforeyougetstarted":"Преди да започнете, имайте предвид:","maybeincorrect":"Кодът, генериран от изкуствен интелект, понякога може да е неправилен или с предубеждение. Прегледайте внимателно.","pleasereadhelp":"Прочетете Arcade Assistant (бета), {helpTopic} за да започнете и да научите подробности за сигурността, поверителността и ограниченията.","proceed":"Продължение","exit":"Изход","promptsuggestions":"Предложения за заявка","promptsuggestion":"Предложение за заявка","assistantresponses":"Отговори на асистента","collapse":"Сгъване","thumbsup":"Палец нагоре","thumbsdown":"Палец надолу","refine":"Прецизиране","startover":"Стартирането приключи","helptopic":"тема за помощ","agreement":"Съгласен съм с {EsriPrivacyStatement} (и {Supplement}).","esriprivacystatement":"Декларация за поверителност на Esri","supplement":"Допълнение","disclaimerpt2":"Съдържанието, генерирано от ИИ, може да е неточно. Прегледайте преди употреба.","replaceineditor":"Заменете целия код в редактора","keepinmind":"Имайте предвид следното:","beconsise":"Направете кратка, но също и ясна, заявка","avoidambiguity":"Избягвайте двусмислие и неясноти","documentation":"документация","useexamples":"Използвайте примери, за да изясните заявката си","moredetails":"Не е необходимо да използвате точни имена на полетата в инструкциите си, но наличието на повече подробности обикновено е по-добре.","seedocumentation":"Моля, вижте {documentation} за повече информация, включително ограничения и допълнителни ресурси.","assistantinformation":"Информация за асистента","profilecontextlabel":"Контекст на профила: {profileId}","layercontextlabel":"Контекст на слоя: {layerName}","numlayers":"{numLayers} {layerOrLayers}","numlayersplural":"слоеве","numlayerssingular":"слой","responsecontext":"Контекст на отговора","error":"Грешка","copytoclipboard":"Копиране на код в клипборда","copyprompttoclipboard":"Копиране на заявка в клипборда","copiedsuccessfully":"Успешно копиране","helpful":"Полезно","unhelpful":"Не е полезно","prompsuggestion1":"Закръглете стойността до един знак след десетичната запетая","prompsuggestion2":"Върнете „Да“, ако стойността е > 10","assistantcontext":"й_Assistant context__________________й","context":"й_Context_______________й","contextreduced":"й_Context reduced________________й","contextreducedmessage":"й_Some profile variable values are too large to send to the assistant. They have been reduced to ensure a successful request_______________________________________________________________й.","contexttoobig":"й_Context size exceeds the assistant's limit_______________________й.","opencontextmenu":"й_Open context menu__________________й","opencontextmenutitle":"й_Open context menu__________________й","contexttoobigtitle":"й_Context size exceeds the assistant's limit. Use the checkboxes to reduce the size of the context__________________________________________________й.","contextcalltoaction":"й_Use the checkboxes in the context menu to reduce the size of the context______________________________________й.","contextitems":"й_context items______________й","contextexplainer":"й_Context item counts are calculated from the relative size the variable will add to the assistant's context payload___________________________________________________________й.","donotincludepersonalinfo":"й_Do not include personal or sensitive information_________________________й","feedbackhelps":"й_Your feedback will be used to improve Esri products and services. {LearnMore} about how this data is used______________________________________________________й.","interactiveblocks":"й_Interactive blocks___________________й","legaldisclaimer":"й_Legal disclaimer_________________й","cancel":"й_Cancel_____________й"}