{"arcadeassistant":"Arcade Assistant","beta":"Beta","expressionapplied":"套用至編輯器的表達式","askaquestion":"在 Arcade 表達式中指定您需要的計算或邏輯。 (例如，如果值 > 10，則傳回 Yes)","enteraprompt":"請輸入提示","assistantresponse":"助手回應","submitfeedback":"試_Submit feedback to Esri________________________驗","submit":"試_Submit_____________驗","addtoeditor":"新增到編輯器","experiencehelpful":"您對助手的回應是否滿意?","describeexperience":"說明您的體驗","besteffort":"這是助手的最佳表現","ask":"產生","disclaimercomment":"ArcGIS Arcade Assistant (beta) 產生的表達式","feedback":"意見","erroroccurred":"發生錯誤。","recentprompts":"最近提示","generatingresponse":"正在產生回應...","introducing":"Arcade Assistant (beta) 簡介","capabilities":"助手使用人工智慧產生 Arcade 表達式。","aiassistants":"AI 助手","useofassistant":"試_The assistant uses artificial intelligence to generate Arcade expressions. To enable Arcade Assistant (beta), the following must be true______________________________________________________________________驗:","enabledinorg":"試_AI assistants are enabled in the organization settings____________________________驗","enabledbetaapps":"試_Beta apps and capabilities are not blocked______________________驗","enabledroleprivilege":"試_Your role privilege allows you to use AI assistants___________________________驗","configureassistants":"設定助手","settings":"設定","new":"新建","learnmore":"瞭解詳細資訊","welcome":"歡迎體驗新助手","beforeyougetstarted":"開始之前請注意:","maybeincorrect":"AI 產生的程式碼有時可能會不正確或有偏差。 請仔細檢閱。","pleasereadhelp":"閱讀 Arcade Assistant (beta) {helpTopic} 以開始使用，並瞭解有關安全性、隱私權和限制的詳細資訊。","proceed":"繼續","exit":"結束","promptsuggestions":"提示建議","promptsuggestion":"提示建議","assistantresponses":"助手回應","collapse":"摺疊","thumbsup":"豎起大拇指","thumbsdown":"大拇指向下","refine":"最佳化","startover":"重新開始","helptopic":"說明主題","agreement":"我同意 {EsriPrivacyStatement} (和 {Supplement})。","esriprivacystatement":"Esri 隱私權聲明","supplement":"補遺","disclaimerpt2":"AI 產生的內容可能不精確。 使用前檢閱。","replaceineditor":"取代編輯器中的所有程式碼","keepinmind":"請記住以下幾點:","beconsise":"簡潔但清晰地表達您的請求","avoidambiguity":"避免歧義和模糊","documentation":"說明文件","useexamples":"使用範例來闡明您的請求","moredetails":"您不需要在說明中使用確切的欄位名稱，但通常越詳細越好","seedocumentation":"請參閱 {documentation} 以獲取更多資訊，包括限制和其他資源。","assistantinformation":"助手資訊","profilecontextlabel":"設定檔內容: {profileId}","layercontextlabel":"圖層內容: {layerName}","numlayers":"{numLayers} {layerOrLayers}","numlayersplural":"圖層","numlayerssingular":"圖層","responsecontext":"回應內容","error":"錯誤","copytoclipboard":"將代碼複製到剪貼簿","copyprompttoclipboard":"將提示複製到剪貼簿","copiedsuccessfully":"已成功複製","helpful":"有幫助","unhelpful":"沒幫助","prompsuggestion1":"將值捨去至一個小數","prompsuggestion2":"如果值 > 10，則傳回 Yes","assistantcontext":"試_Assistant context__________________驗","context":"試_Context_______________驗","contextreduced":"試_Context reduced________________驗","contextreducedmessage":"試_Some profile variable values are too large to send to the assistant. They have been reduced to ensure a successful request_______________________________________________________________驗.","contexttoobig":"試_Context size exceeds the assistant's limit_______________________驗.","opencontextmenu":"試_Open context menu__________________驗","opencontextmenutitle":"試_Open context menu__________________驗","contexttoobigtitle":"試_Context size exceeds the assistant's limit. Use the checkboxes to reduce the size of the context__________________________________________________驗.","contextcalltoaction":"試_Use the checkboxes in the context menu to reduce the size of the context______________________________________驗.","contextitems":"試_context items______________驗","contextexplainer":"試_Context item counts are calculated from the relative size the variable will add to the assistant's context payload___________________________________________________________驗.","donotincludepersonalinfo":"試_Do not include personal or sensitive information_________________________驗","feedbackhelps":"試_Your feedback will be used to improve Esri products and services. {LearnMore} about how this data is used______________________________________________________驗.","interactiveblocks":"試_Interactive blocks___________________驗","legaldisclaimer":"試_Legal disclaimer_________________驗","cancel":"試_Cancel_____________驗"}