{"arcadeassistant":"Arcade asistentas","beta":"Beta","expressionapplied":"Išraiška taikoma rengyklei","askaquestion":"Nurodykite skaičiavimą arba logiką, kurių jums reikia Arcade išraiškoje. (pvz., pateikti „Taip“, jei reikšmė > 10)","enteraprompt":"Įveskite užklausą","assistantresponse":"Asistento atsakymas","submitfeedback":"Į_Submit feedback to Esri________________________š","submit":"Į_Submit_____________š","addtoeditor":"Pridėti rengyklėje","experiencehelpful":"Ar esate patenkinti asistento atsakymu?","describeexperience":"Aprašykite savo patirtį","besteffort":"Geriausias asistento pateiktas variantas","ask":"Generuoti","disclaimercomment":"ArcGIS Arcade asistento (beta) sugeneruota išraiška","feedback":"Atsiliepimai","erroroccurred":"Įvyko klaida.","recentprompts":"Naujausios komandos","generatingresponse":"Generuojamas atsakymas…","introducing":"Pristatome Arcade asistentą (beta)","capabilities":"Asistentas naudoja dirbtinį intelektą, kad sugeneruotų Arcade išraiškas.","aiassistants":"DI asistentai","useofassistant":"Į_The assistant uses artificial intelligence to generate Arcade expressions. To enable Arcade Assistant (beta), the following must be true______________________________________________________________________š:","enabledinorg":"Į_AI assistants are enabled in the organization settings____________________________š","enabledbetaapps":"Į_Beta apps and capabilities are not blocked______________________š","enabledroleprivilege":"Į_Your role privilege allows you to use AI assistants___________________________š","configureassistants":"Konfigūruoti asistentus","settings":"Nustatymai","new":"Naujas","learnmore":"Sužinokite daugiau","welcome":"Sveiki! Čia – naujas asistento funkcionalumas.","beforeyougetstarted":"Prieš pradėdami atkreipkite dėmesį į šiuos dalykus:","maybeincorrect":"DI sukurtas kodas kartais gali būti neteisingas arba šališkas. Atidžiai jį peržiūrėkite.","pleasereadhelp":"Pirmiausia perskaitykite Arcade asistento (beta versiją) {helpTopic} ir susipažinkite su informacija apie saugumą, privatumą ir apribojimus.","proceed":"Tęsti","exit":"Išeiti","promptsuggestions":"Užklausų pasiūlymai","promptsuggestion":"Užklausos pasiūlymas","assistantresponses":"Asistento atsakymai","collapse":"Suskleisti","thumbsup":"Iškeltas nykštys","thumbsdown":"Nuleistas nykštys","refine":"Tikslinti","startover":"Iš naujo","helptopic":"pagalbos tema","agreement":"Sutinku su {EsriPrivacyStatement} (ir {Supplement}).","esriprivacystatement":"Esri privatumo patvirtinimas","supplement":"Priedas","disclaimerpt2":"DI sugeneruotas turinys gali būti netikslus. Prieš naudodami peržiūrėkite.","replaceineditor":"Pakeisti visą rengyklėje esantį kodą","keepinmind":"Atminkite:","beconsise":"Pateikite glaustą, bet aiškią užklausą","avoidambiguity":"Venkite dviprasmybių ir neaiškių frazių","documentation":"dokumentacija","useexamples":"Paaiškinkite savo užklausą pateikdami pavyzdžių","moredetails":"Instrukcijose nebūtina naudoti tikslių laukų pavadinimų, tačiau kuo daugiau informacijos pateikiama, tuo paprastai būna geriau","seedocumentation":"Daugiau informacijos, įskaitant apribojimus ir papildomus išteklius, rasite {documentation}.","assistantinformation":"Asistento informacija","profilecontextlabel":"Profilio kontekstas: {profileId}","layercontextlabel":"Sluoksnio kontekstas: {layerName}","numlayers":"{numLayers} {layerOrLayers}","numlayersplural":"sluoksniai","numlayerssingular":"sluoksnis","responsecontext":"Atsakymo kontekstas","error":"Klaida","copytoclipboard":"Kopijuoti kodą į iškarpinę","copyprompttoclipboard":"Kopijuoti užklausą į iškarpinę","copiedsuccessfully":"Sėkmingai nukopijuota","helpful":"Naudingi","unhelpful":"Nenaudinga","prompsuggestion1":"Suapvalinti reikšmę iki dešimtainės dalies","prompsuggestion2":"Pateikti „Taip“, jei reikšmė > 10","assistantcontext":"Į_Assistant context__________________š","context":"Į_Context_______________š","contextreduced":"Į_Context reduced________________š","contextreducedmessage":"Į_Some profile variable values are too large to send to the assistant. They have been reduced to ensure a successful request_______________________________________________________________š.","contexttoobig":"Į_Context size exceeds the assistant's limit_______________________š.","opencontextmenu":"Į_Open context menu__________________š","opencontextmenutitle":"Į_Open context menu__________________š","contexttoobigtitle":"Į_Context size exceeds the assistant's limit. Use the checkboxes to reduce the size of the context__________________________________________________š.","contextcalltoaction":"Į_Use the checkboxes in the context menu to reduce the size of the context______________________________________š.","contextitems":"Į_context items______________š","contextexplainer":"Į_Context item counts are calculated from the relative size the variable will add to the assistant's context payload___________________________________________________________š.","donotincludepersonalinfo":"Į_Do not include personal or sensitive information_________________________š","feedbackhelps":"Į_Your feedback will be used to improve Esri products and services. {LearnMore} about how this data is used______________________________________________________š.","interactiveblocks":"Į_Interactive blocks___________________š","legaldisclaimer":"Į_Legal disclaimer_________________š","cancel":"Į_Cancel_____________š"}