{"arcadeassistant":"Asistent Arcade","beta":"Beta","expressionapplied":"Expresie aplicată în editor","askaquestion":"Specificați calculul sau logica de care aveți nevoie într-o expresie Arcade. (de exemplu, „Returnează Da dacă valoarea > 10”)","enteraprompt":"Vă rugăm să introduceți un mesaj","assistantresponse":"Răspunsul asistentului","submitfeedback":"Ă_Submit feedback to Esri________________________ș","submit":"Ă_Submit_____________ș","addtoeditor":"Adaugă în editor","experiencehelpful":"Sunteți mulțumit de răspunsul asistentului?","describeexperience":"Descrieți-vă experiența","besteffort":"Aceasta este cea mai bună variantă oferită de asistent","ask":"Generare","disclaimercomment":"Expresie generată de Asistentul ArcGIS Arcade (versiune beta)","feedback":"Feedback","erroroccurred":"A survenit o eroare.","recentprompts":"Mesaje recente","generatingresponse":"Se generează răspunsul...","introducing":"Vă prezentăm Asistentul Arcade (beta)","capabilities":"Asistentul folosește inteligența artificială pentru a genera expresii Arcade.","aiassistants":"Asistenți AI","useofassistant":"Ă_The assistant uses artificial intelligence to generate Arcade expressions. To enable Arcade Assistant (beta), the following must be true______________________________________________________________________ș:","enabledinorg":"Ă_AI assistants are enabled in the organization settings____________________________ș","enabledbetaapps":"Ă_Beta apps and capabilities are not blocked______________________ș","enabledroleprivilege":"Ă_Your role privilege allows you to use AI assistants___________________________ș","configureassistants":"Configurați asistenți","settings":"Setări","new":"Nou","learnmore":"Aflați mai multe","welcome":"Bine ați venit la noua experiență Asistent","beforeyougetstarted":"Înainte de a începe, rețineți:","maybeincorrect":"Codul generat de AI poate fi incorect sau subiectiv uneori. Verificați cu atenție.","pleasereadhelp":"Citiți {helpTopic} Asistent Arcade (beta) pentru noțiuni de bază și detalii cu privire la securitate și limitări.","proceed":"Continuaţi","exit":"Ieșire","promptsuggestions":"Sugestii prompt","promptsuggestion":"Sugestie prompt","assistantresponses":"Răspunsurile asistentului","collapse":"Restrângere","thumbsup":"Simbol de aprobare","thumbsdown":"Simbol de dezaprobare","refine":"Rafinați","startover":"Pornire de la început","helptopic":"subiect de ajutor","agreement":"Sunt de acord cu {EsriPrivacyStatement} (și {Supplement}).","esriprivacystatement":"Declarație de confidențialitate Esri","supplement":"Supliment","disclaimerpt2":"Conținutul generat de AI poate conține erori. Verificați înainte de utilizare.","replaceineditor":"Înlocuiți codul integral în editor","keepinmind":"Rețineți următoarele:","beconsise":"Solicitarea dvs. trebuie să fie concisă și clară","avoidambiguity":"Evitați ambiguitatea și neclaritatea","documentation":"documentație","useexamples":"Utilizați exemple pentru a clarifica solicitarea","moredetails":"Nu este nevoie să utilizați nume exacte de câmpuri în instrucțiuni, dar, în general, este mai bine să furnizați mai multe detalii","seedocumentation":"Consultați {documentation} pentru mai multe informații, inclusiv limitări și resurse suplimentare.","assistantinformation":"Informații asistent","profilecontextlabel":"Context profil: {profileId}","layercontextlabel":"Context strat tematic: {layerName}","numlayers":"{numLayers} {layerOrLayers}","numlayersplural":"straturi tematice","numlayerssingular":"strat tematic","responsecontext":"Context răspuns","error":"Eroare","copytoclipboard":"Copiați codul pe clipboard","copyprompttoclipboard":"Copiați promptul pe clipboard","copiedsuccessfully":"S-a copiat cu succes","helpful":"Utile","unhelpful":"Nu este util","prompsuggestion1":"Rotunjiți valoarea la o zecimală","prompsuggestion2":"Returnează Da dacă valoarea > 10","assistantcontext":"Ă_Assistant context__________________ș","context":"Ă_Context_______________ș","contextreduced":"Ă_Context reduced________________ș","contextreducedmessage":"Ă_Some profile variable values are too large to send to the assistant. They have been reduced to ensure a successful request_______________________________________________________________ș.","contexttoobig":"Ă_Context size exceeds the assistant's limit_______________________ș.","opencontextmenu":"Ă_Open context menu__________________ș","opencontextmenutitle":"Ă_Open context menu__________________ș","contexttoobigtitle":"Ă_Context size exceeds the assistant's limit. Use the checkboxes to reduce the size of the context__________________________________________________ș.","contextcalltoaction":"Ă_Use the checkboxes in the context menu to reduce the size of the context______________________________________ș.","contextitems":"Ă_context items______________ș","contextexplainer":"Ă_Context item counts are calculated from the relative size the variable will add to the assistant's context payload___________________________________________________________ș.","donotincludepersonalinfo":"Ă_Do not include personal or sensitive information_________________________ș","feedbackhelps":"Ă_Your feedback will be used to improve Esri products and services. {LearnMore} about how this data is used______________________________________________________ș.","interactiveblocks":"Ă_Interactive blocks___________________ș","legaldisclaimer":"Ă_Legal disclaimer_________________ș","cancel":"Ă_Cancel_____________ș"}