{"arcadeassistant":"مساعد Arcade","beta":"تجريبي","expressionapplied":"تم تطبيق التعبير على المحرر","askaquestion":"اختر الحساب أو المنطق المطلوب في تعبير Arcade (مثل: إرجاع نعم إذا كانت القيمة > 10)","enteraprompt":"يرجى إدخال المطالبة","assistantresponse":"استجابة المساعد","submitfeedback":"بيت_Submit feedback to Esri________________________لاحقة","submit":"بيت_Submit_____________لاحقة","addtoeditor":"أضف إلى المحرر","experiencehelpful":"هل أنت راضٍ عن استجابة المساعد؟","describeexperience":"صف تجربتك","besteffort":"هذه أفضل محاولة من المساعد","ask":"إنشاء","disclaimercomment":"تم إنشاء التعبير بواسطة مساعد Arcade من ArcGIS (نسخة تجريبية)","feedback":"تعليق","erroroccurred":"حدث خطأ.","recentprompts":"المطالبات الحديثة","generatingresponse":"جارٍ إنشاء الاستجابة...","introducing":"تقديم مساعد Arcade (نسخة تجريبية)","capabilities":"يستخدم المساعد الذكاء الاصطناعي لإنشاء تعبيرات Arcade.","aiassistants":"أدوات المساعدة التي تعمل بالذكاء الاصطناعي","useofassistant":"بيت_The assistant uses artificial intelligence to generate Arcade expressions. To enable Arcade Assistant (beta), the following must be true______________________________________________________________________لاحقة:","enabledinorg":"بيت_AI assistants are enabled in the organization settings____________________________لاحقة","enabledbetaapps":"بيت_Beta apps and capabilities are not blocked______________________لاحقة","enabledroleprivilege":"بيت_Your role privilege allows you to use AI assistants___________________________لاحقة","configureassistants":"تكوين المساعدين","settings":"الإعدادات","new":"جديد","learnmore":"تعرّف على المزيد","welcome":"مرحبًا بك في تجربة المساعد الجديدة","beforeyougetstarted":"قبل أن تبدأ، انتبه إلى:","maybeincorrect":"في بعض الأحيان، يكون الكود المُنشأ بواسطة الذكاء الاصطناعي غير صحيح أو متحيزًا. راجعه بعناية.","pleasereadhelp":"اقرأ {helpTopic} الخاص بمساعد Arcade (التجريبي) للبدء ومعرفة التفاصيل المتعلقة بالأمان والخصوصية والقيود.","proceed":"متابعة","exit":"خروج","promptsuggestions":"اقتراحات الأوامر","promptsuggestion":"اقتراح الأمر","assistantresponses":"إجابات المساعد","collapse":"طي","thumbsup":"الإعجاب","thumbsdown":"إلغاء الإعجاب","refine":"تنقية","startover":"البدء من جديد","helptopic":"موضوع التعليمات","agreement":"أوافق على {EsriPrivacyStatement} (و{Supplement}).","esriprivacystatement":"بيان خصوصية Esri","supplement":"ملحق","disclaimerpt2":"قد يكون المحتوى الذي أنشأه الذكاء الاصطناعي غير دقيق. المراجعة قبل الاستخدام.","replaceineditor":"استبدال جميع الأكواد في المحرر","keepinmind":"ضع ما يلي في اعتبارك:","beconsise":"كن مختصرًا، ولكن واضحًا في طلبك","avoidambiguity":"تجنب الغموض والالتباس","documentation":"الوثائق","useexamples":"استخدم الأمثلة لتوضيح طلبك","moredetails":"لا تحتاج إلى استخدام أسماء الحقل الدقيقة في تعليماتك، لكن بشكل عام، كلما زادت التفاصيل كان ذلك أفضل.","seedocumentation":"يرجى الاطلاع على {documentation} للحصول على مزيد من المعلومات، بما في ذلك القيود والموارد الإضافية.","assistantinformation":"معلومات المساعد","profilecontextlabel":"سياق ملف التعريف: {profileId}","layercontextlabel":"سياق الطبقة: {layerName}","numlayers":"{numLayers} {layerOrLayers}","numlayersplural":"طبقات","numlayerssingular":"الطبقة","responsecontext":"سياق الاستجابة","error":"خطأ","copytoclipboard":"نسخ الكود إلى الحافظة","copyprompttoclipboard":"نسخ الطلب إلى الحافظة","copiedsuccessfully":"تم النسخ بنجاح","helpful":"مفيدة","unhelpful":"غير مفيد","prompsuggestion1":"تقريب القيمة إلى خانة عشرية واحدة","prompsuggestion2":"إرجاع نعم إذا كانت القيمة > 10","assistantcontext":"بيت_Assistant context__________________لاحقة","context":"بيت_Context_______________لاحقة","contextreduced":"بيت_Context reduced________________لاحقة","contextreducedmessage":"بيت_Some profile variable values are too large to send to the assistant. They have been reduced to ensure a successful request_______________________________________________________________لاحقة.","contexttoobig":"بيت_Context size exceeds the assistant's limit_______________________لاحقة.","opencontextmenu":"بيت_Open context menu__________________لاحقة","opencontextmenutitle":"بيت_Open context menu__________________لاحقة","contexttoobigtitle":"بيت_Context size exceeds the assistant's limit. Use the checkboxes to reduce the size of the context__________________________________________________لاحقة.","contextcalltoaction":"بيت_Use the checkboxes in the context menu to reduce the size of the context______________________________________لاحقة.","contextitems":"بيت_context items______________لاحقة","contextexplainer":"بيت_Context item counts are calculated from the relative size the variable will add to the assistant's context payload___________________________________________________________لاحقة.","donotincludepersonalinfo":"بيت_Do not include personal or sensitive information_________________________لاحقة","feedbackhelps":"بيت_Your feedback will be used to improve Esri products and services. {LearnMore} about how this data is used______________________________________________________لاحقة.","interactiveblocks":"بيت_Interactive blocks___________________لاحقة","legaldisclaimer":"بيت_Legal disclaimer_________________لاحقة","cancel":"بيت_Cancel_____________لاحقة"}