{"arcadeassistant":"Arcade assistant","beta":"Beta","expressionapplied":"Expression applied to editor","askaquestion":"Specify the calculation or logic you need in an Arcade expression. (e.g., Return Yes if value > 10)","enteraprompt":"Please enter a prompt","assistantresponse":"Assistant response","submitfeedback":"Submit feedback to Esri","submit":"Submit","addtoeditor":"Add to editor","experiencehelpful":"Are you satisfied with the assistant's response?","describeexperience":"Describe your experience","besteffort":"Here's the assistant's best effort","ask":"Generate","disclaimercomment":"Expression generated by ArcGIS Arcade Assistant (beta)","feedback":"Feedback","erroroccurred":"An error occured.","recentprompts":"Recent prompts","generatingresponse":"Generating response...","introducing":"Introducing Arcade Assistant (beta)","capabilities":"The assistant uses artificial intelligence to generate Arcade expressions.","aiassistants":"AI assistants","useofassistant":"The assistant uses artificial intelligence to generate Arcade expressions. To enable Arcade Assistant (beta), the following must be true:","enabledinorg":"AI assistants are enabled in the organization settings","enabledbetaapps":"Beta apps and capabilities are not blocked","enabledroleprivilege":"Your role privilege allows you to use AI assistants","configureassistants":"Configure assistants","settings":"Settings","new":"New","learnmore":"Learn more","welcome":"Welcome to the new assistant experience","beforeyougetstarted":"Before you get started be aware:","maybeincorrect":"AI generated code may occasionally be incorrect or biased. Review carefully.","pleasereadhelp":"Read the Arcade Assistant (beta) {helpTopic} to get started and learn details on security, privacy and limitations.","proceed":"Proceed","exit":"Exit","promptsuggestions":"Prompt suggestions","promptsuggestion":"Prompt suggestion","assistantresponses":"Assistant responses","collapse":"Collapse","thumbsup":"Thumbs up","thumbsdown":"Thumbs down","refine":"Refine","startover":"Start over","helptopic":"help topic","agreement":"I agree to the {EsriPrivacyStatement} (and {Supplement}).","esriprivacystatement":"Esri Privacy Statement","supplement":"Supplement","disclaimerpt2":"AI-generated content may be inaccurate. Review before using.","replaceineditor":"Replace all code in editor","keepinmind":"Keep in mind the following:","beconsise":"Be concise, but also clear in your request","avoidambiguity":"Avoid ambiguity and vagueness","documentation":"documentation","useexamples":"Use examples to clarify your request","moredetails":"You do not need to use exact field names in your instructions, but more detail is generally better","seedocumentation":"Please see the {documentation} for more information, including limitations and additional resources.","assistantinformation":"Assistant information","profilecontextlabel":"Profile context: {profileId}","layercontextlabel":"Layer context: {layerName}","numlayers":"{numLayers} {layerOrLayers}","numlayersplural":"layers","numlayerssingular":"layer","responsecontext":"Response context","error":"Error","copytoclipboard":"Copy code to clipboard","copyprompttoclipboard":"Copy prompt to clipboard","copiedsuccessfully":"Copied successfully","helpful":"Helpful","unhelpful":"Unhelpful","prompsuggestion1":"Round value to one decimal place","prompsuggestion2":"Return Yes if value > 10","assistantcontext":"Assistant context","context":"Context","contextreduced":"Context reduced","contextreducedmessage":"Some profile variable values are too large to send to the assistant. They have been reduced to ensure a successful request.","contexttoobig":"Context size exceeds the assistant's limit.","opencontextmenu":"Open context menu","opencontextmenutitle":"Open context menu","contexttoobigtitle":"Context size exceeds the assistant's limit. Use the checkboxes to reduce the size of the context.","contextcalltoaction":"Use the checkboxes in the context menu to reduce the size of the context.","contextitems":"context items","contextexplainer":"Context item counts are calculated from the relative size the variable will add to the assistant's context payload.","donotincludepersonalinfo":"Do not include personal or sensitive information","feedbackhelps":"Your feedback will be used to improve Esri products and services. {LearnMore} about how this data is used.","interactiveblocks":"Interactive blocks","legaldisclaimer":"Legal disclaimer","cancel":"Cancel"}