{"arcadeassistant":"Asisten Arcade","beta":"Beta","expressionapplied":"Ekspresi diterapkan ke editor","askaquestion":"Tentukan penghitungan atau logika yang Anda perlukan di ekspresi Arcade. (Misalnya, Menampilkan Ya jika nilai > 10)","enteraprompt":"Masukkan perintah","assistantresponse":"Respons asisten","submitfeedback":"ng_Submit feedback to Esri________________________ny","submit":"ng_Submit_____________ny","addtoeditor":"Tambahkan ke editor","experiencehelpful":"Apakah Anda puas dengan respons asisten?","describeexperience":"Deskripsikan pengalaman Anda","besteffort":"Inilah upaya terbaik asisten","ask":"Buat","disclaimercomment":"Ekspresi yang dihasilkan oleh Asisten ArcGIS Arcade (beta)","feedback":"Umpan balik","erroroccurred":"Terjadi kesalahan.","recentprompts":"Prompt terbaru","generatingresponse":"Menghasilkan respons...","introducing":"Memperkenalkan Asisten Arcade (beta)","capabilities":"Asisten menggunakan AI untuk menghasilkan ekspresi Arcade.","aiassistants":"Asisten AI","useofassistant":"ng_The assistant uses artificial intelligence to generate Arcade expressions. To enable Arcade Assistant (beta), the following must be true______________________________________________________________________ny:","enabledinorg":"ng_AI assistants are enabled in the organization settings____________________________ny","enabledbetaapps":"ng_Beta apps and capabilities are not blocked______________________ny","enabledroleprivilege":"ng_Your role privilege allows you to use AI assistants___________________________ny","configureassistants":"Konfigurasi asisten","settings":"Pengaturan","new":"Baru","learnmore":"Pelajari selengkapnya","welcome":"Selamat datang di pengalaman asisten baru","beforeyougetstarted":"Sebelum Anda memulai, ketahui:","maybeincorrect":"Kode buatan AI terkadang mungkin salah atau bias. Tinjau dengan saksama.","pleasereadhelp":"Baca Asisten Arcade (beta) {helpTopic} untuk memulai dan mempelajari detail tentang keamanan, privasi, dan batasan.","proceed":"Lanjutkan","exit":"Keluar","promptsuggestions":"Saran input","promptsuggestion":"Saran input","assistantresponses":"Respons asisten","collapse":"Tutup","thumbsup":"Acungan jempol","thumbsdown":"Jempol terbalik","refine":"Perhalus","startover":"Mulai ulang","helptopic":"topik bantuan","agreement":"Saya menyetujui {EsriPrivacyStatement} (dan {Supplement}).","esriprivacystatement":"Pernyataan Privasi Esri","supplement":"Tambahan","disclaimerpt2":"Konten buatan AI mungkin tidak akurat. Tinjau sebelum menggunakan.","replaceineditor":"Ganti semua kode dalam editor","keepinmind":"Harap ingat hal berikut:","beconsise":"Buatlah permintaan yang singkat, tetapi jelas juga","avoidambiguity":"Hindari ambiguitas dan ketidakjelasan","documentation":"dokumentasi","useexamples":"Gunakan contoh untuk memperjelas permintaan Anda","moredetails":"Anda tidak perlu menggunakan nama kolom yang tepat dalam instruksi Anda, tetapi detail lebih lanjut umumnya lebih baik","seedocumentation":"Silakan lihat {documentation} untuk informasi selengkapnya, termasuk batasan dan sumber daya tambahan.","assistantinformation":"Informasi asisten","profilecontextlabel":"Konteks profil: {profileId}","layercontextlabel":"Konteks layer: {layerName}","numlayers":"{numLayers} {layerOrLayers}","numlayersplural":"layer","numlayerssingular":"layer","responsecontext":"Konteks respons","error":"Kesalahan","copytoclipboard":"Salin kode ke clipboard","copyprompttoclipboard":"Salin input ke clipboard","copiedsuccessfully":"Berhasil disalin","helpful":"Bermanfaat","unhelpful":"Tidak bermanfaat","prompsuggestion1":"Membulatkan nilai ke satu angka desimal","prompsuggestion2":"Menampilkan Ya jika nilai > 10","assistantcontext":"ng_Assistant context__________________ny","context":"ng_Context_______________ny","contextreduced":"ng_Context reduced________________ny","contextreducedmessage":"ng_Some profile variable values are too large to send to the assistant. They have been reduced to ensure a successful request_______________________________________________________________ny.","contexttoobig":"ng_Context size exceeds the assistant's limit_______________________ny.","opencontextmenu":"ng_Open context menu__________________ny","opencontextmenutitle":"ng_Open context menu__________________ny","contexttoobigtitle":"ng_Context size exceeds the assistant's limit. Use the checkboxes to reduce the size of the context__________________________________________________ny.","contextcalltoaction":"ng_Use the checkboxes in the context menu to reduce the size of the context______________________________________ny.","contextitems":"ng_context items______________ny","contextexplainer":"ng_Context item counts are calculated from the relative size the variable will add to the assistant's context payload___________________________________________________________ny.","donotincludepersonalinfo":"ng_Do not include personal or sensitive information_________________________ny","feedbackhelps":"ng_Your feedback will be used to improve Esri products and services. {LearnMore} about how this data is used______________________________________________________ny.","interactiveblocks":"ng_Interactive blocks___________________ny","legaldisclaimer":"ng_Legal disclaimer_________________ny","cancel":"ng_Cancel_____________ny"}