{"arcadeassistant":"Asistente de Arcade","beta":"Beta","expressionapplied":"Expresión aplicada al editor","askaquestion":"Especifique el cálculo o lógica que necesita en una expresión de Arcade. (p. ej.: Return Yes if value > 10)","enteraprompt":"Introduzca una instrucción","assistantresponse":"Respuesta del asistente","submitfeedback":"á_Submit feedback to Esri________________________Ó","submit":"á_Submit_____________Ó","addtoeditor":"Agregar a editor","experiencehelpful":"¿Está satisfecho con la respuesta del asistente?","describeexperience":"Describir su experiencia","besteffort":"Este es el mayor esfuerzo del asistente","ask":"Generar","disclaimercomment":"Expresión generada por el asistente de ArcGIS Arcade (beta)","feedback":"Comentarios","erroroccurred":"Se produjo un error.","recentprompts":"Solicitudes recientes","generatingresponse":"Generando respuesta...","introducing":"Presentación del asistente de Arcade (beta)","capabilities":"El asistente utiliza inteligencia artificial para generar expresiones de Arcade.","aiassistants":"Asistentes de IA","useofassistant":"á_The assistant uses artificial intelligence to generate Arcade expressions. To enable Arcade Assistant (beta), the following must be true______________________________________________________________________Ó:","enabledinorg":"á_AI assistants are enabled in the organization settings____________________________Ó","enabledbetaapps":"á_Beta apps and capabilities are not blocked______________________Ó","enabledroleprivilege":"á_Your role privilege allows you to use AI assistants___________________________Ó","configureassistants":"Configurar asistentes","settings":"Configuración","new":"Nuevo","learnmore":"Más información","welcome":"Le damos la bienvenida a la nueva experiencia con los asistentes","beforeyougetstarted":"Antes de empezar, tenga en cuenta lo siguiente:","maybeincorrect":"En ocasiones, el código generado por IA puede ser incorrecto o estar sesgado. Revíselo detenidamente.","pleasereadhelp":"Lea el {helpTopic} del asistente de Arcade (beta) para empezar a familiarizarse con él y conocer detalles sobre seguridad, privacidad y limitaciones.","proceed":"Continuar","exit":"Salir","promptsuggestions":"Sugerencias de consultas","promptsuggestion":"Sugerencia de consulta","assistantresponses":"Respuestas del asistente","collapse":"Contraer","thumbsup":"Pulgar arriba","thumbsdown":"Pulgar abajo","refine":"Perfeccionar","startover":"Volver a empezar","helptopic":"tema de ayuda","agreement":"Acepto la {EsriPrivacyStatement} (y el {Supplement}).","esriprivacystatement":"Declaración de privacidad de Esri","supplement":"Suplemento","disclaimerpt2":"El contenido generado por IA puede ser inexacto. Revíselo antes de usarlo.","replaceineditor":"Reemplazar todo el código en el editor","keepinmind":"Tenga en cuenta lo siguiente:","beconsise":"Sea conciso, a la vez que claro, en su solicitud.","avoidambiguity":"Evite la ambigüedad y el lenguaje vago.","documentation":"documentación","useexamples":"Utilice ejemplos para aclarar su solicitud.","moredetails":"No es necesario que utilice nombres de campo exactos en sus instrucciones, pero generalmente es mejor incluir detalles.","seedocumentation":"Consulte la {documentation} para obtener más información, incluidas limitaciones y recursos adicionales.","assistantinformation":"Información del asistente","profilecontextlabel":"Contexto del perfil: {profileId}","layercontextlabel":"Contexto de la capa: {layerName}","numlayers":"{numLayers} {layerOrLayers}","numlayersplural":"capas","numlayerssingular":"capa","responsecontext":"Contexto de la respuesta","error":"Error","copytoclipboard":"Copiar código al portapapeles","copyprompttoclipboard":"Copiar consulta al portapapeles","copiedsuccessfully":"Copiado correctamente","helpful":"Útil","unhelpful":"No útil","prompsuggestion1":"Redondear el valor a un decimal","prompsuggestion2":"Return Yes if value > 10","assistantcontext":"á_Assistant context__________________Ó","context":"á_Context_______________Ó","contextreduced":"á_Context reduced________________Ó","contextreducedmessage":"á_Some profile variable values are too large to send to the assistant. They have been reduced to ensure a successful request_______________________________________________________________Ó.","contexttoobig":"á_Context size exceeds the assistant's limit_______________________Ó.","opencontextmenu":"á_Open context menu__________________Ó","opencontextmenutitle":"á_Open context menu__________________Ó","contexttoobigtitle":"á_Context size exceeds the assistant's limit. Use the checkboxes to reduce the size of the context__________________________________________________Ó.","contextcalltoaction":"á_Use the checkboxes in the context menu to reduce the size of the context______________________________________Ó.","contextitems":"á_context items______________Ó","contextexplainer":"á_Context item counts are calculated from the relative size the variable will add to the assistant's context payload___________________________________________________________Ó.","donotincludepersonalinfo":"á_Do not include personal or sensitive information_________________________Ó","feedbackhelps":"á_Your feedback will be used to improve Esri products and services. {LearnMore} about how this data is used______________________________________________________Ó.","interactiveblocks":"á_Interactive blocks___________________Ó","legaldisclaimer":"á_Legal disclaimer_________________Ó","cancel":"á_Cancel_____________Ó"}