{"arcadeassistant":"Arcade Assistant","beta":"Beta","expressionapplied":"Výraz použitý v editore","askaquestion":"Špecifikujte výpočet alebo logiku, ktorú požadujete vo výraze Arcade. (napr. Vrátiť Áno, ak je hodnota > 10)","enteraprompt":"Zadajte výzvu","assistantresponse":"Odpoveď asistenta","submitfeedback":"ĺ_Submit feedback to Esri________________________ľ","submit":"ĺ_Submit_____________ľ","addtoeditor":"Pridať do editora","experiencehelpful":"Ste spokojní s odpoveďou asistenta?","describeexperience":"Opíšte svoje skúsenosti","besteffort":"Tu je najlepší výsledok asistenta","ask":"Generovať","disclaimercomment":"Výraz generovaný pomocou ArcGIS Arcade Assistant (beta)","feedback":"Spätná väzba","erroroccurred":"Vyskytla sa chyba.","recentprompts":"Nedávne výzvy","generatingresponse":"Generuje sa odpoveď...","introducing":"Predstavujeme Arcade Assistant (beta)","capabilities":"Asistent používa umelú inteligenciu na generovanie výrazov Arcade.","aiassistants":"AI asistenti","useofassistant":"ĺ_The assistant uses artificial intelligence to generate Arcade expressions. To enable Arcade Assistant (beta), the following must be true______________________________________________________________________ľ:","enabledinorg":"ĺ_AI assistants are enabled in the organization settings____________________________ľ","enabledbetaapps":"ĺ_Beta apps and capabilities are not blocked______________________ľ","enabledroleprivilege":"ĺ_Your role privilege allows you to use AI assistants___________________________ľ","configureassistants":"Konfigurovať asistentov","settings":"Nastavenia","new":"Nové","learnmore":"Zistiť viac","welcome":"Vitajte v novom prostredí asistentov","beforeyougetstarted":"Skôr než začnete, majte na pamäti:","maybeincorrect":"AI generovaný kód môže byť občas nesprávny alebo skreslený. Pozorne ho skontrolujte.","pleasereadhelp":"Prečítajte si Arcade Assistant (beta) {helpTopic}, aby ste mohli začať a dozvedeli sa podrobnosti o bezpečnosti, súkromí a obmedzeniach.","proceed":"Pokračovať","exit":"Ukončiť","promptsuggestions":"Návrhy na výzvy","promptsuggestion":"Návrh na výzvu","assistantresponses":"Odpovede asistenta","collapse":"Zbaliť","thumbsup":"Palec hore","thumbsdown":"Palec dole","refine":"Spresniť","startover":"Začať znova","helptopic":"téma pomocníka","agreement":"Súhlasím s {EsriPrivacyStatement} (a {Supplement}).","esriprivacystatement":"Vyhlásenie o ochrane osobných údajov Esri","supplement":"Dodatok","disclaimerpt2":"AI generovaný obsah môže byť nepresný. Pred použitím skontrolujte.","replaceineditor":"Nahradiť celý kód v editore","keepinmind":"Majte na pamäti nasledujúce:","beconsise":"Pri zadávaní požiadavky buďte struční, ale zároveň jednoznační.","avoidambiguity":"Vyhnite sa nejednoznačnosti a nejasnostiam","documentation":"dokumentácia","useexamples":"Na objasnenie vašej požiadavky použite príklady","moredetails":"V pokynoch nemusíte používať presné názvy polí, ale viac detailov je vo všeobecnosti lepšie","seedocumentation":"Ďalšie informácie, vrátane obmedzení a dodatočných zdrojov, nájdete v {documentation}.","assistantinformation":"Informácie o asistentovi","profilecontextlabel":"Kontext profilu: {profileId}","layercontextlabel":"Kontext vrstvy: {layerName}","numlayers":"{numLayers} {layerOrLayers}","numlayersplural":"vrstvy","numlayerssingular":"vrstva","responsecontext":"Kontext odpovedi","error":"Chyba","copytoclipboard":"Skopírovať kód do schránky","copyprompttoclipboard":"Skopírovať výzvu do schránky","copiedsuccessfully":"Úspešne skopírované","helpful":"Užitočné","unhelpful":"Neužitočné","prompsuggestion1":"Zaokrúhliť hodnotu na jedno desatinné miesto","prompsuggestion2":"Vrátiť Áno, ak je hodnota > 10","assistantcontext":"ĺ_Assistant context__________________ľ","context":"ĺ_Context_______________ľ","contextreduced":"ĺ_Context reduced________________ľ","contextreducedmessage":"ĺ_Some profile variable values are too large to send to the assistant. They have been reduced to ensure a successful request_______________________________________________________________ľ.","contexttoobig":"ĺ_Context size exceeds the assistant's limit_______________________ľ.","opencontextmenu":"ĺ_Open context menu__________________ľ","opencontextmenutitle":"ĺ_Open context menu__________________ľ","contexttoobigtitle":"ĺ_Context size exceeds the assistant's limit. Use the checkboxes to reduce the size of the context__________________________________________________ľ.","contextcalltoaction":"ĺ_Use the checkboxes in the context menu to reduce the size of the context______________________________________ľ.","contextitems":"ĺ_context items______________ľ","contextexplainer":"ĺ_Context item counts are calculated from the relative size the variable will add to the assistant's context payload___________________________________________________________ľ.","donotincludepersonalinfo":"ĺ_Do not include personal or sensitive information_________________________ľ","feedbackhelps":"ĺ_Your feedback will be used to improve Esri products and services. {LearnMore} about how this data is used______________________________________________________ľ.","interactiveblocks":"ĺ_Interactive blocks___________________ľ","legaldisclaimer":"ĺ_Legal disclaimer_________________ľ","cancel":"ĺ_Cancel_____________ľ"}