{"arcadeassistant":"Assistent d'Arcade","beta":"Beta","expressionapplied":"Expressió aplicada a l'editor","askaquestion":"Especifiqueu el càlcul o la lògica que necessiteu en una expressió d'Arcade. (p. ex., Retorna Sí si el valor > 10)","enteraprompt":"Introduïu una petició","assistantresponse":"Resposta de l'assistent","submitfeedback":"ó_Submit feedback to Esri________________________à","submit":"ó_Submit_____________à","addtoeditor":"Afegeix a l'editor","experiencehelpful":"Us ha satisfet la resposta de l'assistent?","describeexperience":"Descriviu la vostra experiència","besteffort":"Aquesta és la millor resposta que us pot oferir l'assistent","ask":"Genera","disclaimercomment":"Expressió generada amb l'assistent de l'ArcGIS Arcade (beta)","feedback":"Comentaris","erroroccurred":"Hi ha hagut un error.","recentprompts":"Peticions recents","generatingresponse":"S'està generant la resposta...","introducing":"Presentem l'assistent d'Arcade (beta)","capabilities":"L'assistent fa servir intel·ligència artificial per generar expressions d'Arcade.","aiassistants":"Assistents d'IA","useofassistant":"ó_The assistant uses artificial intelligence to generate Arcade expressions. To enable Arcade Assistant (beta), the following must be true______________________________________________________________________à:","enabledinorg":"ó_AI assistants are enabled in the organization settings____________________________à","enabledbetaapps":"ó_Beta apps and capabilities are not blocked______________________à","enabledroleprivilege":"ó_Your role privilege allows you to use AI assistants___________________________à","configureassistants":"Configura els assistents","settings":"Configuració","new":"Nou","learnmore":"Més informació","welcome":"Us donem la benvinguda a la nova experiència de l'assistent","beforeyougetstarted":"Abans de començar, tingueu en compte el següent:","maybeincorrect":"És possible que el codi generat per la IA de vegades no sigui correcte o estigui esbiaixat. Reviseu-lo amb cura.","pleasereadhelp":"Llegiu el {helpTopic} de l'assistent d'Arcade (beta) per començar i obtenir informació sobre la seguretat, la privadesa i les limitacions.","proceed":"Continua","exit":"Surt","promptsuggestions":"Suggeriments de petició","promptsuggestion":"Seggeriment de petició","assistantresponses":"Respostes de l'assistent","collapse":"Redueix","thumbsup":"Polze amunt","thumbsdown":"Polze avall","refine":"Refina","startover":"Comença de nou","helptopic":"tema d'ajuda","agreement":"Accepto la {EsriPrivacyStatement} (i el {Supplement}).","esriprivacystatement":"Declaració de privadesa d'Esri","supplement":"Suplement","disclaimerpt2":"És possible que el contingut generat per la IA no sigui precís. Reviseu-lo abans de fer-lo servir.","replaceineditor":"Substitueix tot el codi a l'editor","keepinmind":"Tingueu en compte el següent:","beconsise":"La sol·licitud ha de ser concisa, però clara","avoidambiguity":"Eviteu l'ambigüitat i la vaguetat","documentation":"documentació","useexamples":"Feu servir exemples per explicar millor la sol·licitud","moredetails":"A les instruccions, no cal que feu servir els noms de camp exactes, però normalment com més detalls aporteu, millor","seedocumentation":"Consulteu la {documentation} per obtenir més informació, com ara sobre les limitacions i recursos addicionals.","assistantinformation":"Informació de l'assistent","profilecontextlabel":"Context del perfil: {profileId}","layercontextlabel":"Context de la capa: {layerName}","numlayers":"{numLayers} {layerOrLayers}","numlayersplural":"capes","numlayerssingular":"capa","responsecontext":"Context de la resposta","error":"Error","copytoclipboard":"Copia el codi al porta-retalls","copyprompttoclipboard":"Copia la petició al porta-retalls","copiedsuccessfully":"S'ha copiat correctament","helpful":"És útil","unhelpful":"No és útil","prompsuggestion1":"Arrodoniu el valor a una posició decimal","prompsuggestion2":"Retorna Sí si el valor > 10","assistantcontext":"ó_Assistant context__________________à","context":"ó_Context_______________à","contextreduced":"ó_Context reduced________________à","contextreducedmessage":"ó_Some profile variable values are too large to send to the assistant. They have been reduced to ensure a successful request_______________________________________________________________à.","contexttoobig":"ó_Context size exceeds the assistant's limit_______________________à.","opencontextmenu":"ó_Open context menu__________________à","opencontextmenutitle":"ó_Open context menu__________________à","contexttoobigtitle":"ó_Context size exceeds the assistant's limit. Use the checkboxes to reduce the size of the context__________________________________________________à.","contextcalltoaction":"ó_Use the checkboxes in the context menu to reduce the size of the context______________________________________à.","contextitems":"ó_context items______________à","contextexplainer":"ó_Context item counts are calculated from the relative size the variable will add to the assistant's context payload___________________________________________________________à.","donotincludepersonalinfo":"ó_Do not include personal or sensitive information_________________________à","feedbackhelps":"ó_Your feedback will be used to improve Esri products and services. {LearnMore} about how this data is used______________________________________________________à.","interactiveblocks":"ó_Interactive blocks___________________à","legaldisclaimer":"ó_Legal disclaimer_________________à","cancel":"ó_Cancel_____________à"}