{"arcadeassistant":"עוזר Arcade","beta":"בטא","expressionapplied":"ביטוי הוחל על עורך","askaquestion":"ציין את החישוב או הלוגיקה שנדרשים בביטוי Arcade. (לדוגמה, 'החזר כן אם הערך > 10')","enteraprompt":"יש להזין הנחיה","assistantresponse":"תגובת העוזר","submitfeedback":"כן_Submit feedback to Esri________________________ש","submit":"כן_Submit_____________ש","addtoeditor":"הוסף לעורך","experiencehelpful":"האם אתה מרוצה מתגובת העוזר?","describeexperience":"תאר את החוויה שלך","besteffort":"הנה המיטב שהפיק העוזר","ask":"צור","disclaimercomment":"ביטוי הופק על ידי ArcGIS Arcade Assistant (בטא)","feedback":"משוב","erroroccurred":"אירעה שגיאה.","recentprompts":"הנחיות אחרונות","generatingresponse":"מפיק תגובה...","introducing":"היכרות עם Arcade Assistant (בטא)","capabilities":"העוזר משתמש בבינה מלאכותית כדי להפיק ביטויי Arcade.","aiassistants":"עוזרי בינה מלאכותית","useofassistant":"כן_The assistant uses artificial intelligence to generate Arcade expressions. To enable Arcade Assistant (beta), the following must be true______________________________________________________________________ש:","enabledinorg":"כן_AI assistants are enabled in the organization settings____________________________ש","enabledbetaapps":"כן_Beta apps and capabilities are not blocked______________________ש","enabledroleprivilege":"כן_Your role privilege allows you to use AI assistants___________________________ש","configureassistants":"הגדר עוזרים","settings":"הגדרות","new":"חדש","learnmore":"מידע נוסף","welcome":"ברוך הבא לחוויה החדשה של העוזר","beforeyougetstarted":"לפני שתתחיל, שים לב:","maybeincorrect":"קוד שהופק על ידי AI עשוי לעתים להיות שגוי או מוטה. יש לבדוק בקפידה.","pleasereadhelp":"קרא את Arcade Assistant (בטא) {helpTopic} כדי להתחיל ולקבל פרטים על אבטחה, פרטיות ומגבלות.","proceed":"המשך","exit":"יציאה","promptsuggestions":"הצעות להנחיות","promptsuggestion":"הצעה להנחיה","assistantresponses":"תגובות עוזר","collapse":"צמצם","thumbsup":"אגודל למעלה","thumbsdown":"אגודל למטה","refine":"חדד","startover":"התחל מחדש","helptopic":"נושא עזרה","agreement":"אני מסכים ל{EsriPrivacyStatement} (וגם ל{Supplement}).","esriprivacystatement":"הצהרת הפרטיות של Esri","supplement":"תוספת","disclaimerpt2":"תוכן שהופק על ידי AI עלול להיות לא מדויק. יש לבדוק לפני שימוש.","replaceineditor":"החלף את כל הקוד בעורך","keepinmind":"זכור את הנקודות הבאות:","beconsise":"נסח את בקשתך בקצרה אך באופן ברור","avoidambiguity":"הימנע מחוסר בהירות וערפול","documentation":"תיעוד","useexamples":"השתמש בדוגמאות כדי להבהיר את בקשתך","moredetails":"אין צורך להשתמש בשמות שדות מדויקים בהוראות, אך בדרך עדיף לספק פירוט נוספ","seedocumentation":"למידע נוסף כולל מגבלות ומשאבים נוספים, ראה {documentation}.","assistantinformation":"פרטי עוזר","profilecontextlabel":"הקשר פרופיל: {profileId}","layercontextlabel":"הקשר שכבה: {layerName}","numlayers":"{numLayers} {layerOrLayers}","numlayersplural":"שכבות","numlayerssingular":"שכבה","responsecontext":"הקשר תגובה","error":"שגיאה","copytoclipboard":"העתק קוד ללוח העריכה","copyprompttoclipboard":"העתק הנחיה ללוח העריכה","copiedsuccessfully":"הועתק בהצלחה","helpful":"מועילות","unhelpful":"לא מועיל","prompsuggestion1":"עגל את הערך למיקום עשרוני אחד","prompsuggestion2":"החזר כן אם הערך > 10","assistantcontext":"כן_Assistant context__________________ש","context":"כן_Context_______________ש","contextreduced":"כן_Context reduced________________ש","contextreducedmessage":"כן_Some profile variable values are too large to send to the assistant. They have been reduced to ensure a successful request_______________________________________________________________ש.","contexttoobig":"כן_Context size exceeds the assistant's limit_______________________ש.","opencontextmenu":"כן_Open context menu__________________ש","opencontextmenutitle":"כן_Open context menu__________________ש","contexttoobigtitle":"כן_Context size exceeds the assistant's limit. Use the checkboxes to reduce the size of the context__________________________________________________ש.","contextcalltoaction":"כן_Use the checkboxes in the context menu to reduce the size of the context______________________________________ש.","contextitems":"כן_context items______________ש","contextexplainer":"כן_Context item counts are calculated from the relative size the variable will add to the assistant's context payload___________________________________________________________ש.","donotincludepersonalinfo":"כן_Do not include personal or sensitive information_________________________ש","feedbackhelps":"כן_Your feedback will be used to improve Esri products and services. {LearnMore} about how this data is used______________________________________________________ש.","interactiveblocks":"כן_Interactive blocks___________________ש","legaldisclaimer":"כן_Legal disclaimer_________________ש","cancel":"כן_Cancel_____________ש"}