{"arcadeassistant":"Arcade 助手","beta":"Beta","expressionapplied":"表达式已应用于编辑器","askaquestion":"在 Arcade 表达式中指定所需计算或逻辑。 (例如，如果值 > 10，返回 Yes)","enteraprompt":"请输入提示","assistantresponse":"助手响应","submitfeedback":"试_Submit feedback to Esri________________________验","submit":"试_Submit_____________验","addtoeditor":"添加至编辑器","experiencehelpful":"是否对助手的响应满意?","describeexperience":"描述您的体验","besteffort":"这是助手的最佳尝试","ask":"生成","disclaimercomment":"由 ArcGIS Arcade Assistant (beta) 生成的表达式","feedback":"反馈","erroroccurred":"发生错误。","recentprompts":"最近的提示","generatingresponse":"正在生成响应...","introducing":"Arcade Assistant (beta) 简介","capabilities":"该助手将使用人工智能生成 Arcade 表达式。","aiassistants":"AI 助手","useofassistant":"试_The assistant uses artificial intelligence to generate Arcade expressions. To enable Arcade Assistant (beta), the following must be true______________________________________________________________________验:","enabledinorg":"试_AI assistants are enabled in the organization settings____________________________验","enabledbetaapps":"试_Beta apps and capabilities are not blocked______________________验","enabledroleprivilege":"试_Your role privilege allows you to use AI assistants___________________________验","configureassistants":"配置助手","settings":"设置","new":"新建","learnmore":"了解详细信息","welcome":"欢迎使用全新的助手体验","beforeyougetstarted":"开始之前请注意：","maybeincorrect":"AI 生成的代码有时可能会不正确或有偏差。 请仔细检查。","pleasereadhelp":"阅读 Arcade Assistant (beta){helpTopic}以开始并了解有关安全性、隐私和限制的详细信息。","proceed":"继续","exit":"退出","promptsuggestions":"提示建议","promptsuggestion":"提示建议","assistantresponses":"助手响应","collapse":"折叠","thumbsup":"拇指向上","thumbsdown":"拇指向下","refine":"优化","startover":"重新开始","helptopic":"帮助主题","agreement":"我同意 {EsriPrivacyStatement}（和 {Supplement}）。","esriprivacystatement":"Esri 隐私声明","supplement":"补充","disclaimerpt2":"AI 生成的内容可能不准确。 在使用前查看。","replaceineditor":"替换编辑器中的所有代码","keepinmind":"请记住以下几点：","beconsise":"简洁但清晰地表达您的请求","avoidambiguity":"避免模棱两可和不明确","documentation":"文档","useexamples":"使用示例来阐明您的请求","moredetails":"您不需要在说明中使用确切的字段名称，但通常越详细越好","seedocumentation":"请参阅 {documentation} 了解详细信息，包括限制和其他资源。","assistantinformation":"助手信息","profilecontextlabel":"配置文件上下文：{profileId}","layercontextlabel":"图层上下文：{layerName}","numlayers":"{numLayers} {layerOrLayers}","numlayersplural":"图层","numlayerssingular":"图层","responsecontext":"响应上下文","error":"错误","copytoclipboard":"复制代码到剪贴板","copyprompttoclipboard":"复制提示到剪贴板","copiedsuccessfully":"已成功复制","helpful":"有帮助","unhelpful":"无帮助","prompsuggestion1":"将值四舍五入到小数点后一位","prompsuggestion2":"如果值 > 10，返回 Yes","assistantcontext":"试_Assistant context__________________验","context":"试_Context_______________验","contextreduced":"试_Context reduced________________验","contextreducedmessage":"试_Some profile variable values are too large to send to the assistant. They have been reduced to ensure a successful request_______________________________________________________________验.","contexttoobig":"试_Context size exceeds the assistant's limit_______________________验.","opencontextmenu":"试_Open context menu__________________验","opencontextmenutitle":"试_Open context menu__________________验","contexttoobigtitle":"试_Context size exceeds the assistant's limit. Use the checkboxes to reduce the size of the context__________________________________________________验.","contextcalltoaction":"试_Use the checkboxes in the context menu to reduce the size of the context______________________________________验.","contextitems":"试_context items______________验","contextexplainer":"试_Context item counts are calculated from the relative size the variable will add to the assistant's context payload___________________________________________________________验.","donotincludepersonalinfo":"试_Do not include personal or sensitive information_________________________验","feedbackhelps":"试_Your feedback will be used to improve Esri products and services. {LearnMore} about how this data is used______________________________________________________验.","interactiveblocks":"试_Interactive blocks___________________验","legaldisclaimer":"试_Legal disclaimer_________________验","cancel":"试_Cancel_____________验"}