{"arcadeassistant":"Arcade-segéd","beta":"Béta","expressionapplied":"Szerkesztőre alkalmazott kifejezés","askaquestion":"Adja meg azt a számítást vagy logikát, amelyre az Arcade-kifejezésben szüksége van. (például: Return Yes if value > 10)","enteraprompt":"Adjon meg egy rendszerüzenetet","assistantresponse":"Segéd válasza","submitfeedback":"í_Submit feedback to Esri________________________ő","submit":"í_Submit_____________ő","addtoeditor":"Hozzáadás szerkesztőhöz","experiencehelpful":"Elégedett az asszisztens válaszával?","describeexperience":"Írja le tapasztalatát","besteffort":"Itt láthatja a segéd legjobb válaszát","ask":"Létrehozás","disclaimercomment":"Az ArcGIS Arcade Assistant (béta) által létrehozott kifejezés","feedback":"Visszajelzés","erroroccurred":"Hiba történt.","recentprompts":"Legutóbbi utasítások","generatingresponse":"Válasz létrehozása...","introducing":"Az Arcade Assistant (béta) bemutatása","capabilities":"A segéd mesterséges intelligenciát használ Arcade-kifejezések létrehozásához.","aiassistants":"AI-asszisztensek","useofassistant":"í_The assistant uses artificial intelligence to generate Arcade expressions. To enable Arcade Assistant (beta), the following must be true______________________________________________________________________ő:","enabledinorg":"í_AI assistants are enabled in the organization settings____________________________ő","enabledbetaapps":"í_Beta apps and capabilities are not blocked______________________ő","enabledroleprivilege":"í_Your role privilege allows you to use AI assistants___________________________ő","configureassistants":"Segédek konfigurálása","settings":"Beállítások","new":"Új","learnmore":"További információ","welcome":"Üdvözöljük az új segéd oldalon!","beforeyougetstarted":"Mielőtt elkezdené, vegye figyelembe:","maybeincorrect":"Az AI által létrehozott kód időnként hibás vagy elfogult lehet. Körültekintően vizsgálja felül.","pleasereadhelp":"Olvassa el az Arcade Assistant (béta) {helpTopic} útmutatóját, hogy megismerje a kezdő lépéseket, valamint a biztonsággal, az adatvédelemmel és a korlátozásokkal kapcsolatos részleteket.","proceed":"Folytatás","exit":"Kilépés","promptsuggestions":"Üzenetben adott javaslatok","promptsuggestion":"Üzenetben adott javaslat","assistantresponses":"Segéd válaszai","collapse":"Összecsukás","thumbsup":"Felfelé mutató hüvelykujj","thumbsdown":"Lefelé mutató hüvelykujj","refine":"Szűkítés","startover":"Újrakezdés","helptopic":"súgótéma","agreement":"Elfogadom a következőt: {EsriPrivacyStatement} (és {Supplement}).","esriprivacystatement":"Az Esri adatvédelmi nyilatkozata","supplement":"az adatvédelmi nyilatkozat kiegészítése","disclaimerpt2":"Előfordulhat, hogy az AI által generált tartalom pontatlan. Vizsgálja felül a használat előtt.","replaceineditor":"Cserélje ki az összes kódot a szerkesztőben","keepinmind":"Vegye figyelembe a következőket:","beconsise":"Legyen tömör, ugyanakkor világos a kérésében","avoidambiguity":"Kerülje a bizonytalanságot és a ködösítést","documentation":"dokumentáció","useexamples":"Használjon példákat, hogy egyértelműbbé tegye kérését","moredetails":"Az utasításokban nem szükséges pontos mezőneveket megadnia, de általában jobb, ha minél részletesebben adja meg őket","seedocumentation":"További információért, beleértve a korlátozásokat és a további forrásokat is, tekintse meg a következőt: {documentation}.","assistantinformation":"Segéddel kapcsolatos információ","profilecontextlabel":"Profilkontextus: {profileId}","layercontextlabel":"Rétegkontextus: {layerName}","numlayers":"{numLayers} {layerOrLayers}","numlayersplural":"rétegek","numlayerssingular":"réteg","responsecontext":"Válaszkontextus","error":"Hiba","copytoclipboard":"Kód másolása a vágólapra","copyprompttoclipboard":"Üzenet másolása a vágólapra","copiedsuccessfully":"Másolás sikeres","helpful":"Hasznosak","unhelpful":"Nem hasznosak","prompsuggestion1":"Kerekítse az értéket egy tizedesjegyre","prompsuggestion2":"Return Yes if value > 10","assistantcontext":"í_Assistant context__________________ő","context":"í_Context_______________ő","contextreduced":"í_Context reduced________________ő","contextreducedmessage":"í_Some profile variable values are too large to send to the assistant. They have been reduced to ensure a successful request_______________________________________________________________ő.","contexttoobig":"í_Context size exceeds the assistant's limit_______________________ő.","opencontextmenu":"í_Open context menu__________________ő","opencontextmenutitle":"í_Open context menu__________________ő","contexttoobigtitle":"í_Context size exceeds the assistant's limit. Use the checkboxes to reduce the size of the context__________________________________________________ő.","contextcalltoaction":"í_Use the checkboxes in the context menu to reduce the size of the context______________________________________ő.","contextitems":"í_context items______________ő","contextexplainer":"í_Context item counts are calculated from the relative size the variable will add to the assistant's context payload___________________________________________________________ő.","donotincludepersonalinfo":"í_Do not include personal or sensitive information_________________________ő","feedbackhelps":"í_Your feedback will be used to improve Esri products and services. {LearnMore} about how this data is used______________________________________________________ő.","interactiveblocks":"í_Interactive blocks___________________ő","legaldisclaimer":"í_Legal disclaimer_________________ő","cancel":"í_Cancel_____________ő"}