{"arcadeassistant":"Arcade-assistent","beta":"Beta","expressionapplied":"Uttrykk brukt på Editor","askaquestion":"Spesifiser beregningen eller logikken du trenger i et Arcade-uttrykk. (F.eks. Return Yes if value > 10)","enteraprompt":"Skriv inn en forespørsel","assistantresponse":"Assistentens svar","submitfeedback":"å_Submit feedback to Esri________________________ø","submit":"å_Submit_____________ø","addtoeditor":"Legg til i Editor","experiencehelpful":"Er du fornøyd med assistentens svar?","describeexperience":"Beskriv opplevelsen din","besteffort":"Dette er assistentens beste svar","ask":"Generer","disclaimercomment":"Uttrykket er generert av ArcGIS Arcade Assistant (beta)","feedback":"Tilbakemelding","erroroccurred":"Det oppstod en feil.","recentprompts":"Nylige forespørsler","generatingresponse":"Genererer svar …","introducing":"Vi presenterer Arcade Assistant (beta)","capabilities":"Assistenten bruker kunstig intelligens til å generere Arcade-uttrykk.","aiassistants":"AI-assistenter","useofassistant":"å_The assistant uses artificial intelligence to generate Arcade expressions. To enable Arcade Assistant (beta), the following must be true______________________________________________________________________ø:","enabledinorg":"å_AI assistants are enabled in the organization settings____________________________ø","enabledbetaapps":"å_Beta apps and capabilities are not blocked______________________ø","enabledroleprivilege":"å_Your role privilege allows you to use AI assistants___________________________ø","configureassistants":"Konfigurer assistenter","settings":"Innstillinger","new":"Ny","learnmore":"Mer informasjon","welcome":"Velkommen til den nye assistentopplevelsen","beforeyougetstarted":"Før du kommer i gang, må du være klar over følgende:","maybeincorrect":"KI-generert kode kan noen ganger være feilaktig eller vridd. Se nøye gjennom.","pleasereadhelp":"Les {helpTopic} for Arcade Assistant (beta) for å komme i gang, og lær deg detaljer om sikkerhet, personvern og begrensninger.","proceed":"Fortsett","exit":"Avslutt","promptsuggestions":"Forslag til kommandoer","promptsuggestion":"Forslag til kommando","assistantresponses":"Assistentens svar","collapse":"Skjul","thumbsup":"Tommel opp","thumbsdown":"Tommel ned","refine":"Finjuster","startover":"Start på nytt","helptopic":"hjelpeemne","agreement":"Jeg godtar {EsriPrivacyStatement} (og {Supplement}).","esriprivacystatement":"Esris personvernerklæring","supplement":"Tillegg","disclaimerpt2":"KI-generert innhold er kanskje unøyaktig. Se gjennom før du bruker.","replaceineditor":"Erstatt all kode i redigeringsprogrammet","keepinmind":"Husk følgende:","beconsise":"Vær nøyaktig, men også tydelig i forespørselen","avoidambiguity":"Unngå tvetydighet og uklarhet","documentation":"dokumentasjon","useexamples":"Bruk eksempler for å gjøre forespørselen tydelig","moredetails":"Du trenger ikke å bruke nøyaktige feltnavn i instruksene, men flere detaljer er som regel bedre","seedocumentation":"Se {documentation} for mer informasjon, blant annet om begrensninger og flere ressurser.","assistantinformation":"Informasjon om assistenten","profilecontextlabel":"Profilkontekst: {profileId}","layercontextlabel":"Lagkontekst: {layerName}","numlayers":"{numLayers} {layerOrLayers}","numlayersplural":"lag","numlayerssingular":"lag","responsecontext":"Svarkontekst","error":"Feil","copytoclipboard":"Kopier koden til utklippstavle","copyprompttoclipboard":"Kopier kommandoen til utklippstavle","copiedsuccessfully":"Kopiert","helpful":"Nyttig","unhelpful":"Ikke nyttig","prompsuggestion1":"Rund av verdien til én desimalplass","prompsuggestion2":"Return Yes if value > 10","assistantcontext":"å_Assistant context__________________ø","context":"å_Context_______________ø","contextreduced":"å_Context reduced________________ø","contextreducedmessage":"å_Some profile variable values are too large to send to the assistant. They have been reduced to ensure a successful request_______________________________________________________________ø.","contexttoobig":"å_Context size exceeds the assistant's limit_______________________ø.","opencontextmenu":"å_Open context menu__________________ø","opencontextmenutitle":"å_Open context menu__________________ø","contexttoobigtitle":"å_Context size exceeds the assistant's limit. Use the checkboxes to reduce the size of the context__________________________________________________ø.","contextcalltoaction":"å_Use the checkboxes in the context menu to reduce the size of the context______________________________________ø.","contextitems":"å_context items______________ø","contextexplainer":"å_Context item counts are calculated from the relative size the variable will add to the assistant's context payload___________________________________________________________ø.","donotincludepersonalinfo":"å_Do not include personal or sensitive information_________________________ø","feedbackhelps":"å_Your feedback will be used to improve Esri products and services. {LearnMore} about how this data is used______________________________________________________ø.","interactiveblocks":"å_Interactive blocks___________________ø","legaldisclaimer":"å_Legal disclaimer_________________ø","cancel":"å_Cancel_____________ø"}