{"arcadeassistant":"Arcade asistent","beta":"Beta","expressionapplied":"Izraz primenjen na uređivač","askaquestion":"Navedite izračunavanje ili logiku koji su vam potrebni u Arcade izrazu. (npr. Vrati „Da“ ako je vrednost > 10)","enteraprompt":"Unesite prompt","assistantresponse":"Odgovor asistenta","submitfeedback":"Č_Submit feedback to Esri________________________ž","submit":"Č_Submit_____________ž","addtoeditor":"Dodaj u uređivač","experiencehelpful":"Da li ste zadovoljni odgovorom asistenta?","describeexperience":"Opišite svoje iskustvo","besteffort":"Ovo je najbolji napor asistenta","ask":"Generiši","disclaimercomment":"Izraz koji je generisao ArcGIS Arcade asistent (beta)","feedback":"Povratne informacije","erroroccurred":"Došlo je do greške.","recentprompts":"Nedavni promptovi","generatingresponse":"Generisanje odgovora...","introducing":"Predstavljanje Arcade asistenta (beta)","capabilities":"Asistent koristi veštačku inteligenciju za generisanje Arcade izraza.","aiassistants":"AI asistenti","useofassistant":"Č_The assistant uses artificial intelligence to generate Arcade expressions. To enable Arcade Assistant (beta), the following must be true______________________________________________________________________ž:","enabledinorg":"Č_AI assistants are enabled in the organization settings____________________________ž","enabledbetaapps":"Č_Beta apps and capabilities are not blocked______________________ž","enabledroleprivilege":"Č_Your role privilege allows you to use AI assistants___________________________ž","configureassistants":"Konfiguriši asistenta","settings":"Podešavanja","new":"Novo","learnmore":"Saznajte više","welcome":"Dobro došli u novi doživljaj asistenta","beforeyougetstarted":"Pre nego što počnete, imajte na umu sledeće:","maybeincorrect":"Kod koji generiše AI može povremeno da bude netačan ili pristrasan. Pažljivo pregledajte.","pleasereadhelp":"Pročitajte Arcade asistent (beta) {helpTopic} da biste počeli i saznali više detalja o bezbednosti, privatnosti i ograničenjima.","proceed":"Nastavi","exit":"Izađi","promptsuggestions":"Predlozi promptova","promptsuggestion":"Predlog prompta","assistantresponses":"Odgovori asistenta","collapse":"Skupi","thumbsup":"Palčevi gore","thumbsdown":"Palčevi dole","refine":"Preciziraj","startover":"Počni iz početka","helptopic":"temu pomoći","agreement":"Saglasan sam sa {EsriPrivacyStatement} (i {Supplement}).","esriprivacystatement":"Izjava o privatnosti kompanije Esri","supplement":"Dodatak","disclaimerpt2":"Sadržaj koji je generisao AI može da bude netačan. Pregledajte pre upotrebe.","replaceineditor":"Zameni sav kod u uređivaču","keepinmind":"Imajte na umu sledeće:","beconsise":"Budite koncizni, ali takođe i jasni u svom zahtevu","avoidambiguity":"Izbegavajte dvosmislenost i neodređenost","documentation":"dokumentaciju","useexamples":"Upotrebite primere da pojasnite svoj zahtev","moredetails":"Ne morate da koristite tačne nazive polja u svojim instrukcijama, ali više detalja je generalno bolje","seedocumentation":"Pogledajte {documentation} za više informacija, uključujući ograničenja i dodatne resurse.","assistantinformation":"Informacije o asistentu","profilecontextlabel":"Kontekst profila: {profileId}","layercontextlabel":"Kontekst sloja: {layerName}","numlayers":"{numLayers} {layerOrLayers}","numlayersplural":"slojevi","numlayerssingular":"sloj","responsecontext":"Kontekst odgovora","error":"Greška","copytoclipboard":"Kopiraj kod u ostavu","copyprompttoclipboard":"Kopiraj prompt u ostavu","copiedsuccessfully":"Uspešno kopirano","helpful":"Korisni","unhelpful":"Nekorisni","prompsuggestion1":"Zaokruži vrednost na jedno decimalno mesto","prompsuggestion2":"Vrati „Da“ ako je vrednost > 10","assistantcontext":"Č_Assistant context__________________ž","context":"Č_Context_______________ž","contextreduced":"Č_Context reduced________________ž","contextreducedmessage":"Č_Some profile variable values are too large to send to the assistant. They have been reduced to ensure a successful request_______________________________________________________________ž.","contexttoobig":"Č_Context size exceeds the assistant's limit_______________________ž.","opencontextmenu":"Č_Open context menu__________________ž","opencontextmenutitle":"Č_Open context menu__________________ž","contexttoobigtitle":"Č_Context size exceeds the assistant's limit. Use the checkboxes to reduce the size of the context__________________________________________________ž.","contextcalltoaction":"Č_Use the checkboxes in the context menu to reduce the size of the context______________________________________ž.","contextitems":"Č_context items______________ž","contextexplainer":"Č_Context item counts are calculated from the relative size the variable will add to the assistant's context payload___________________________________________________________ž.","donotincludepersonalinfo":"Č_Do not include personal or sensitive information_________________________ž","feedbackhelps":"Č_Your feedback will be used to improve Esri products and services. {LearnMore} about how this data is used______________________________________________________ž.","interactiveblocks":"Č_Interactive blocks___________________ž","legaldisclaimer":"Č_Legal disclaimer_________________ž","cancel":"Č_Cancel_____________ž"}