{"arcadeassistant":"ผู้ช่วย Arcade","beta":"เบต้า","expressionapplied":"ใช้นิพจน์กับ Editor","askaquestion":"ระบุการคำนวณหรือลอจิกที่คุณต้องการในนิพจน์ Arcade (เช่น ส่งคืนใช่หากค่า > 10)","enteraprompt":"โปรดป้อนพร้อมต์","assistantresponse":"การตอบรับของผู้ช่วย","submitfeedback":"ก้_Submit feedback to Esri________________________ษฺ","submit":"ก้_Submit_____________ษฺ","addtoeditor":"เพิ่มลงใน Editor","experiencehelpful":"คุณพึงพอใจกับการตอบรับของผู้ช่วยหรือไม่","describeexperience":"บรรยายประสบการณ์ของคุณ","besteffort":"นี่คือความพยายามอย่างเต็มที่ของผู้ช่วย","ask":"สร้าง","disclaimercomment":"นิพจน์ที่สร้างขึ้นโดย ArcGIS Arcade Assistant (เบต้า)","feedback":"ผลตอบรับ","erroroccurred":"มีข้อผิดพลาดเกิดขึ้น","recentprompts":"พร้อมต์ล่าสุด","generatingresponse":"กำลังสร้างการตอบรับ...","introducing":"ขอแนะนำ Arcade Assistant (เบต้า)","capabilities":"ผู้ช่วยจะใช้ปัญญาประดิษฐ์ในการสร้างนิพจน์ Arcade","aiassistants":"ผู้ช่วย AI","useofassistant":"ก้_The assistant uses artificial intelligence to generate Arcade expressions. To enable Arcade Assistant (beta), the following must be true______________________________________________________________________ษฺ:","enabledinorg":"ก้_AI assistants are enabled in the organization settings____________________________ษฺ","enabledbetaapps":"ก้_Beta apps and capabilities are not blocked______________________ษฺ","enabledroleprivilege":"ก้_Your role privilege allows you to use AI assistants___________________________ษฺ","configureassistants":"กำหนดค่าผู้ช่วย","settings":"การตั้งค่า","new":"ใหม่","learnmore":"เรียนรู้เพิ่มเติม","welcome":"ยินดีต้อนรับสู่ประสบการณ์ผู้ช่วยใหม่","beforeyougetstarted":"ก่อนที่คุณจะเริ่ม โปรดทราบว่า:","maybeincorrect":"โค้ดที่ AI สร้างขึ้นอาจไม่ถูกต้องหรือมีอคติได้เป็นครั้งคราว โปรดตรวจสอบด้วยความระมัดระวัง","pleasereadhelp":"อ่าน {helpTopic} ของ Arcade Assistant (เบต้า) เพื่อเริ่มต้นใช้งานและศึกษารายละเอียดด้านความปลอดภัย ความเป็นส่วนตัว และข้อจำกัด","proceed":"ดำเนินการ","exit":"ออก","promptsuggestions":"คำแนะนำพร้อมต์","promptsuggestion":"คำแนะนำพร้อมต์","assistantresponses":"การตอบรับของผู้ช่วย","collapse":"ย่อลงมา","thumbsup":"ชูนิ้วโป้งขึ้น","thumbsdown":"คว่ำนิ้วโป้งลง","refine":"ปรับแต่ง","startover":"เริ่มต้นใหม่","helptopic":"หัวข้อความช่วยเหลือ","agreement":"ฉันยอมรับตาม {EsriPrivacyStatement} (และ {Supplement})","esriprivacystatement":"คำชี้แจงความเป็นส่วนตัวของ Esri","supplement":"ภาคผนวก","disclaimerpt2":"เนื้อหาที่ AI สร้างอาจไม่ถูกต้อง โปรดอ่านก่อนใช้งาน","replaceineditor":"แทนที่โค้ดทั้งหมดใน Editor","keepinmind":"อย่าลืมเรื่องต่างๆ ต่อไปนี้:","beconsise":"ส่งคำขอที่กระชับแต่ชัดเจน","avoidambiguity":"หลีกเลี่ยงคำขอที่คลุมเครือและไม่ชัดเจน","documentation":"เอกสาร","useexamples":"ใช้ตัวอย่างประกอบเพื่อให้คำขอของคุณชัดเจนขึ้น","moredetails":"คุณไม่จำเป็นต้องระบุชื่อฟิลด์อย่างครบถ้วนในคำสั่ง แต่โดยทั่วไปแล้ว ยิ่งรายละเอียดเยอะจะยิ่งดี","seedocumentation":"โปรดศึกษาข้อมูลเพิ่มเติมจาก {documentation} ซึ่งรวมถึงข้อจำกัดและทรัพยากรเพิ่มเติม","assistantinformation":"ข้อมูลเกี่ยวกับผู้ช่วย","profilecontextlabel":"บริบทโปรไฟล์: {profileId}","layercontextlabel":"บริบทชั้นข้อมูล: {layerName}","numlayers":"{numLayers} {layerOrLayers}","numlayersplural":"ชั้นข้อมูล","numlayerssingular":"ชั้นข้อมูล","responsecontext":"บริบทการตอบรับ","error":"ข้อผิดพลาด","copytoclipboard":"คัดลอกโค้ดไปยังคลิปบอร์ด","copyprompttoclipboard":"คัดลอกพร้อมต์ไปยังคลิปบอร์ด","copiedsuccessfully":"คัดลอกสำเร็จ","helpful":"มีประโยชน์","unhelpful":"ไม่มีประโยชน์","prompsuggestion1":"ปัดเศษค่าเป็นทศนิยมหนึ่งตำแหน่ง","prompsuggestion2":"ส่งคืนใช่หากค่า > 10","assistantcontext":"ก้_Assistant context__________________ษฺ","context":"ก้_Context_______________ษฺ","contextreduced":"ก้_Context reduced________________ษฺ","contextreducedmessage":"ก้_Some profile variable values are too large to send to the assistant. They have been reduced to ensure a successful request_______________________________________________________________ษฺ.","contexttoobig":"ก้_Context size exceeds the assistant's limit_______________________ษฺ.","opencontextmenu":"ก้_Open context menu__________________ษฺ","opencontextmenutitle":"ก้_Open context menu__________________ษฺ","contexttoobigtitle":"ก้_Context size exceeds the assistant's limit. Use the checkboxes to reduce the size of the context__________________________________________________ษฺ.","contextcalltoaction":"ก้_Use the checkboxes in the context menu to reduce the size of the context______________________________________ษฺ.","contextitems":"ก้_context items______________ษฺ","contextexplainer":"ก้_Context item counts are calculated from the relative size the variable will add to the assistant's context payload___________________________________________________________ษฺ.","donotincludepersonalinfo":"ก้_Do not include personal or sensitive information_________________________ษฺ","feedbackhelps":"ก้_Your feedback will be used to improve Esri products and services. {LearnMore} about how this data is used______________________________________________________ษฺ.","interactiveblocks":"ก้_Interactive blocks___________________ษฺ","legaldisclaimer":"ก้_Legal disclaimer_________________ษฺ","cancel":"ก้_Cancel_____________ษฺ"}