{"arcadeassistant":"Arcade-assistent","beta":"Bèta","expressionapplied":"Expressie is op de editor toegepast","askaquestion":"Specificeer de berekening of logica die u nodig hebt in een Arcade-expressie. (bijvoorbeeld: Return Yes if value > 10)","enteraprompt":"Voer een prompt in","assistantresponse":"Antwoord assistent","submitfeedback":"Ĳ_Submit feedback to Esri________________________ä","submit":"Ĳ_Submit_____________ä","addtoeditor":"Toevoegen aan editor","experiencehelpful":"Bent u tevreden met het antwoord van de assistent?","describeexperience":"Beschrijf uw ervaring","besteffort":"Dit is wat de assistent voor u kan doen","ask":"Genereren","disclaimercomment":"Expressie die is gegenereerd door ArcGIS Arcade-assistent (bèta)","feedback":"Feedback","erroroccurred":"Er is een fout opgetreden.","recentprompts":"Recente prompts","generatingresponse":"Bezig met genereren antwoord...","introducing":"Arcade-assistent (bèta): een introductie","capabilities":"In deze assistent wordt gebruik gemaakt van kunstmatige intelligentie om Arcade-expressies te genereren.","aiassistants":"AI-assistenten","useofassistant":"Ĳ_The assistant uses artificial intelligence to generate Arcade expressions. To enable Arcade Assistant (beta), the following must be true______________________________________________________________________ä:","enabledinorg":"Ĳ_AI assistants are enabled in the organization settings____________________________ä","enabledbetaapps":"Ĳ_Beta apps and capabilities are not blocked______________________ä","enabledroleprivilege":"Ĳ_Your role privilege allows you to use AI assistants___________________________ä","configureassistants":"Assistenten configureren","settings":"Instellingen","new":"Nieuw","learnmore":"Meer informatie","welcome":"Welkom bij de nieuwe assistentiebeleving","beforeyougetstarted":"Voordat u aan de slag gaat, moet u het volgende weten:","maybeincorrect":"Door AI gegenereerde code kan soms onjuist of bevooroordeeld zijn. Controleer deze zorgvuldig.","pleasereadhelp":"Lees het {helpTopic} Arcade-assistent (bèta) om aan de slag te gaan en meer te weten te komen over beveiliging, privacy en beperkingen.","proceed":"Doorgaan","exit":"Afsluiten","promptsuggestions":"Suggesties voor prompts","promptsuggestion":"Suggestie voor prompt","assistantresponses":"Antwoord assistent","collapse":"Samenvouwen","thumbsup":"Duim omhoog","thumbsdown":"Duim omlaag","refine":"Verfijnen","startover":"Opnieuw beginnen","helptopic":"Help-onderwerp","agreement":"Ik ga akkoord met de {EsriPrivacyStatement} (en de {Supplement}).","esriprivacystatement":"Privacyverklaring Esri","supplement":"Aanvulling","disclaimerpt2":"Door de AI gegenereerde content kan onnauwkeurig zijn. Controleren voor gebruik.","replaceineditor":"Alle code in editor vervangen","keepinmind":"Let op het volgende:","beconsise":"Probeer beknopt te blijven, maar wees ook duidelijk in uw aanvraag","avoidambiguity":"Vermijd dubbelzinnigheid en vaagheid","documentation":"documentatie","useexamples":"Gebruik voorbeelden om uw aanvraag te verduidelijken","moredetails":"U hebt geen exacte veldnamen nodig in uw instructies, maar meer details is meestal beter","seedocumentation":"Zie de {documentation} voor meer informatie, inclusief beperkingen en aanvullende hulpmiddelen.","assistantinformation":"Informatie assistent","profilecontextlabel":"Context profiel: {profileId}","layercontextlabel":"Context laag: {layerName}","numlayers":"{numLayers} {layerOrLayers}","numlayersplural":"lagen","numlayerssingular":"laag","responsecontext":"Context antwoord","error":"Fout","copytoclipboard":"Code naar klembord kopiëren","copyprompttoclipboard":"Promp naar klembord kopiëren","copiedsuccessfully":"Kopiëren is geslaagd","helpful":"Nuttig","unhelpful":"Nutteloos","prompsuggestion1":"Waarde op één decimaal afronden","prompsuggestion2":"Return Yes if value > 10","assistantcontext":"Ĳ_Assistant context__________________ä","context":"Ĳ_Context_______________ä","contextreduced":"Ĳ_Context reduced________________ä","contextreducedmessage":"Ĳ_Some profile variable values are too large to send to the assistant. They have been reduced to ensure a successful request_______________________________________________________________ä.","contexttoobig":"Ĳ_Context size exceeds the assistant's limit_______________________ä.","opencontextmenu":"Ĳ_Open context menu__________________ä","opencontextmenutitle":"Ĳ_Open context menu__________________ä","contexttoobigtitle":"Ĳ_Context size exceeds the assistant's limit. Use the checkboxes to reduce the size of the context__________________________________________________ä.","contextcalltoaction":"Ĳ_Use the checkboxes in the context menu to reduce the size of the context______________________________________ä.","contextitems":"Ĳ_context items______________ä","contextexplainer":"Ĳ_Context item counts are calculated from the relative size the variable will add to the assistant's context payload___________________________________________________________ä.","donotincludepersonalinfo":"Ĳ_Do not include personal or sensitive information_________________________ä","feedbackhelps":"Ĳ_Your feedback will be used to improve Esri products and services. {LearnMore} about how this data is used______________________________________________________ä.","interactiveblocks":"Ĳ_Interactive blocks___________________ä","legaldisclaimer":"Ĳ_Legal disclaimer_________________ä","cancel":"Ĳ_Cancel_____________ä"}