{"arcadeassistant":"Pomočnik Arcade","beta":"Beta","expressionapplied":"Izraz uporabljen v urejevalniku","askaquestion":"Določite izračun ali logiko, ki jo potrebujete v izrazu Arcade. (npr. vrni Da, če je vrednost > 10)","enteraprompt":"Vnesite poziv","assistantresponse":"Odziv pomočnika","submitfeedback":"Š_Submit feedback to Esri________________________č","submit":"Š_Submit_____________č","addtoeditor":"Dodaj v urejevalnik","experiencehelpful":"Ste zadovoljni z odzivom pomočnika?","describeexperience":"Opišite vašo izkušnjo","besteffort":"Tukaj je najboljši napor pomočnika","ask":"Ustvari","disclaimercomment":"Izrazi ustvarjeni s pomočnikom ArcGIS Arcade (beta)","feedback":"Povratne informacije","erroroccurred":"Prišlo je do napake.","recentprompts":"Nedavni pozivi","generatingresponse":"Ustvarjanje odziva...","introducing":"Predstavljamo pomočnika Arcade (beta)","capabilities":"Pomočnik uporablja umetno inteligenco za ustvarjanje izrazov Arcade.","aiassistants":"Pomočniki z umetno inteligenco","useofassistant":"Š_The assistant uses artificial intelligence to generate Arcade expressions. To enable Arcade Assistant (beta), the following must be true______________________________________________________________________č:","enabledinorg":"Š_AI assistants are enabled in the organization settings____________________________č","enabledbetaapps":"Š_Beta apps and capabilities are not blocked______________________č","enabledroleprivilege":"Š_Your role privilege allows you to use AI assistants___________________________č","configureassistants":"Konfiguriraj pomočnike","settings":"Nastavitve","new":"Novo","learnmore":"Več","welcome":"Dobrodošli v novo izkušnjo pomočnika","beforeyougetstarted":"Preden začnete, se zavedajte:","maybeincorrect":"Koda, ki jo ustvari umetna inteligenca, je lahko občasno netočna ali pristranska. Skrbno preglejte.","pleasereadhelp":"Za začetek preberite pomočnika Arcade (beta) {helpTopic} in se seznanite s podrobnostmi o varnosti, zasebnosti in omejitvah.","proceed":"Nadaljujte","exit":"Izhod","promptsuggestions":"Predlogi poziva","promptsuggestion":"Predlog poziva","assistantresponses":"Odzivi pomočnika","collapse":"Strni","thumbsup":"Palec navzgor","thumbsdown":"Palec navzdol","refine":"Natančno določi","startover":"Začni znova","helptopic":"tema pomoči","agreement":"Soglašam z {EsriPrivacyStatement} (in {Supplement}).","esriprivacystatement":"Izjava o zasebnosti podjetja Esri","supplement":"Dodatek","disclaimerpt2":"Vsebina, ki jo ustvari umetna inteligenca, je lahko netočna. Pred uporabo preglejte.","replaceineditor":"Zamenjaj vso kodo v urejevalniku","keepinmind":"Upoštevajte naslednje:","beconsise":"Bodite jedrnati, a hkrati jasni v svoji zahtevi","avoidambiguity":"Izogibajte se dvoumnosti in nejasnosti","documentation":"dokumentacijsko","useexamples":"Uporabite primere za pojasnitev zahteve","moredetails":"V navodilih vam ni treba uporabljati natančnih imen polj, vendar je na splošno boljše, če so podrobnejša","seedocumentation":"Glejte {documentation} za več informacij, vključno z omejitvami in dodatnimi viri.","assistantinformation":"Informacije o pomočniku","profilecontextlabel":"Kontekst profila: {profileId}","layercontextlabel":"Kontekst sloja: {layerName}","numlayers":"{numLayers} {layerOrLayers}","numlayersplural":"sloji","numlayerssingular":"sloj","responsecontext":"Kontekst odziva","error":"Napaka","copytoclipboard":"Kopiraj kodo v odložišče","copyprompttoclipboard":"Kopiraj poziv v odložišče","copiedsuccessfully":"Uspešno kopirano","helpful":"Koristno","unhelpful":"Nekoristno","prompsuggestion1":"Zaokroži vrednost na eno decimalno mesto","prompsuggestion2":"Vrni Da če je vrednost > 10","assistantcontext":"Š_Assistant context__________________č","context":"Š_Context_______________č","contextreduced":"Š_Context reduced________________č","contextreducedmessage":"Š_Some profile variable values are too large to send to the assistant. They have been reduced to ensure a successful request_______________________________________________________________č.","contexttoobig":"Š_Context size exceeds the assistant's limit_______________________č.","opencontextmenu":"Š_Open context menu__________________č","opencontextmenutitle":"Š_Open context menu__________________č","contexttoobigtitle":"Š_Context size exceeds the assistant's limit. Use the checkboxes to reduce the size of the context__________________________________________________č.","contextcalltoaction":"Š_Use the checkboxes in the context menu to reduce the size of the context______________________________________č.","contextitems":"Š_context items______________č","contextexplainer":"Š_Context item counts are calculated from the relative size the variable will add to the assistant's context payload___________________________________________________________č.","donotincludepersonalinfo":"Š_Do not include personal or sensitive information_________________________č","feedbackhelps":"Š_Your feedback will be used to improve Esri products and services. {LearnMore} about how this data is used______________________________________________________č.","interactiveblocks":"Š_Interactive blocks___________________č","legaldisclaimer":"Š_Legal disclaimer_________________č","cancel":"Š_Cancel_____________č"}