{"arcadeassistant":"Assistente de Arcade","beta":"Beta","expressionapplied":"Expressão aplicada ao editor","askaquestion":"Especifique o cálculo ou a lógica de que necessita numa expressão Arcade. (por exemplo, Devolver Sim se o valor for > 10)","enteraprompt":"Introduza um prompt","assistantresponse":"Resposta do assistente","submitfeedback":"ã_Submit feedback to Esri________________________Ç","submit":"ã_Submit_____________Ç","addtoeditor":"Adicionar ao editor","experiencehelpful":"Está satisfeito com a resposta do assistente?","describeexperience":"Descreva a sua experiência","besteffort":"Eis o melhor esforço do assistente","ask":"Gerar","disclaimercomment":"Expressão gerada pelo Assistente do ArcGIS Arcade (beta)","feedback":"Feedback","erroroccurred":"Ocorreu um erro.","recentprompts":"Pedidos recentes","generatingresponse":"A gerar resposta...","introducing":"Apresentação do Assistente de Arcade (beta)","capabilities":"O assistente utiliza inteligência artificial para gerar expressões Arcade.","aiassistants":"Assistentes de IA","useofassistant":"ã_The assistant uses artificial intelligence to generate Arcade expressions. To enable Arcade Assistant (beta), the following must be true______________________________________________________________________Ç:","enabledinorg":"ã_AI assistants are enabled in the organization settings____________________________Ç","enabledbetaapps":"ã_Beta apps and capabilities are not blocked______________________Ç","enabledroleprivilege":"ã_Your role privilege allows you to use AI assistants___________________________Ç","configureassistants":"Configurar assistentes","settings":"Definições","new":"Novo","learnmore":"Saiba mais","welcome":"Bem-vindo(a) à nova experiência de assistente","beforeyougetstarted":"Antes de começar, tenha em atenção:","maybeincorrect":"O código gerado por IA pode ocasionalmente estar incorreto ou ser tendencioso. Reveja cuidadosamente.","pleasereadhelp":"Leia o {helpTopic} do Assistente de Arcade (beta) para começar e obter mais informações sobre segurança, privacidade e limitações.","proceed":"Continuar","exit":"Sair","promptsuggestions":"Sugestões de prompts","promptsuggestion":"Sugestão de prompt","assistantresponses":"Respostas do assistente","collapse":"Recolher","thumbsup":"Polegar para cima","thumbsdown":"Polegar para baixo","refine":"Refinar","startover":"Recomeçar","helptopic":"tópico de ajuda","agreement":"Concordo com a {EsriPrivacyStatement} (e o {Supplement})","esriprivacystatement":"Declaração de privacidade da Esri","supplement":"Suplemento","disclaimerpt2":"O conteúdo gerado pela IA pode ser impreciso. Reveja antes de usar.","replaceineditor":"Substituir todo o código no editor","keepinmind":"Lembre-se do seguinte:","beconsise":"Seja conciso, mas também claro no seu pedido.","avoidambiguity":"Evite ambiguidades e imprecisões","documentation":"documentação","useexamples":"Use exemplos para esclarecer o seu pedido","moredetails":"Não é necessário usar nomes de campos exatos nas suas instruções, mas, geralmente, quanto mais detalhes, melhor.","seedocumentation":"Consulte a {documentation} para obter mais informações, incluindo limitações e recursos adicionais.","assistantinformation":"Informações do assistente","profilecontextlabel":"Contexto de perfil: {profileId}","layercontextlabel":"Contexto de camada: {layerName}","numlayers":"{numLayers} {layerOrLayers}","numlayersplural":"camadas","numlayerssingular":"camada","responsecontext":"Contexto de resposta","error":"Erro","copytoclipboard":"Copiar código para a área de transferência","copyprompttoclipboard":"Copiar prompt para a área de transferência","copiedsuccessfully":"Copiado com sucesso","helpful":"Útil","unhelpful":"Não é útil","prompsuggestion1":"Arredondar o valor para uma casa decimal","prompsuggestion2":"Devolver Sim se o valor for > 10","assistantcontext":"ã_Assistant context__________________Ç","context":"ã_Context_______________Ç","contextreduced":"ã_Context reduced________________Ç","contextreducedmessage":"ã_Some profile variable values are too large to send to the assistant. They have been reduced to ensure a successful request_______________________________________________________________Ç.","contexttoobig":"ã_Context size exceeds the assistant's limit_______________________Ç.","opencontextmenu":"ã_Open context menu__________________Ç","opencontextmenutitle":"ã_Open context menu__________________Ç","contexttoobigtitle":"ã_Context size exceeds the assistant's limit. Use the checkboxes to reduce the size of the context__________________________________________________Ç.","contextcalltoaction":"ã_Use the checkboxes in the context menu to reduce the size of the context______________________________________Ç.","contextitems":"ã_context items______________Ç","contextexplainer":"ã_Context item counts are calculated from the relative size the variable will add to the assistant's context payload___________________________________________________________Ç.","donotincludepersonalinfo":"ã_Do not include personal or sensitive information_________________________Ç","feedbackhelps":"ã_Your feedback will be used to improve Esri products and services. {LearnMore} about how this data is used______________________________________________________Ç.","interactiveblocks":"ã_Interactive blocks___________________Ç","legaldisclaimer":"ã_Legal disclaimer_________________Ç","cancel":"ã_Cancel_____________Ç"}