{"arcadeassistant":"Arcade-assistent","beta":"Betaversion","expressionapplied":"Uttryck tillämpat på redigerare","askaquestion":"Ange beräkningen eller logiken du behöver i ett Arcade-uttryck. (t.ex., Returnera Ja om värde > 10)","enteraprompt":"Ange en uppmaning","assistantresponse":"Assistentsvar","submitfeedback":"Å_Submit feedback to Esri________________________ö","submit":"Å_Submit_____________ö","addtoeditor":"Lägg till i redigerare","experiencehelpful":"Är du nöjd med assistentens svar?","describeexperience":"Beskriv din upplevelse","besteffort":"Här är assistentens bästa bidrag","ask":"Generera","disclaimercomment":"Uttryck genererat av ArcGIS Arcade-assistent (betaversion)","feedback":"Feedback","erroroccurred":"Ett fel har inträffat.","recentprompts":"Senaste prompt","generatingresponse":"Genererar svar...","introducing":"Introduktion till Arcade-assistenten (betaversion)","capabilities":"Assistenten använder artificiell intelligens för att generera Arcade-uttryck.","aiassistants":"AI-assistenter","useofassistant":"Å_The assistant uses artificial intelligence to generate Arcade expressions. To enable Arcade Assistant (beta), the following must be true______________________________________________________________________ö:","enabledinorg":"Å_AI assistants are enabled in the organization settings____________________________ö","enabledbetaapps":"Å_Beta apps and capabilities are not blocked______________________ö","enabledroleprivilege":"Å_Your role privilege allows you to use AI assistants___________________________ö","configureassistants":"Konfigurera assistenter","settings":"Inställningar","new":"Ny","learnmore":"Läs mer","welcome":"Välkommen till den nya assistentupplevelsen","beforeyougetstarted":"Var medveten om detta innan du sätter igång:‎‎‎‎‎‎","maybeincorrect":"AI-genererad kod kan ibland vara felaktig eller godtycklig. Granska den noggrant.","pleasereadhelp":"Läs Arcade-assistenten (betaversion) {helpTopic} för att komma igång och få veta mer om säkerhet, integritet och begränsningar.","proceed":"Fortsätt","exit":"Avsluta","promptsuggestions":"Uppmaningsförslag","promptsuggestion":"Uppmaningsförslag","assistantresponses":"Assistentsvar","collapse":"Dölj","thumbsup":"Tumme upp","thumbsdown":"Tumme ned","refine":"Precisera","startover":"Börja om","helptopic":"hjälpämne","agreement":"Jag godkänner {EsriPrivacyStatement} (och {Supplement}).","esriprivacystatement":"Esris integritetsmeddelande","supplement":"Tillägg","disclaimerpt2":"AI-genererat innehåll kan vara felaktigt. Granska innan användning.","replaceineditor":"Ersätt all kod i redigeraren","keepinmind":"Tänk på följande:","beconsise":"Var koncis, men även tydlig i din förfrågan","avoidambiguity":"Undvik ambiguitet och vaghet","documentation":"dokumentation","useexamples":"Använd exempel för att förtydliga din förfrågan","moredetails":"Du behöver inte använda exakta fältnamn i dina anvisningar, men fler detaljer är vanligtvis bättre","seedocumentation":"Se {documentation} för mer information, inklusive begränsningar och ytterligare resurser.","assistantinformation":"Assistentinformation","profilecontextlabel":"Profilkontext: {profileId}","layercontextlabel":"Lagerkontext: {layerName}","numlayers":"{numLayers} {layerOrLayers}","numlayersplural":"lager","numlayerssingular":"lager","responsecontext":"Svarskontext","error":"Fel","copytoclipboard":"Kopiera kod till urklipp","copyprompttoclipboard":"Kopiera uppmaning till urklipp","copiedsuccessfully":"Kopierat","helpful":"Användbart","unhelpful":"Inte användbart","prompsuggestion1":"Avrunda värdet till en decimal","prompsuggestion2":"Returnera Ja om värde > 10","assistantcontext":"Å_Assistant context__________________ö","context":"Å_Context_______________ö","contextreduced":"Å_Context reduced________________ö","contextreducedmessage":"Å_Some profile variable values are too large to send to the assistant. They have been reduced to ensure a successful request_______________________________________________________________ö.","contexttoobig":"Å_Context size exceeds the assistant's limit_______________________ö.","opencontextmenu":"Å_Open context menu__________________ö","opencontextmenutitle":"Å_Open context menu__________________ö","contexttoobigtitle":"Å_Context size exceeds the assistant's limit. Use the checkboxes to reduce the size of the context__________________________________________________ö.","contextcalltoaction":"Å_Use the checkboxes in the context menu to reduce the size of the context______________________________________ö.","contextitems":"Å_context items______________ö","contextexplainer":"Å_Context item counts are calculated from the relative size the variable will add to the assistant's context payload___________________________________________________________ö.","donotincludepersonalinfo":"Å_Do not include personal or sensitive information_________________________ö","feedbackhelps":"Å_Your feedback will be used to improve Esri products and services. {LearnMore} about how this data is used______________________________________________________ö.","interactiveblocks":"Å_Interactive blocks___________________ö","legaldisclaimer":"Å_Legal disclaimer_________________ö","cancel":"Å_Cancel_____________ö"}