{"area":"Suprafaţă","componentLabel":"Măsurarea zonei","hint":"Începeți măsurarea făcând clic în scenă pentru a plasa primul punct.","newMeasurement":"Măsurare nouă","perimeterLength":"Perimetru","snappingDisablePrompt":"Apăsați și mențineți apăsată tasta Ctrl pentru a dezactiva temporar fixarea.","snappingDisablePromptAlternate":"Mențineți apăsată tasta Ctrl pentru a dezactiva temporar fixarea.","unit":"Unitate","unsupported":"Măsurarea suprafeței 3D este acceptată doar în SceneView."}