{"area":"Fläche","componentLabel":"Flächenmessung","hint":"Beginnen Sie die Messung, indem Sie in die Szene klicken, um den ersten Punkt zu platzieren.","newMeasurement":"Neue Messung","perimeterLength":"Umfang","snappingDisablePrompt":"Halten Sie die Strg-Taste gedrückt, um die Fangfunktion vorübergehend zu deaktivieren.","snappingDisablePromptAlternate":"Halten Sie die Strg-Taste gedrückt, um die Fangfunktion vorübergehend zu deaktivieren.","unit":"Einheit","unsupported":"Die 3D-Flächenmessung wird nur in SceneView unterstützt."}