{"area":"면적","componentLabel":"면적 측정","hint":"씬에서 클릭해 첫 번째 포인트를 배치하여 측정을 시작합니다.","newMeasurement":"새 측정","perimeterLength":"둘레","snappingDisablePrompt":"Ctrl 키를 길게 누르면 스내핑이 일시적으로 비활성화됩니다.","snappingDisablePromptAlternate":"Ctrl 키를 누르고 있으면 스내핑이 일시적으로 비활성화됩니다.","unit":"유닛","unsupported":"씬 뷰에서는 3D 영역 측정만 지원됩니다."}