{"area":"שטח","componentLabel":"מדידת שטח","hint":"התחל למדוד על ידי לחיצה בסצנה כדי להציב את הנקודה הראשונה.","newMeasurement":"מדידה חדשה","perimeterLength":"היקף","snappingDisablePrompt":"לחץ והחזק את מקש Ctrl כדי להשבית זמנית הצמדה.","snappingDisablePromptAlternate":"החזק את מקש Ctrl כדי להשבית זמנית הצמדה.","unit":"יחידה","unsupported":"מדידת אזור בתלת-ממד נתמכת רק ב-SceneView."}