{"area":"Περιοχή","componentLabel":"Μέτρηση εμβαδού","hint":"Ξεκινήστε τη μέτρηση κάνοντας κλικ στη 3D προβολή για να τοποθετήσετε το πρώτο σας σημείο.","newMeasurement":"Νέα μέτρηση","perimeterLength":"Περίμετρος","snappingDisablePrompt":"Πατήστε και κρατήστε πατημένο το πλήκτρο Ctrl για να απενεργοποιήσετε προσωρινά την αγκίστρωση.","snappingDisablePromptAlternate":"Κρατήστε πατημένο το πλήκτρο Ctrl για να απενεργοποιήσετε προσωρινά την αγκίστρωση.","unit":"Μονάδα","unsupported":"Η μέτρηση εμβαδού 3D υποστηρίζεται μόνο στο SceneView."}