{"area":"Площ","componentLabel":"Измерване на област","hint":"Започнете да измервате, като натиснете върху сцената, за да поставите първата си точка.","newMeasurement":"Ново измерване","perimeterLength":"Периметър","snappingDisablePrompt":"Натиснете и задръжте клавиша Ctrl, за да деактивирате временно прилепване.","snappingDisablePromptAlternate":"Задръжте клавиша Ctrl, за да деактивирате временно прилепване.","unit":"Единица","unsupported":"3D измерването на областта се поддържа само в SceneView."}