{"area":"Area","componentLabel":"Misurazioni dell'area","hint":"Iniziare a misurare facendo clic sulla scena per posizionare il primo punto.","newMeasurement":"Nuova misurazione","perimeterLength":"Perimetro","snappingDisablePrompt":"Tenere premuto il tasto Ctrl per disabilitare temporaneamente la gestione delle tolleranze.","snappingDisablePromptAlternate":"Tenere premuto il tasto Ctrl per disabilitare temporaneamente la gestione delle tolleranze.","unit":"Unità","unsupported":"La misurazione dell'area 3D è supportata solo in SceneView."}