{"area":"Terület","componentLabel":"Területmérés","hint":"Kezdje el a mérést úgy, hogy belekattint a 3D térképbe az első pont elhelyezéséhez.","newMeasurement":"Új mérés","perimeterLength":"Kerület","snappingDisablePrompt":"A Ctrl billentyű lenyomva tartásával ideiglenesen letilthatja a hozzáillesztést.","snappingDisablePromptAlternate":"Tartsa lenyomva a Ctrl billentyűt a hozzáillesztés ideiglenes kikapcsolásához.","unit":"Mértékegység","unsupported":"A 3D terület mérését csak a SceneView támogatja."}