{"area":"エリア","componentLabel":"エリアの計測","hint":"シーンで始点となる位置をクリックし、計測を開始します。","newMeasurement":"新しい計測","perimeterLength":"外周","snappingDisablePrompt":"Ctrl キーを押したままにすると、スナップが一時的に無効になります。","snappingDisablePromptAlternate":"Ctrl キーを押したままにすると、スナップが一時的に無効になります。","unit":"単位","unsupported":"3D の面積計測は SceneView でのみサポートされます。"}