{"area":"Superficie","componentLabel":"Mesure de la superficie","hint":"Commencez à mesurer en cliquant dans la scène pour placer le premier point.","newMeasurement":"Nouvelle mesure","perimeterLength":"Périmètre","snappingDisablePrompt":"Appuyez sur la touche Ctrl et maintenez-la enfoncée pour désactiver provisoirement la capture.","snappingDisablePromptAlternate":"Maintenez la touche Ctrl enfoncée pour désactiver provisoirement la capture.","unit":"Unité","unsupported":"La mesure de la superficie 3D est uniquement prise en charge dans les vues de scène."}