{"area":"พื้นที่","componentLabel":"การวัดพื้นที่","hint":"เริ่มวัดโดยการคลิกในซีนเพื่อวางจุดแรกของคุณ","newMeasurement":"การวัดใหม่","perimeterLength":"เส้นรอบรูป","snappingDisablePrompt":"กดแป้น Ctrl ค้างไว้เพื่อปิดใช้งานการสแน็ปชั่วคราว","snappingDisablePromptAlternate":"กดแป้น Ctrl ค้างไว้เพื่อปิดใช้งานการสแน็ปชั่วคราว","unit":"หน่วย","unsupported":"รองรับการวัดพื้นที่ 3D เฉพาะใน SceneView"}