{"area":"Площа","componentLabel":"Вимірювання площі","hint":"Почніть вимірювання, натиснувши на сцені для розміщення першої точки.","newMeasurement":"Нове вимірювання","perimeterLength":"Периметр","snappingDisablePrompt":"Натисніть і утримуйте клавішу Ctrl, щоб тимчасово вимкнути замикання.","snappingDisablePromptAlternate":"Утримуйте клавішу Ctrl, щоб тимчасово вимкнути замикання.","unit":"Одиниця","unsupported":"Вимірювання 3D-областей підтримується тільки в SceneView."}