{"area":"Diện tích","componentLabel":"Đo Diện tích","hint":"Bắt đầu đo bằng cách nhấp vào scene để đặt điểm đầu tiên.","newMeasurement":"Phép đo lường mới","perimeterLength":"Chu vi","snappingDisablePrompt":"Nhấn và giữ phím Ctrl để tạm thời tắt tính năng bắt điểm.","snappingDisablePromptAlternate":"Giữ phím Ctrl để tạm thời tắt tính năng bắt điểm.","unit":"Đơn vị","unsupported":"Chức năng đo diện tích 3D chỉ được hỗ trợ trong SceneView."}