{"area":"Teritorija","componentLabel":"Ploto matavimas","hint":"Norėdami pažymėti pirmąjį tašką, pradėkite matuoti spustelėdami sceną.","newMeasurement":"Naujas matavimas","perimeterLength":"Perimetras","snappingDisablePrompt":"Norėdami laikinai išjungti pritraukimą, paspauskite ir palaikykite klavišą Ctrl.","snappingDisablePromptAlternate":"Norėdami laikinai išjungti pritraukimą, laikykite nuspaudę klavišą Ctrl.","unit":"Erdvė","unsupported":"Trimatis ploto matavimas palaikomas tik SceneView."}