{"area":"Pinta-ala","componentLabel":"Alueen mittaus","hint":"Aloita mittaus napsauttamalla maisemaa ja sijoita ensimmäinen pisteesi.","newMeasurement":"Uusi mittaus","perimeterLength":"Ympärysmitta","snappingDisablePrompt":"Poista tartunta tilapäisesti käytöstä painamalla Ctrl-näppäintä ja pitämällä se painettuna.","snappingDisablePromptAlternate":"Poista tartunta tilapäisesti käytöstä pitämällä Ctrl-näppäin painettuna.","unit":"Yksikkö","unsupported":"Kolmiulotteista alueen mittausta tuetaan vain SceneView-sovelluksessa."}