{"area":"Laukums","componentLabel":"Laukuma mērījums","hint":"Sāciet mērīt, noklikšķinot scēnā, lai novietotu savu pirmo punktu.","newMeasurement":"Jauna mērvienība","perimeterLength":"Perimetrs","snappingDisablePrompt":"Nospiediet un turiet taustiņu Ctrl, lai īslaicīgi atspējotu pielipināšanu.","snappingDisablePromptAlternate":"Turiet nospiestu taustiņu Ctrl, lai īslaicīgi atspējotu pielipināšanu.","unit":"Vienība","unsupported":"3D platības mērīšana tiek atbalstīta tikai SceneView režīmā."}