{"area":"Obszar","componentLabel":"Pomiar pola powierzchni","hint":"Rozpocznij pomiar, klikając na scenie, aby umieścić pierwszy punkt.","newMeasurement":"Nowy pomiar","perimeterLength":"Obwód","snappingDisablePrompt":"Naciśnij i przytrzymaj klawisz Ctrl, aby tymczasowo wyłączyć funkcję dociągania.","snappingDisablePromptAlternate":"Przytrzymaj klawisz Ctrl, aby tymczasowo wyłączyć funkcję dociągania.","unit":"Jednostka","unsupported":"Pomiar pola powierzchni 3D jest obsługiwany tylko w komponencie SceneView."}