{"area":"Alan","componentLabel":"Alan Ölçümü","hint":"İlk noktanızı yerleştirmek için sahneye tıklayarak ölçüme başlayın.","newMeasurement":"Yeni ölçüm","perimeterLength":"Çevre","snappingDisablePrompt":"Yakalamayı geçici olarak devre dışı bırakmak için Ctrl tuşuna basın ve basılı tutun.","snappingDisablePromptAlternate":"Yakalamayı geçici olarak devre dışı bırakmak için Ctrl tuşunu basılı tutun.","unit":"Birim","unsupported":"3B alan ölçümü sadece SceneView’da desteklenir."}