{"area":"Площадь","componentLabel":"Измерение площади","hint":"Начать измерение, щелкнув сцену, чтобы разместить первую точку.","newMeasurement":"Новое измерение","perimeterLength":"Периметр","snappingDisablePrompt":"Нажмите и удерживайте клавишу Ctrl для временного отключения замыкания.","snappingDisablePromptAlternate":"Удерживайте клавишу Ctrl для временного отключения замыкания.","unit":"Единицы измерения","unsupported":"3D-измерение площади поддерживается только в виде сцены."}