{"area":"المنطقة","componentLabel":"قياس المنطقة","hint":"ابدأ القياس بالنقر داخل المشهد لتحديد النقطة الأولى.","newMeasurement":"قياس جديد","perimeterLength":"محيط الشكل","snappingDisablePrompt":"اضغط مع الاستمرار على مفتاح Ctrl لتعطيل الانطباق مؤقتًا.","snappingDisablePromptAlternate":"اضغط باستمرار على مفتاح Ctrl لتعطيل الانطباق مؤقتًا.","unit":"وحدة","unsupported":"قياس المنطقة ثلاثية الأبعاد مدعوم فقط في SceneView."}