{"close":"Uždaryti","console":"Konsolė","output":"Išvestis","log":"Žurnalas","consolemessage":"Naudokite konsolės funkciją pranešimams išvesti.","lastexecutionformat":"Paskutinis vykdymas {timeStamp}","compilationtimeformat":"Kompiliavimas {time}","executiontimeformat":"Vykdymas {time}","runscriptmessage":"Nėra išvesties, paleiskite scenarijų.","showingfirstitemsformat":"(Rodomi pirmieji {count} elem.)","executionerrorformat":"Testo vykdymo klaida: {message}. Patikrinkite testo duomenis.","loading":"Į_Loading_______________š","results":"Į_Results_______________š"}