{"close":"Fechar","console":"Consola","output":"Saída","log":"Registo","consolemessage":"Utilize a função de Consola para mensagens de saída.","lastexecutionformat":"Última execução: {timeStamp}","compilationtimeformat":"Compilação: {time}","executiontimeformat":"Execução: {time}","runscriptmessage":"Sem saída, execute o script uma vez.","showingfirstitemsformat":"(A exibir os primeiros {count} itens)","executionerrorformat":"Erro de teste de execução: {message}. Verifique os dados de teste.","loading":"ã_Loading_______________Ç","results":"ã_Results_______________Ç"}