{"close":"Sule","console":"Konsool","output":"Väljund","log":"Logi","consolemessage":"Kasutage väljundsõnumite puhul konsoolifunktsiooni.","lastexecutionformat":"Viimane täitmine {timeStamp}","compilationtimeformat":"Kompileerimine {time}","executiontimeformat":"Täitmine {time}","runscriptmessage":"Väljund puudub. Käivitage skript ühe korra.","showingfirstitemsformat":"(Kuvatakse esimesed {count} üksust)","executionerrorformat":"Testi käitamise tõrge: {message}. Kontrollige testandmeid.","loading":"Š_Loading_______________ä","results":"Š_Results_______________ä"}