{"close":"Затваряне","console":"Конзола","output":"Изход","log":"Регистрационни файлове","consolemessage":"Използвайте функцията на конзолата, за да извеждате съобщения.","lastexecutionformat":"Последно изпълнение {timeStamp}","compilationtimeformat":"Компилация {time}","executiontimeformat":"Изпълнение {time}","runscriptmessage":"Няма резултат, стартирайте скрипта веднъж.","showingfirstitemsformat":"(Показване на първите {count} елементи)","executionerrorformat":"Грешка при изпълнение на теста: {message}. Проверете тестовите данни.","loading":"й_Loading_______________й","results":"й_Results_______________й"}