{"close":"Fechar","console":"Console","output":"Saída","log":"Log","consolemessage":"Utilize a função Console para mensagens de saída.","lastexecutionformat":"Última execução {timeStamp}","compilationtimeformat":"Compilação {time}","executiontimeformat":"Execução {time}","runscriptmessage":"Nenhuma saída, execute o script uma vez.","showingfirstitemsformat":"(Mostrar primeiros {count} itens)","executionerrorformat":"Erro de execução do teste: {message}. Verifique os dados de teste.","loading":"ã_Loading_______________Ç","results":"ã_Results_______________Ç"}