{"close":"Bezárás","console":"Konzol","output":"Kimenet","log":"Napló","consolemessage":"Konzolfunkció használata az üzenetek megjelenítéséhez.","lastexecutionformat":"Legutolsó végrehajtás {timeStamp}","compilationtimeformat":"Összeállítás {time}","executiontimeformat":"Végrehajtás {time}","runscriptmessage":"Nincs kimenet, futtassa a szkriptet egyszer.","showingfirstitemsformat":"(Első {count} elem megjelenítése)","executionerrorformat":"Tesztvégrehajtási hiba: {message}. Ellenőrizze a tesztadatokat.","loading":"í_Loading_______________ő","results":"í_Results_______________ő"}