{"close":"סגירה","console":"מסוף","output":"פלט","log":"לוג","consolemessage":"השתמש בפונקציה 'מסוף' להפקת הודעות.","lastexecutionformat":"ביצוע אחרון {timeStamp}","compilationtimeformat":"קומפילציה {time}","executiontimeformat":"ביצוע {time}","runscriptmessage":"אין פלט, הרץ את הסקריפט פעם אחת.","showingfirstitemsformat":"(מציג את {count} הפריטים הראשונים)","executionerrorformat":"שגיאת ביצוע בדיקה: {message}. אמת נתוני בדיקה.","loading":"כן_Loading_______________ש","results":"כן_Results_______________ש"}