{"close":"Tanca","console":"Consola","output":"Sortida","log":"Registre","consolemessage":"Utilitzeu la funció Consola per emetre missatges.","lastexecutionformat":"Darrera execució {timeStamp}","compilationtimeformat":"Compilació {time}","executiontimeformat":"Execució {time}","runscriptmessage":"No hi ha sortida, executa l'script una vegada.","showingfirstitemsformat":"(Mostrant els primers {count} elements)","executionerrorformat":"Error d'execució de la prova: {message}. Comproveu les dades de prova.","loading":"ó_Loading_______________à","results":"ó_Results_______________à"}