{"close":"Закрыть","console":"Консоль","output":"Выходные данные","log":"Журнал","consolemessage":"Используйте консольную функцию для выходных сообщений.","lastexecutionformat":"Последний запуск {timeStamp}","compilationtimeformat":"Компиляция {time}","executiontimeformat":"Выполнение {time}","runscriptmessage":"Нет выходных данных, запустите скрипт один раз.","showingfirstitemsformat":"(Показаны первые {count} элементов)","executionerrorformat":"Ошибка выполнения теста: {message}. Проверьте тестовые данные.","loading":"Ж_Loading_______________Я","results":"Ж_Results_______________Я"}