{"close":"Zatvoriť","console":"Konzola","output":"Výstup","log":"Log","consolemessage":"Na výstup správ použite funkciu Konzoly.","lastexecutionformat":"Posledné spracovanie {timeStamp}","compilationtimeformat":"Kompilácia {time}","executiontimeformat":"Spracovanie {time}","runscriptmessage":"Žiaden výstup, spustiť skript raz.","showingfirstitemsformat":"(Zobrazuje sa prvých {count} položiek)","executionerrorformat":"Chyba pri vykonávaní testu: {message}. Overiť dáta testu.","loading":"ĺ_Loading_______________ľ","results":"ĺ_Results_______________ľ"}