{"close":"Fermer","console":"Console","output":"Sortie","log":"Journal","consolemessage":"Utilisez la fonction de console pour générer des messages.","lastexecutionformat":"Dernière exécution {timeStamp}","compilationtimeformat":"Compilation {time}","executiontimeformat":"Exécution {time}","runscriptmessage":"Aucune sortie. Exécutez le script une fois.","showingfirstitemsformat":"(Affichage des {count} premiers éléments)","executionerrorformat":"Erreur d’exécution du test : {message}. Vérifiez les données de test.","loading":"æ_Loading_______________Â","results":"æ_Results_______________Â"}