{"close":"Κλείσιμο","console":"Κονσόλα","output":"Έξοδος","log":"Αρχείο καταγραφής","consolemessage":"Χρησιμοποιήστε τη λειτουργία κονσόλας για την εξαγωγή μηνυμάτων","lastexecutionformat":"Τελευταία εκτέλεση {timeStamp}","compilationtimeformat":"Μεταγλώττιση {time}","executiontimeformat":"Εκτέλεση {time}","runscriptmessage":"Δεν υπάρχει έξοδος, πρέπει να εκτελέστε το σενάριο μία φορά.","showingfirstitemsformat":"(Εμφάνιση πρώτων {count} αντικειμένων)","executionerrorformat":"Σφάλμα εκτέλεσης δοκιμής: {message}. Επικύρωση δεδομένων δοκιμής.","loading":"π_Loading_______________Ω","results":"π_Results_______________Ω"}