{"close":"Cerrar","console":"Consola","output":"Salida","log":"Registro","consolemessage":"Utilizar función de Consola para generar mensajes.","lastexecutionformat":"Última ejecución {timeStamp}","compilationtimeformat":"Compilación {time}","executiontimeformat":"Ejecución {time}","runscriptmessage":"Sin salida; ejecute la secuencia de comandos una vez.","showingfirstitemsformat":"(Mostrando primeros {count} elementos)","executionerrorformat":"Error de ejecución de prueba: {message}. Verifique los datos de prueba.","loading":"á_Loading_______________Ó","results":"á_Results_______________Ó"}