{"close":"إغلاق","console":"وحدة التحكم","output":"الناتج","log":"سجل","consolemessage":"استخدام وظيفة وحدة التحكم لإخراج الرسائل.","lastexecutionformat":"آخر عملية تنفيذ {timeStamp}","compilationtimeformat":"تجميع {time}","executiontimeformat":"تنفيذ {time}","runscriptmessage":"لا يوجد مخرجات، شغّل البرنامج النصي مرة واحدة فقط.","showingfirstitemsformat":"(إظهار العناصر {count} الأولى)","executionerrorformat":"خطأ في تنفيذ الاختبار: {message}. التحقق من بيانات الاختبار.","loading":"بيت_Loading_______________لاحقة","results":"بيت_Results_______________لاحقة"}