{"close":"关闭","console":"控制台","output":"输出","log":"日志","consolemessage":"使用控制台 (Console) 函数输出消息。","lastexecutionformat":"最近执行 {timeStamp}","compilationtimeformat":"编辑 {time}","executiontimeformat":"执行 {time}","runscriptmessage":"无输出，运行一次脚本。","showingfirstitemsformat":"(显示前 {count} 个项目)","executionerrorformat":"测试执行错误：{message}。 验证测试数据。","loading":"试_Loading_______________验","results":"试_Results_______________验"}