{"close":"Sluiten","console":"Console","output":"Uitvoer","log":"Log","consolemessage":"Gebruik de Consolefunctie om berichten uit te voeren.","lastexecutionformat":"Laatst uitgevoerd {timeStamp}","compilationtimeformat":"Compilatie {time}","executiontimeformat":"Uitvoering {time}","runscriptmessage":"Geen uitvoer, voer het script één keer uit.","showingfirstitemsformat":"(Eerste {count} items worden weergegeven)","executionerrorformat":"Fout testuitvoering: {message}. Testgegevens controleren.","loading":"Ĳ_Loading_______________ä","results":"Ĳ_Results_______________ä"}