{"close":"Zapri","console":"Konzola","output":"Izhod","log":"Dnevnik","consolemessage":"Uporabite funkcijo Konzola za izhodna sporočila.","lastexecutionformat":"Zadnja izvedba {timeStamp}","compilationtimeformat":"Kompilacija {time}","executiontimeformat":"Izvedba {time}","runscriptmessage":"Ni rezultatov, zaženite skript enkrat.","showingfirstitemsformat":"(Prikaz prvih {count} elementov)","executionerrorformat":"Sporočilo o napaki izvedbe testa: {message}. Preveri testne podatke.","loading":"Š_Loading_______________č","results":"Š_Results_______________č"}