{"close":"閉じる","console":"コンソール","output":"出力","log":"ログ","consolemessage":"コンソール機能を使用してメッセージを出力します。","lastexecutionformat":"最後の実行 {timeStamp}","compilationtimeformat":"コンパイル {time}","executiontimeformat":"実行 {time}","runscriptmessage":"出力はありません。このスクリプトを 1 回実行してください。","showingfirstitemsformat":"(最初の {count} アイテムを表示しています)","executionerrorformat":"テストの実行エラー: {message}。 テスト データを確認してください。","loading":"須_Loading_______________鷗","results":"須_Results_______________鷗"}