{"close":"Aizvērt","console":"Konsole","output":"Izvade","log":"Žurnāls","consolemessage":"Izmantojiet konsoles funkciju izejošajiem ziņojumiem.","lastexecutionformat":"Pēdējā izpilde {timeStamp}","compilationtimeformat":"Kompilācija {time}","executiontimeformat":"Izpilde {time}","runscriptmessage":"Nav izvades, vienreiz palaidiet skriptu.","showingfirstitemsformat":"(Rāda pirmās {count} vienības)","executionerrorformat":"Testa izpildes kļūda: {message}. Pārbaudīt testa datus.","loading":"ķ_Loading_______________ū","results":"ķ_Results_______________ū"}