{"close":"Zatvori","console":"Konzola","output":"Izlaz","log":"Evidencija","consolemessage":"Koristite funkciju konzole za izlazne poruke.","lastexecutionformat":"Poslednje izvršenje {timeStamp}","compilationtimeformat":"Kompilacija {time}","executiontimeformat":"Izvršenje {time}","runscriptmessage":"Nema izlaza, pokrenite skriptu jednom.","showingfirstitemsformat":"(Prikazivanje prvih {count} stavki)","executionerrorformat":"Greška prilikom izvršenja testa: {message}. Verifikacija podataka za test.","loading":"Č_Loading_______________ž","results":"Č_Results_______________ž"}